-1:08	B 5	
-1:08	凝固	
-1:06	ラザフォードアーネスト	こいつらいっつも椎名唯華を待ってんな
-1:05	zale	8人も居たら部屋集合するのとディスコの部屋わけで時間かかるからねしょうがないね
-1:02	k nisino	
-1:01	ひめかわ	
-0:58	カービィ	
-0:55	manio _AKG	
-0:54	ふぉるす	
-0:52	涙目さん	
-0:52	西アマネ	
-0:52	なぎのこ	
-0:52	ミッシェル	
-0:51	モコモコ	♯おきろ
-0:49	うにあ	そんな簡単にできんからね
-0:49	株助	
-0:48	kbf kbf	
-0:47	うりす	
-0:46	抹茶抹茶	一つだけスタンプのクオリティ高いのなんか草
-0:45	しゃけねこ	
-0:44	稲羽	
-0:42	エーピー	始ま
-0:42	長岡	
-0:41	おおたの	うおおおおおおおお
-0:40	陽介	
-0:37	akira	
-0:35	S K	
-0:32	なだきょう	しぃしぃ！？
-0:27	エアプ学会名誉会長	
-0:26	ひめかわ	
-0:26	心刃	
-0:24	しゃけねこ	
-0:23	リョコウバト	ワンチャンヒムとエビオが遅刻してる説
-0:22	くろねこ	
-0:16	エアプ学会名誉会長	
-0:16	S K	
-0:16	ヘィヴンダックス	まぁ始めるらしいし起きてるだろうけど
-0:15	れいん	
-0:15	徳川家康	
-0:14	NPC 59	
-0:11	ポッピン	
-0:09	ロ一ツェ	
-0:09	Ku ro	
-0:09	まぬーーーーーーん	
-0:07	zale	よゆみにスタンプ作成料払って差し上げろ
-0:07	イープカ	ごめねむ
-0:06	長岡	あっ（察し）
-0:03	めんとす	
-0:03	ニーソックス	
-0:01	みなみ	
0:01	しゃけねこ	
0:01	てぃれもん	
0:01	かわ3	ツイート
0:02	Metallic	
0:02	るみねん	
0:02	りょうちゃん	ツイートできて
0:02	ひめかわ	ついえら
0:03	でんあつ	ツイート
0:04	ぷりっつPretz	ツイート
0:04	ねこさん1号	ついえら
0:04	クレシアン	ついえら
0:04	Rei_ S2	ついえら
0:04	Yuuki	ツイート
0:04	rosugi	ついえら
0:05	しーく	ツイート
0:05	静岡	
0:05	ポッピン	
0:05	ななかな	ツイート
0:05	archer	ついえら
0:05	うにあ	
0:06	こまち	ツイートえらい
0:07	エーピー	
0:08	モコモコ	つい
0:08	つなつな	
0:08	電池切れ33	ついえら
0:08	稲羽	
0:09	アルマ	
0:09	西アマネ	ついえら
0:09	ガリレオ	ツイート偉すぎる
0:09	ラザフォードアーネスト	えらすぎる
0:09	かおう_____ta	
0:09	ぴーわいおー	
0:10	ぎるがめっしゅ	ツイート
0:10	ミカグラ	ツイ
0:10	もこもこありえす	きたきた
0:10	しとり	ツイート
0:11	あさむ	
0:12	弾当てられない	
0:12	しゃけねこ	
0:12	しーく	
0:12	Keys	きちゃ
0:12	pelle	
0:12	ラクタムβ	
0:13	てぃれもん	
0:13	たべっちかにっち	
0:13	うりす	ついえら
0:14	シャムねこ	て
0:14	archer	
0:14	かわ3	
0:14	ひこわさ	
0:14	ぐだのすけ	
0:14	pankys	
0:15	へっぽこなつ。	
0:16	なぎのこ	
0:16	エルベル	
0:16	瓦斯灯	
0:16	西アマネ	
0:16	リョコウバト	ついえら
0:17	かざ	
0:17	ukurai	
0:17	ロ一ツェ	ついえら
0:17	ひがしのそら	
0:17	液体金属	
0:17	yasu fuji	全員うまく枠取れるかな？
0:17	みなみ	
0:18	S K	
0:18	稲羽	
0:18	Aris	
0:18	エアプ学会名誉会長	
0:19	ふくざわゆきち	えらい
0:19	ぷりっつPretz	
0:19	taketo RONA	
0:19	イープカ	
0:19	けんばく	
0:19	みんつ	
0:20	みずなぎ	きちゃ
0:20	みなみ	
0:21	松井、	おはしいな
0:21	八神みや	おはしーなー
0:21	焼きナス	
0:21	陽介	このチーム枠狭いな
0:21	ミドレー	
0:22	まっぴー	ツイートできてえらい
0:22	Iceman	
0:22	はいどれ	
0:22	ネムイ	
0:22	リョウ	
0:22	kbf kbf	おはプラベ～
0:22	レイゴジラ	
0:23	れいん	
0:23	さちくろ	
0:23	Rコディーノ	
0:23	みなと	
0:24	アキパン	きちゃ～
0:24	おおたの	き
0:25	心刃	
0:26	ノガミ	
0:26	ターニングポイント	
0:26	春光雪	大福が２つ！？
0:26	NoName	
0:27	KeyKey	
0:27	クレシアン	
0:27	ざんまいTF	きちゃー
0:27	うにあ	
0:28	陽介	
0:28	シズク	ついえら
0:29	チンジャオラー	
0:29	まあライオン	
0:30	́しょーゆー	ツイート
0:30	茄雪	
0:30	Mine	
0:30	しとり	
0:30	長岡	
0:30	ぶたから	
0:31	エリンギの精霊	
0:31	B 5	
0:31	ざんまいTF	
0:32	かずき	
0:32	fulひゅーる	
0:32	でんあつ	
0:32	akira	
0:33	まさなる	過言
0:33	ゆり•	きちゃあ
0:33	Metallic	
0:34	ぺねみ	
0:34	zale	本当に最強か？
0:34	あらいひと	
0:34	acacaca ca	
0:35	ぐだのすけ	そうでもないｗ
0:35	かおう_____ta	最強だーー！！！！
0:35	ミカグラ	
0:35	とおのマン	
0:36	心刃	眠さましましで草
0:37	青いザリガニ	
0:37	PPP	最･･･強･･･？
0:38	ぐうじえ	
0:38	洛水佑馬	
0:38	じゅるり	
0:38	神田ノ	
0:38	ざんまいTF	そうでもない！
0:38	B. D.	そーでもない
0:39	ななかな	
0:39	無垢-muku-	
0:40	ぜろぱか	おはしいな～ 開幕あくびかわいい
0:40	アキパン	最強だ！
0:41	伊豆半島	草
0:41	森啓	
0:41	ぽたもげ	
0:41	rosugi	最強だああああああ
0:41	黎明卿新しきボンドルド	
0:41	G3R	
0:41	yasu fuji	そうでもない最強
0:42	けんばく	よっしゃー
0:42	Replica 00	
0:42	楪*	
0:42	ガリレオ	
0:42	Virra	そうでもない草
0:42	シャムねこ	おはスプラ
0:42	たべっちかにっち	最強だぁ！
0:43	しゃけねこ	草
0:44	篝火カガリビ	そうでもない
0:44	acacaca ca	
0:45	うにあ	自称すぎるｗ
0:45	da pan	ゴーミーズもちまんじゅうううう
0:46	うりす	そうでもない（謙虚
0:47	ふぉるす	
0:47	ダックスフント	
0:47	かめむし	おは大福〜
0:48	kou	
0:48	。メガネが本体	
0:49	ひまみずお	
0:50	すまんも	
0:50	ラインナップ	おはスプラ
0:51	桃purée	全員自称
0:51	エムディ	まんまる こんばんは 頑張ってね〜
0:52	ヘィヴンダックス	最強なんですよね〜
0:52	桃花	おはしいな～
0:52	g t	エビマルてぇてぇ
0:53	八神みや	アブラハム
0:53	あかあか	
0:54	クロコマ	
0:55	がらなちゃん	
0:55	みんちこ	
0:55	りょうちゃん	おおおおお！
0:56	てぃれもん	いえーい！
0:57	ゴッツ	
0:57	あいす。	
0:58	うどんこねっと	おは最強～
0:58	めじぇど	両脇にならんでるのかわいい
1:01	ぐだのすけ	7先！！
1:01	うにあ	ガチだーーー
1:01	kbf kbf	しゃー
1:02	rim toopogi	おはガチプラベ〜
1:02	すすなす	bo15
1:04	かおう_____ta	よっしゃああああ！！！！
1:04	ましゅ.	画面狭くね？
1:04	LEON	
1:05	松井、	最強だー！
1:06	液体金属	なんかイケメンがマスコット召還しとるな
1:07	ヤンスでヤンス	
1:09	ヘィヴンダックス	うおおおおおおおおおおお
1:10	taketo RONA	最強とは
1:10	めぐすけ	
1:11	ぎるがめっしゅ	
1:12	放浪者	
1:14	クレシアン	草
1:15	archer	うおおおおおおおおおお
1:15	うにあ	ｗｗ
1:16	Rei_ S2	こいつらいつも最強決めてんな
1:17	なだきょう	草
1:17	とろんべー	
1:17	オルマン	
1:18	木目	
1:18	エアプ学会名誉会長	馬鹿野郎！これは大福と饅頭だ！！！
1:19	ねこわん	
1:19	星野空	まるで今まで本気ではなかったみたいな
1:22	かおう_____ta	がんばれええええ！！！
1:23	zale	ヒムと椎名のコンビすき
1:24	イープカ	すごいよろこぶぞうおおお
1:24	manio _AKG	
1:24	cana bob	最強集団！！
1:29	あかるる	むこうのチームもつえぇな
1:30	ぴぴ	
1:32	てぃれもん	草
1:33	Hector	
1:33	wu wa	喜べるんだ～ｗ
1:33	しーく	草
1:33	青いザリガニ	草
1:33	うにあ	ｗｗ
1:35	しゃけねこ	草
1:37	長岡	顔でかいのが二人おるな
1:37	みずなぎ	草
1:41	エーピー	このチーム
1:42	シャムねこ	こっちのチーム画面狭くね？
1:44	Taku.	
1:45	かおう_____ta	草
1:46	うにあ	むずいなｗｗ
1:50	しゃけねこ	草
1:50	心刃	草
1:52	んーひー	椎名の声だけちょっと大きいかも
1:53	ネムイ	草
1:56	黎明卿新しきボンドルド	草
1:56	ちくわぶ	草
1:56	kou	エビマル配置助かる
2:00	ぐだのすけ	りつきん～！！
2:03	めんとす	しゃああああ
2:04	kou	さく…
2:04	文京区	(ほん)
2:05	taketo RONA	さくゆいが繋がってることしか知らんw
2:05	ミカグラ	イケメン二人と大福と饅頭かな
2:07	かん太郎999	
2:09	とろんべー	75パークズは草
2:15	長岡	さくゆい助かる
2:17	́しょーゆー	でかーい
2:18	うにあ	ｗｗ
2:18	kamitama	
2:19	かおう_____ta	よしゃあああす
2:19	カービィ	清楚枠…？
2:20	ヘィヴンダックス	流れるような挨拶
2:23	ぐだのすけ	草
2:23	てぃれもん	草
2:24	ミドレー	こっちあ行多い
2:24	心刃	草
2:25	りょうちゃん	草
2:26	くろいうさぎ	返事適当好き
2:28	松井、	75%
2:29	しゃけねこ	草
2:29	B 5	九ｓ
2:29	manio _AKG	草
2:30	serizawa ben	エビマルいいですねえ！
2:30	da pan	新衣装がまだないからねｗ
2:33	かおう_____ta	それ気になってたｗ
2:34	メインクーン	ささふわって二人Xやけどバランス大丈夫なんかな
2:34	こまち	草
2:36	静岡	
2:36	ささみ	相槌が適当すぎる
2:37	Shiro	＼ʕ •ᴥ•ʔ／
2:37	ぽりめらーぜ!	？
2:38	エムディ	まんまる〜ファイト〜
2:41	モコモコ	なんて？
2:41	アキパン	草
2:42	イープカ	なんて？
2:42	長岡	何て？
2:43	taketo RONA	なんて？w
2:43	凝固	なんて？
2:44	まさなる	なんて？？
2:44	kbf kbf	え？
2:44	ヘィヴンダックス	なんて？
2:44	うどんこねっと	なんて？
2:44	2 LCOM	なんて？
2:45	陽介	なんてw
2:45	けんばく	なんて？
2:45	とおのマン	え？
2:45	あかるる	ありゅすありゅまりゅ
2:45	もこもこありえす	なんて？
2:45	まあライオン	あうすあーまう
2:45	ふぉるす	なんて？
2:46	なだきょう	草
2:46	うにあ	なんでだって？？W
2:46	黎明卿新しきボンドルド	なんて？
2:46	たべっちかにっち	なんてｗ
2:46	ガリレオ	なんて？
2:46	ぽぽぽぽぽぽ	ふにゃふにゃで草
2:47	りょうちゃん	草
2:47	yasu fuji	あしゅあうまう
2:47	とろんべー	なんてー？
2:49	ぐだのすけ	あーしゃーま０
2:49	manio _AKG	なんて？
2:50	アンミツ	いつもの
2:50	なぎのこ	なんて？
2:51	ケンフー	椎名で４番目珍しいな
2:52	求-矢澤	草
2:53	めじぇど	なんて？
2:53	心刃	草
2:54	ぐだのすけ	草
2:55	Tながおか	草
2:56	バーヤ。	もちもちしすぎて聞き取れない
2:56	かおう_____ta	草
2:56	保存食品れもん	草
2:56	B 5	草
2:56	八神みや	それだけ？
2:57	かわ3	うぇ〜い
2:58	てぃれもん	草
2:59	みなみ	なんて？
3:01	manio _AKG	草
3:04	nimu	草
3:04	エーピー	草
3:04	うにあ	イだなｗ
3:06	Metallic	草
3:06	草蔦みかん/腐った蜜柑	ア行が多い
3:07	もこもこありえす	草
3:07	たべっちかにっち	つよいｗ
3:08	ぐだのすけ	いえーい
3:08	ヘィヴンダックス	いぇ〜い
3:10	́しょーゆー	えーい
3:11	かおう_____ta	ア行多いな
3:11	ラクタムβ	？？？
3:12	taketo RONA	あ行おおいなw
3:12	kbf kbf	え？
3:12	はいどれ	あ、い、え、で皆早いｗ
3:13	りょうちゃん	ほんまござ？
3:13	おこめ鳳仙鬼	
3:14	ミカグラ	してねえだろ！！
3:14	ぐだのすけ	草
3:14	Virra	草
3:14	神戸しゃれ	あいえし
3:14	アキパン	ほんまござ？
3:14	Aris	草
3:14	よこち	嘘つくな
3:14	抹茶抹茶	は？
3:14	とおのマン	え？？
3:14	うさみ	はい？
3:14	めんとす	？
3:15	かわ3	ほんまござ
3:15	もこもこありえす	流石やね〜
3:15	みなみ	嘘つけ！
3:15	かずき	草
3:15	Metallic	
3:15	スケルトン	？？？
3:16	ガリレオ	ほんまござ？
3:16	tyoro10	うそつけ
3:16	rosugi	お、そうだな
3:16	ケンフー	さっきだけだろ
3:16	モコモコ	ハードル上がったぞ？
3:16	まさなる	みんな出席番号早い
3:16	がる	草
3:16	青いザリガニ	あれ？
3:17	ネムイ	え？
3:18	́しょーゆー	うそやん！
3:19	ふりっつ	？？？？？
3:19	黎明卿新しきボンドルド	直前だけですよね？
3:19	ぎるがめっしゅ	草
3:20	manio _AKG	草
3:20	もこもこありえす	お、そうだな
3:20	るたろー	草
3:20	kamitama	絶対やってないぞ
3:20	凝固	ほんまござ？
3:20	P眼俠從未贏過	でか
3:21	ぽぽぽぽぽぽ	滅茶苦茶練習した（APEX）
3:21	Yuuki	草
3:21	B 5	（さっき）
3:21	まっぴー	うせやん
3:21	ターニングポイント	ついさっきだろ！
3:21	P sin	だうと！
3:21	́しょーゆー	
3:21	かおう_____ta	草
3:22	桃purée	さっきです
3:22	Iceman	草
3:22	too	草
3:23	zale	あ行おおいな
3:24	ごくごく民	エクスｗ
3:25	あばれウミガラス	
3:25	ゆの	
3:26	LEON	草
3:27	木目	分かりやすいなぁｗ
3:27	ねこわん	草
3:27	うりす	草
3:28	エーピー	草
3:28	もんもんワールド	練習（エペ）
3:28	リョコウバト	APEX をね
3:28	しーく	めちゃくちゃ
3:29	求-矢澤	虚言混じり！
3:29	行こうぜガンガン	あぺで練習してたもんな！
3:30	うにあ	ついさっきだけどなｗｗ
3:30	しゅーきしゅき	お、そうだな
3:30	放浪者	うそつけぇ！
3:32	ぐだのすけ	嘘看破されてて草
3:32	八神みや	うそだー
3:33	sho ma	草
3:34	もんぬサマー	練習してました（APEX
3:34	あきとん	草
3:35	kou	「楽しくない！！」
3:36	とろんべー	少なくとも配信ではしてねぇ！
3:38	ざんげ大好き	しぃしぃが時間通りいるのえらい！
3:40	FuRyu	apexと間違えてますよ
3:41	たこやきたいやき	APEX
3:43	ケンフー	音がｗ
3:44	Rei_ S2	APEX
3:44	てぃれもん	草
3:45	うにあ	ｗｗ
3:46	ぐだのすけ	草
3:46	りょうちゃん	草
3:48	facepalm	しぃしぃの声ちょい小さい
3:48	アキパン	草
3:49	イープカ	デボンドンマイ
3:49	陽介	草
3:54	たべっちかにっち	個人的にねｗ
3:54	エムディ	間違えてた、失礼します〜
3:55	ミカグラ	インクが出るAPEX
3:56	P sin	草
3:58	zale	アサリ居る？デボンは一生許されない
4:01	B 5	草
4:02	kbf kbf	あさりいる？
4:02	archer	あさりアンチ多いやろ
4:03	求-矢澤	草
4:05	松井、	アサリいらない草
4:06	ヘィヴンダックス	アサリいる？
4:07	もこもこありえす	グッバイアサリ
4:08	BA KO	エイムは上手くなってるから
4:08	pipo popo	しぃしぃの声小さい
4:09	しゃけねこ	草
4:10	da pan	4人部屋に移動してからかな音調整は
4:11	もんぬサマー	アサリ嫌われすぎて草
4:12	yasu fuji	アサリなんでそんなに人気ないんだ
4:12	ぐだのすけ	ヒムの一声きた
4:13	うにあ	一応なｗ
4:14	かおう_____ta	やるのかｗ
4:14	青いザリガニ	草
4:15	kbf kbf	草
4:15	カービィ	草
4:16	りょうちゃん	草
4:16	たべっちかにっち	草
4:16	Tながおか	一応な
4:17	イープカ	アサリボイチャありなら楽しそう
4:17	rosugi	アサリくん
4:18	T・レックス	アサリから逃げろ
4:18	まあライオン	不評だなｗ
4:19	心刃	草
4:19	とろんべー	アサリ不評で草
4:20	八神みや	ペアのときのヒムとしぃしぃつよかった
4:21	めじぇど	みんな嫌いだからこそやるという
4:22	うにあ	あさり嫌いすぎｗ
4:23	桃purée	アサリアンチ
4:24	めんとす	負けたほうがつまらないって言い出しそう
4:25	Rei_ S2	アサリは嫌われている
4:28	B 5	アサリ好きだけどなー
4:30	ガリレオ	アサリくん不憫
4:31	taketo RONA	A対B対O
4:36	かおう_____ta	草
4:36	心刃	ん？
4:37	よこち	草
4:37	kbf kbf	しぃ！？
4:37	ぐだのすけ	草
4:38	ターニングポイント	草
4:38	りょうちゃん	草
4:39	Metallic	草
4:40	Jump Around	C!?
4:40	てぃれもん	草
4:41	ぽぽぽぽぽぽ	しぃ！？
4:41	しゃけねこ	草
4:41	とろんべー	
4:41	アキパン	草
4:42	Yuuki	草
4:43	たべっちかにっち	草
4:43	シャムねこ	Cぃ！？
4:44	凝固	おや？
4:45	ごくごく民	しぃ？
4:45	エーピー	草
4:45	しーく	草
4:45	もこもこありえす	しぃ！？
4:45	うにあ	ｗｗ
4:45	Iceman	草
4:46	G3R	草
4:46	ヘィヴンダックス	荒ぶる通知音
4:47	まあライオン	しぃチーム
4:48	イープカ	しぃチーム！？
4:51	陽介	しぃ？
4:51	ぐだのすけ	草
4:51	心刃	草
4:52	エーピー	
4:53	かずき	草
4:53	まつまえ	草
4:53	archer	草
4:54	ケンフー	なんやねん
4:54	黎明卿新しきボンドルド	草
4:54	うにあ	ｂかよｗｗ
4:54	im	草
4:55	Metallic	草
4:55	かわ3	めちゃくちゃで草
4:55	ネムイ	草
4:55	ひがしのそら	草
4:55	nimu	草
4:56	はいどれ	めちゃめちゃだよ
4:56	しゃけねこ	草
4:57	木目	大丈夫かエビオｗ
4:57	うどんこねっと	えびお～
4:58	西アマネ	ガバガバで草
4:58	うさみ	草
4:58	りょうちゃん	解散か？
4:58	2 LCOM	草
4:58	カービィ	草
4:59	八神みや	このなかに裏切り者が
5:00	ガリレオ	草
5:02	ぐだのすけ	おぃぃ～草
5:03	Virra	グダグダの極み
5:06	sho ma	ボロボロで草
5:08	kbf kbf	ほんまござ？
5:09	たべっちかにっち	いいツッコミ
5:10	とろんべー	クーズだな
5:11	wu wa	雑！ｗ
5:12	ぽぽぽぽぽぽ	謎の第三勢力「C」
5:13	かおう_____ta	がんばれ！
5:13	zale	絆あるか？
5:15	株助	こっちのエースしぃしぃ？
5:16	アルマアルマ	ガバガバＢチーム
5:21	もんぬサマー	草
5:22	青亀	草
5:25	うにあ	ｗｗ
5:27	ケンフー	まるおってアルスかよ
5:29	木目	テンション上げてこうぜｗ
5:33	モコモコ	えびエースで塗りエース椎名かな？
5:35	りょうちゃん	わかばきちゃ！
5:45	てぃれもん	草
5:46	たべっちかにっち	草
5:46	うにあ	ｗｗ
5:47	アルマ	寝とる
5:47	カービィ	草
5:48	あらた。	ブラブラ草
5:48	しゃけねこ	草
5:48	黎明卿新しきボンドルド	草
5:49	めんとす	やめようよぉ！
5:49	しーく	草
5:50	SANA	でたでた
5:50	まつまえ	草
5:50	taketo RONA	強気すぎるw
5:52	Metallic	草
5:53	ぜろぱか	草
5:53	M	AiCe
5:54	バーヤ。	ブラ２は弱い
5:54	エーピー	草
5:54	うりす	あれを出すのかイブラヒム！？
5:55	ネムイ	草
5:55	ガリレオ	やめようよ！
5:56	ヘィヴンダックス	早速争ってて草
5:57	かおう_____ta	草
5:57	Nanano T	しぃしぃ魂抜けてる
5:57	うにあ	やめろおｗ
5:57	求-矢澤	オラオラ系草
5:57	Metallic	
5:58	B 5	草
5:59	桃purée	ラピブラ強いのに
5:59	シズク	草
5:59	とおのマン	草
6:00	2 LCOM	やめようよ！
6:00	アキパン	草
6:01	青いザリガニ	草
6:01	ターニングポイント	草
6:02	シャムねこ	草
6:02	るたろー	草
6:03	toy2	めちゃくちゃで草
6:03	なだきょう	草
6:03	駆け舞踏	草
6:04	あさむ	お、幸先いいな！
6:04	りょうちゃん	わちゃわちゃで草
6:04	zale	塗るならダイナモにしろ
6:05	株助	ロラブラもだいぶまずい
6:09	桃園あい	不仲かぁ？
6:09	ひまみずお	ロラブラ草
6:09	イープカ	前傾姿勢やなぁ
6:09	archer	エリアでキルしか狙わないのやばい
6:10	ねこわん	草
6:11	da pan	椎名さんがツッコミなのかよこのメンツｗ
6:11	木目	足並みぐだぐだじゃねーかｗ
6:12	ケンフー	いじめ止める子かよ
6:12	T・レックス	しぃしぃの負担でかいｗｗ
6:13	うどんこねっと	もうめちゃくちゃだよぉ～
6:17	リタレイト	ぷらべで編成事故は草
6:17	あらた。	ロラブラ草
6:18	kbf kbf	スプラはヌルゲーだからな！
6:19	青いザリガニ	二人分塗るか
6:19	tyoro10	塗り弱すぎてワロタ
6:20	Rei_ S2	ガチガチ塗り担当
6:20	Jump Around	エビオはキルリーダーになってもろて
6:21	rosugi	がんばれー
6:23	かおう_____ta	草
6:24	はんぺん	しぃしぃしか塗れんｗ
6:24	てぃれもん	草
6:25	ぐだのすけ	負担草
6:25	心刃	草
6:25	りょうちゃん	仕事量草
6:25	taketo RONA	草
6:26	しゃけねこ	草
6:26	ひがしのそら	草
6:26	Ilove linklink	.
6:27	長岡	責任重大で草
6:27	かわ3	仕事多
6:27	ターニングポイント	草
6:27	うにあ	なんもしないんかｗ
6:27	Metallic	草
6:27	モコモコ	AiCe
6:28	B 5	草
6:28	アキパン	全部じゃねえか！
6:29	弾当てられない	全部やれは草
6:30	kbf kbf	全部
6:30	たべっちかにっち	全部やんｗ
6:31	Yuuki	しぃしぃの負担大きいなｗ
6:31	もこもこありえす	草
6:32	桃purée	ロラブラか
6:32	まあライオン	エースやん
6:34	なだきょう	草
6:35	凝固	辛すぎワロタ‪w
6:35	抹茶抹茶	こっちのチームクズしかいねぇ…
6:35	けんばく	草
6:36	ラクタムβ	草
6:36	zale	負担も顔もデカすぎる
6:36	nimu	草
6:37	ゆうれん	草
6:37	エーピー	責任重すぎ草
6:37	ヘィヴンダックス	重くないか？
6:39	長岡	こいつら全員
6:39	ミカグラ	椎名さんはガチ生存担当
6:40	もこもこありえす	ワンマンアーミーで草
6:42	Hisashi 314	嫌な予感しかしない
6:42	ガリガリ様	草
6:42	うにあ	負担がｗｗ
6:43	ねこわん	頑張れしぃしぃ
6:44	イープカ	相手ガチガチで草
6:44	sho ma	しぃしぃ全任せで草
6:45	秋人	しぃしぃが過労するチームｗ
6:50	なぎのこ	苦労人枠で草
6:51	_ chami	仕事量ｗｗ
6:51	No. 25	草
6:52	求-矢澤	エントロピカルすこ
6:52	B 5	草
6:52	ぐだのすけ	草
6:53	たこやきたいやき	クズしかいないは草
6:58	たべっちかにっち	ナイスぅ！
6:59	もんぬサマー	いいね
6:59	りょうちゃん	ないすぅ！
6:59	黎明卿新しきボンドルド	ナイスゥ！
7:00	しゃけねこ	ナイス
7:01	ぐだのすけ	ナイスゥ
7:01	うにあ	いいぞー
7:01	ネムイ	おお
7:06	ネムイ	ナイス
7:07	かおう_____ta	いいねー
7:09	モコモコ	急にガチ
7:11	ミネストローネ軍曹	
7:14	みなみ	いいねー
7:17	うにあ	ｗｗ
7:17	りょうちゃん	草
7:17	かずき	いいね
7:20	ターニングポイント	草
7:21	松井、	草
7:23	zale	ローラーはキルとれよ
7:25	まあライオン	いいね
7:27	sho ma	やっぱしぃしぃうまいなw
7:27	あらた。	スパショは1やww
7:29	たべっちかにっち	ナイスぅ！
7:30	しゃけねこ	ナイス
7:31	Metallic	
7:31	りょうちゃん	ないすぅ！
7:31	うにあ	ないすう
7:31	西アマネ	うまい
7:35	ミカグラ	ジェッパの名前出てこないの完全にブランク
7:36	もこもこありえす	椎名さんええやん！
7:39	心刃	いいね
7:42	カービィ	いいねぇ！
7:42	モコモコ	うめぇな
7:44	ネムイ	いいぞ
7:44	wu wa	椎名安定してるな意外と
7:45	るたろー	うまい！
7:45	うりす	ナイスリード！
7:46	ヘィヴンダックス	なんかさっきと動き違うぞ
7:47	kbf kbf	草
7:49	ネムイ	草
7:49	木目	椎名さんオーダーいいね
7:50	taketo RONA	これ塗るゲームなんだよね
7:50	リンタイラン	ふつうにうまい
7:50	はんぺん	そうなんだよな
7:51	うにあ	たすけてｗｗ
7:51	たべっちかにっち	草
7:52	M O	エビオw
7:52	rosugi	いいよ〜
7:53	アッシュ	そういうゲームじゃねぇから！
7:53	もこもこありえす	草
7:53	ぐだのすけ	助けてくださーい！！！ｗ
7:54	桃花	流石にうまいな
7:54	Iceman	いいね
7:54	ターニングポイント	草
7:55	アキパン	そういうゲームじゃねえからこれ！
7:56	凝固	もうぐっちゃぐちゃ
7:56	SANA	これそういうゲームじゃねぇからぁ！
7:59	かおう_____ta	いいねー！
7:59	うりす	ナイスぅ！
8:02	かわ3	まるで最強
8:03	しゃけねこ	まるで
8:03	株助	盤面とっちゃえば強いな
8:08	バーヤ。	まるでうまいじゃん
8:10	かずき	ナイス
8:10	こまち	いいぞおお
8:11	黎明卿新しきボンドルド	もしかしてあてぃしら？
8:12	ねこわん	いいね
8:12	ぐだのすけ	草
8:12	てぃれもん	草
8:13	もんぬサマー	まるでプロ！
8:13	うにあ	やるやん！
8:14	かおう_____ta	うまい！！！
8:14	りょうちゃん	まるで
8:14	めんとす	まるでうまいなあ
8:14	Rei_ S2	まるでプロ
8:14	Gリスナー	まるでうまい！
8:14	zale	エビオが覚醒してる
8:14	うどんこねっと	まるでまるまる
8:15	ネムイ	勝てそう
8:16	イノウエシンイチ	うまいなぁ
8:16	松井、	草
8:16	B 5	草
8:17	たべっちかにっち	毎日ｗ
8:17	神戸しゃれ	まるでうまいじゃん
8:18	Metallic	草
8:20	西アマネ	嘘ばっかで草
8:21	Keys	まるで努力家
8:22	_ chami	まるで英雄
8:22	なぎのこ	嘘しか言わないｗ
8:23	うにあ	かてますねえ！！
8:23	wu wa	あてぃし強いな
8:25	yasu fuji	まるうま
8:26	大福船長	まるで将棋だな
8:26	まつまえ	嘘かよ
8:28	ケンフー	おお
8:28	カービィ	ナイスゥ！
8:28	もんぬサマー	うおおおおおお
8:28	ネムイ	ナイスゥ！
8:28	かおう_____ta	ナイスゥ！
8:28	てぃれもん	ないすぅ！！
8:29	木目	ナイス！
8:29	ラクタムβ	ナイスゥ！
8:29	かわ3	ナイスゥ
8:29	シャムねこ	ナイスゥ
8:29	たべっちかにっち	ナイスぅ！
8:29	rosugi	ナイスゥ！
8:29	ねこわん	草
8:29	ぷりっつPretz	おおおおお
8:30	神戸しゃれ	つよ
8:30	みなみ	ないすー！！
8:30	Yuuki	ナイスゥ！
8:30	ひがしのそら	ナイスゥ！
8:30	ねこさん1号	gg
8:30	kbf kbf	gg
8:30	まあライオン	ナイスゥ！
8:30	ぐだのすけ	ナイスゥ！！！
8:31	No. 25	ナイスゥ！
8:31	ミドレー	つよい
8:31	アキパン	ないすう！
8:31	SEA	
8:32	イープカ	強いぞ！
8:32	陽介	しぃしぃ死んでない！
8:32	ガリレオ	おおおお
8:32	桃purée	つええ
8:32	しーく	ないすぅ！
8:32	しゃけねこ	ナイスゥ！！
8:32	徳川家康	ナイスゥ
8:33	黎明卿新しきボンドルド	ナイスゥ！
8:33	Tながおか	ナイスゥ
8:33	タコスミス	うまい
8:34	めぐすけ	ナイスゥ！
8:34	のこ	つよい
8:34	るたろー	ないすー！！
8:34	なだきょう	ナイスゥ！
8:34	ななかな	ナイスゥ！
8:34	コンパス	まるで強い
8:34	星ノ猫恵瑠花	ナイスゥ!
8:35	きりさんじ	まるでつよいやん
8:35	Keys	ナイス！
8:36	ボウガン	ノーデス！
8:36	rim toopogi	ナイスゥ！
8:36	9614月影	強すぎひん
8:38	心刃	ナイス１勝
8:39	ねこわん	ないすぅ
8:39	イクヤ	ナイスゥ
8:39	京林	ナイスゥ
8:40	オチバ	まるで英雄やん
8:40	カービィ	めっちゃうまかった！
8:40	ゆべ	ナイス！！
8:40	エリンギの精霊	ナイスゥ！！
8:41	リタレイト	味方つっよ
8:41	アッシュ	ナイスゥ！
8:41	エーピー	ナイスぅ！
8:41	矢瀬	ナイスゥ
8:41	桃園あい	連携ナイスゥ！
8:42	信仰の獣	死んでないのナイス
8:42	求-矢澤	幸先ええな！
8:43	エルベル	ナイスゥ！
8:43	とおのマン	いけるやん！
8:44	うにあ	やりますねえ！！
8:44	ネムイ	いいねえ
8:45	kbf kbf	余裕っしょｗ
8:45	aki	ナイスゥ
8:45	やたろう	ないすぅ！
8:45	青いザリガニ	打開させない作戦
8:45	Rei_ S2	ないすぅ！
8:45	yasu fuji	まるでないすぅ！
8:45	しとり	ナイスゥ！！
8:46	あばれウミガラス	まるで勝ったみたいだな
8:46	́しょーゆー	
8:48	かおう_____ta	草
8:49	ぐだのすけ	草
8:49	taketo RONA	いまだ打開しないと勝てるの草
8:49	ケンフー	誇張しすぎや
8:49	イノウエシンイチ	これは練習してたな
8:50	うりす	勝負終わるｗ
8:50	zale	全員デス意識が高すぎる
8:51	ポッピン	つよいぞ〜！
8:51	伝説のアオサギ	欲張らず守ったの偉い
8:51	アキパン	草
8:52	ガリレオ	ずるやんw
8:52	イープカ	テニスかよ
8:52	ごくごく民	１０－０
8:53	エリンギの精霊	いけるぞ
8:53	ぴーわいおー	ナイスゥ！
8:53	ぷりっつPretz	0
8:53	神田ノ	やるやん！
8:53	ふぉるす	草
8:56	ああ	デス数が違うな
8:58	シズク	まるで強い！
8:59	たこやきたいやき	舐めすぎで草
9:00	黎明卿新しきボンドルド	ゲームセットで草
9:01	けんばく	まるでね
9:01	求-矢澤	桁違いやん
9:01	うにあ	キルなんていらねえんだよ！！
9:02	モコモコ	えびつんよい
9:06	エーピー	草
9:08	かわ3	波乗ってけ
9:10	ヘィヴンダックス	オラついてけ〜？
9:18	もこもこもこもこ	なんだその声
9:19	はんぺん	わかばやばし
9:21	gunkan _com	チームバランス悪そうやな
9:24	zale	アロワナはふわっちに抜かれまくりそう
9:25	́しょーゆー	止まらない
9:33	Hisashi 314	ただ打開は苦手な編成ではある
9:35	イープカ	マルチャーみれるんか？
9:38	たべっちかにっち	草
9:39	しゃけねこ	草
9:41	かおう_____ta	草
9:42	心刃	草
9:44	もこもこありえす	草
9:44	カービィ	全肯定しぃしぃ
9:45	くろいうさぎ	全肯定しぃしぃ
9:45	うにあ	なんでもほめてくれるぞ
9:46	G3R	草
9:49	フォルモサゴリラー	ラピありじゃね
9:49	́しょーゆー	雰囲気大事
9:50	ミカグラ	全肯定椎名
9:50	eico	全肯定椎名さん
9:51	ケンフー	椎名これかザップでしょ
9:54	Y I	しぃしぃ楽しそうでいいね
9:55	まるまろ	全肯定しぃしぃ
9:56	エーピー	全肯定椎名さん
10:01	りょうちゃん	いいねぇ
10:03	zale	ヒムラとアル大変だな
10:03	ぽぽぽぽぽぽ	配分考えてるんやな
10:08	イノウエシンイチ	いつ手のひら返ししますかねぇ？
10:13	Kazakura	なんでも褒めてくれる椎名結花
10:14	うにあ	ｗｗ
10:14	かわ3	草
10:14	かおう_____ta	草
10:14	なだきょう	草
10:15	しゃけねこ	草
10:15	ターニングポイント	草
10:17	木目	持ってないとかマジ？ｗ
10:17	はんぺん	草
10:17	うりす	買いなさいなｗ
10:17	りょうちゃん	シールドの方ないの草
10:20	ぐだのすけ	草
10:23	Gリスナー	買ってないんかーい
10:27	taketo RONA	ダブルアーマーきめてこ
10:33	てぃれもん	草
10:33	No. 25	草
10:35	しゃけねこ	草
10:36	ぐだのすけ	草
10:36	うにあ	ｗｗ
10:37	Metallic	草
10:38	ガリレオ	草
10:39	凝固	あっ
10:39	めじぇど	ダブルw
10:39	Yuuki	草
10:40	心刃	草
10:40	もこもこありえす	かぶったー
10:40	ミカグラ	草
10:40	駆け舞踏	草
10:41	アキパン	草
10:41	G3R	草
10:41	たべっちかにっち	草
10:41	るたろー	草
10:42	うどんこねっと	否定椎名
10:43	Tながおか	まぁしゃーない
10:43	はんぺん	絶対被るｗ
10:44	イープカ	アーマー2いいのに
10:45	かずき	草
10:46	rume nu	アーマー
10:47	くりすぷ	否定した
10:49	羊飼い	まるまる声小さいかも
10:50	りょうちゃん	まるでデコ
10:51	バーヤ。	アーマー2は割るくらい
10:52	うにあ	まあええやろ
11:03	ラクタムβ	ナイスゥ！
11:03	9614月影	アーマーもええやろw
11:04	うにあ	ないすう
11:04	かおう_____ta	ナイスゥ！
11:05	しゃけねこ	ナイスゥ！
11:05	りょうちゃん	ないすぅ！！！
11:05	taketo RONA	うんま
11:05	Metallic	
11:06	かずき	ナイス！
11:06	松井、	ないすぅ！
11:06	てぃれもん	ないすぅ！！
11:06	ぐだのすけ	ナイスゥ！
11:07	カービィ	ナイスゥ！
11:07	イープカ	かっこよ
11:07	たべっちかにっち	ナイスぅ！
11:07	けんしん	ナイス
11:08	わたり	ナイスゥ！
11:09	ごくごく民	やるやん
11:09	Yuuki	いいぞー！
11:11	みなみ	草
11:11	青いザリガニ	かっこよすぎ
11:11	たれぐま,	完璧な警戒
11:13	eico	キャラコンが
11:14	ケンフー	登り切った気でいた
11:15	とおのマン	草
11:26	#人模	どさくさのこくはく
11:26	カービィ	かぶったｗ
11:30	Tながおか	草
11:34	リタレイト	アーマーかぶっていくう
11:35	くりすぷ	いい逃げ
11:39	ミドレー	早速かぶったの草
11:39	たべっちかにっち	ナイスぅ！
11:41	うにあ	いいぞー
11:41	株助	めっちゃ騒がしい人いて草
11:44	西アマネ	ここ！
11:46	よこち	椎名さんマジで死なないな
11:47	黎明卿新しきボンドルド	ナイスゥ！
11:47	矢瀬	つよい
11:47	Metallic	
11:49	たべっちかにっち	ナイスぅ！
11:49	うにあ	ないすう！
11:49	まあライオン	いいね～
11:50	Ei NAGOMI	いいね
11:50	しゃけねこ	ナイスゥ！
11:51	ラクタムβ	ナイスゥ！
11:51	かわ3	ナイスゥ
11:52	ケンフー	いいぞ
11:52	wu wa	いいぞ椎名
11:52	心刃	ないす
11:52	アキパン	ないす
11:52	たれぐま,	草
11:52	りょうちゃん	ないす！
11:53	Gリスナー	ないすぅ！
11:53	けんばく	ナイス
11:53	Rei_ S2	ないすぅ！
11:53	わたり	うっま
11:53	Yuuki	ナイスゥ！
11:53	うにあ	つよい！！
11:54	rosugi	ナイス！
11:54	木目	良いぞ
11:54	ミドレー	つよい
11:55	ぐだのすけ	ナイスゥ！
11:55	るみねん	ないす！
11:56	モコモコ	いいねぇ！
11:56	ガリレオ	つんよ
11:56	けんしん	ナイス
11:56	うどんこねっと	ナイスゥ！
11:57	うりす	ナイスぅ！
11:57	アガペー	こっち強いな
11:58	taketo RONA	うまくね？
11:58	zale	これだいぶいったな
12:00	́しょーゆー	ナイス！
12:00	SEA	つえええ
12:02	イノウエシンイチ	さすが唯一星がついてるだけある
12:02	るたろー	いいねー！
12:05	桃花	いい動きしてるな椎名さん
12:06	ヘィヴンダックス	やっぱ通話付きだと動き全然違うわ
12:07	Kazakura	つよいじゃん
12:08	うりょ	あれ？こっちつよいな
12:08	rume nu	突破いいね
12:09	ひまみずお	ナイス突破
12:10	行こうぜガンガン	いけるいける
12:11	yasu fuji	しぃしぃハマるとマジつよいな
12:11	求-矢澤	死なない立ち回りができてる
12:12	́しょーゆー	椎名うまいな
12:13	桃園あい	APEX効果出てるな
12:14	エーピー	つよい
12:14	イープカ	つよスンギ
12:19	ぽりめらーぜ!	イジラヒムないす
12:30	モコモコ	過去のチーム経験が強いなこれは
12:30	toy2	APEXの修行生きてるか？
12:45	りょうちゃん	ナイスボム！
12:46	うにあ	やるね！
12:52	アキパン	いいねえ
12:54	くりすぷ	ヒカキンさんの猫
12:55	れだめ	ヒカキン！？
12:56	Keys	まるお草
12:58	zale	HIKAKINはいねぇよ
13:00	矢瀬	押し戻せー
13:01	kbf kbf	声草
13:01	ぐだのすけ	草
13:02	どっすん。	りりむとしぃしぃのプレイスタイルが似てるのなんか好き
13:02	木目	チーム力高くていいな
13:03	うにあ	いねえよｗｗ
13:12	うりょ	いいよいいよ
13:13	黎明卿新しきボンドルド	エクス笹木に狩られまくってるのかw
13:25	しゃけねこ	ナイス
13:25	たべっちかにっち	ナイスぅ！
13:26	アキパン	ないすう
13:27	Metallic	
13:27	黎明卿新しきボンドルド	ナイスゥ！
13:27	́しょーゆー	ナイス
13:27	松井、	ないすぅ
13:27	うにあ	ないすー
13:28	かおう_____ta	ナイスゥ！
13:28	まあライオン	うまい
13:28	ネムイ	ナイス
13:29	るみねん	うまい
13:34	rume nu	アーマーブン回りいいぞー
13:37	矢瀬	これはいいムーブ
13:38	るたろー	ないすー！
13:38	うにあ	いいぞ！
13:39	りょうちゃん	ナイス！！
13:39	アキパン	おおお
13:39	しゃけねこ	ナイス！
13:40	Yuuki	いいよー！
13:40	かおう_____ta	おおお！
13:40	かずき	ナイスゥ！
13:41	ヘィヴンダックス	つよい
13:42	イノウエシンイチ	つよーい
13:42	うりょ	おおー
13:44	ぎるがめっしゅ	ないすぅ！
13:45	ネムイ	草
13:46	もこもこありえす	いいぞ！
13:46	たべっちかにっち	ナイスぅ！
13:48	カービィ	ひっかかったｗ
13:48	はんぺん	曲射もうまし！
13:48	ぐだのすけ	草
13:48	スケルトン	草
13:49	もんぬサマー	ごり押しで草
13:49	PPP	キャラコン！？
13:49	うにあ	いいよー
13:49	ひまみずお	うぇーい
13:49	アキパン	草
13:50	黎明卿新しきボンドルド	詰まってて草
13:50	なだきょう	草
13:50	zale	ｷｬﾗｺﾝがゴミ！
13:51	ミドレー	詰まってて草
13:51	モコモコ	キャラコンゴミで草
13:52	kbf kbf	勝ったな
13:52	心刃	草
13:52	Gリスナー	いいよー
13:52	ケンフー	通れなかったｗ
13:52	ガリレオ	これはでかい
13:54	たれぐま,	油断せずに行こう
13:56	松井、	つよい
13:56	うにあ	マジいい！
13:56	めじぇど	草
13:57	Tながおか	いけるいける
13:58	リタレイト	あろわなの１６はでかい
14:00	行こうぜガンガン	イケイケー
14:00	うりょ	叫び声が聞こえるが勝ってる
14:00	はりねずみ	楽しそう
14:01	ヘィヴンダックス	慢心ゲーミング
14:03	もこもこもこもこ	顔が引っ掛かった
14:04	桃purée	キャラコン草
14:06	もんぬサマー	まるでね
14:06	うりす	声かけ良いぞ
14:18	まりもさん	勝ったな風呂食ってくる
14:22	フォルモサゴリラー	慢心注意
14:24	しゃけねこ	草
14:24	ぐだのすけ	草
14:25	kbf kbf	草
14:26	松井、	草
14:26	うにあ	かぶったなｗ
14:26	たれぐま,	引き際ヨシ！
14:26	かおう_____ta	草
14:26	taketo RONA	草
14:26	てぃれもん	草
14:26	りょうちゃん	草
14:26	アキパン	被ったねえｗ
14:26	駆け舞踏	草
14:27	めんとす	かぶって草
14:27	rosugi	草
14:27	陽介	草
14:27	モコモコ	被ったねぇ
14:28	たべっちかにっち	被ったｗ
14:28	あかるる	カブリヒムがよ
14:29	カービィ	草
14:29	もんぬサマー	草
14:30	しーく	草
14:30	ネムイ	草
14:31	なだきょう	草
14:32	るたろー	草
14:32	凝固	草
14:33	ガリレオ	仲良しかよw
14:33	NoName	草
14:34	はんぺん	絶対なると思ったｗ
14:35	あらた。	アーマー重ね着草
14:37	ねこわん	草
14:37	博麗麗博	草
14:37	ミカグラ	草
14:38	りょうちゃん	草
14:39	桃花	しゃーなしｗ
14:40	ひまみずお	つよすぎぃ
14:40	manio _AKG	草
14:41	うりょ	おいしいとこ欲するな
14:42	eico	舐めプ重ね
14:43	2 LCOM	発注入った
14:44	rume nu	わろ
14:45	リタレイト	みかたつよすんぎ
14:45	黎明卿新しきボンドルド	これが2重アーマーの力
14:45	アキパン	手堅いなこのチームｗ
14:47	ミカグラ	イブ切り抜きやれよ？
14:54	田中ムウマ	相手塗りきつそうー
14:55	矢瀬	打ち勝てー
15:01	da pan	カバお化け？
15:03	まあライオン	噛み合ってんね
15:06	矢瀬	惜しい
15:06	陽介	声掛けしてもかぶる
15:09	もんぬサマー	草
15:10	たれぐま,	そだねー
15:16	うりょ	ひっぱられたか
15:26	kbf kbf	ナイス
15:26	wind w	
15:27	ぐだのすけ	ナイスゥ
15:28	しゃけねこ	ナイス！
15:28	りょうちゃん	ないす！
15:28	てぃれもん	ないすぅ！
15:29	アキパン	ないす！
15:29	うにあ	ないすう
15:30	たべっちかにっち	ナイスぅ！
15:30	けんしん	ナイスすぎ
15:31	西アマネ	ナイスゥ
15:31	駆け舞踏	ナイスゥ！
15:31	Gリスナー	ないすぅ
15:32	青いザリガニ	ないすぅ
15:32	こまち	ナイスゥ
15:33	ふぁす。	しぃしぃうめぇ！
15:33	抹茶抹茶	うめぇ！
15:34	アキパン	これはいいキル
15:35	矢瀬	粘れー
15:36	黎明卿新しきボンドルド	勝ったな
15:37	うりょ	おおおー
15:38	kbf kbf	勝った
15:39	Yuuki	いいね～
15:43	ぐだのすけ	草
15:47	かおう_____ta	ナイスゥ！
15:47	Tながおか	ナイスゥ！
15:48	カービィ	ナイスゥ！
15:48	もんぬサマー	うおおおおお
15:48	てぃれもん	ないすぅ！！
15:48	うにあ	ないすうう！！
15:48	ネムイ	ナイスゥ！
15:48	zale	つっよ
15:48	アキパン	ないすう
15:49	矢瀬	ナイスゥ
15:49	たべっちかにっち	ナイスぅ！
15:49	rosugi	ナイスゥ！
15:49	黎明卿新しきボンドルド	ナイスゥ！
15:49	あかるる	エビオマジで常に叫んでるからなｗ
15:49	たれぐま,	ないすー
15:49	かずき	ナイスゥ！
15:49	Iceman	ナイスゥ！
15:50	なだきょう	ナイスゥ！
15:50	松井、	ないすぅ
15:50	しゃけねこ	ナイスゥ！
15:50	みなみ	ないすー
15:50	ぷりっつPretz	ナイスゥ！
15:50	木目	ナイス！
15:50	Metallic	
15:51	ぐだのすけ	ナイスゥ！！
15:51	ふりっつ	ｇｇ
15:51	星野空	ないすぅ！
15:51	モコモコ	つえ！
15:51	行こうぜガンガン	ナイスゥ！
15:51	くりすぷ	ナイスゥ
15:51	クリ	うまい
15:52	LEON	ナイスゥ！
15:52	Rei_ S2	つよいじゃん
15:53	アッシュ	ナイスゥ！
15:53	ねこさん1号	うまうま
15:53	うりす	ナイスゥ！！
15:53	アカうぃん	ナイスゥ！
15:53	うにあ	つよいやん！！
15:53	あばれウミガラス	うまいねぇ！
15:54	永久機関回転寿司	ナイスゥ！
15:54	ミカグラ	ナーイスゥ！
15:54	nimu	ナイスゥ！
15:54	心刃	ないすー
15:54	星ノ猫恵瑠花	つよー!
15:55	うどんこねっと	ナイスゥ
15:55	魚のありふ	ナイスゥ！
15:55	ヘィヴンダックス	gg
15:55	めぐすけ	ナイスゥ！
15:56	桃花	椎名さんエイム冴えてるねぇ
15:56	黒蜜糖 Black sugar	安定してるなー
15:56	うりょ	つよいなあ
15:56	ふぉるす	
15:57	シャビィ	ナイスゥ！
15:57	9614月影	これは強い
15:58	G3R	ナイスゥ！
15:58	ねこわん	ないすぅ
15:59	けんばく	ナイスゥ！
15:59	エーピー	ナイスぅ
15:59	ミニドラ	イブチャンがんば
15:59	凝固	まるで強いみたいじゃないか！
15:59	yasu fuji	チーム力高くね?
16:00	しろやま	ナイスゥ！
16:00	́しょーゆー	ナイス！
16:00	あかあか	ナイスゥ！
16:00	けんしん	強いぞこのチーム
16:01	黄色い閃光ミナト	ないっす
16:01	エマノン	マジで強い
16:01	めんとす	余裕だな！（慢心
16:01	No. 25	ナイスゥ！
16:02	Yuuki	いいチームだ！
16:02	ネムイ	つよいなあ
16:02	木綿豆腐	
16:03	ぴーわいおー	ナイスゥ！
16:03	洛水佑馬	ないすぅ
16:04	徳川家康	強い
16:04	ケンフー	最強こっちだったかあ
16:05	ミカグラ	敗北を知りたい
16:05	博麗麗博	ナイスゥ
16:06	とおのマン	あてぃしら
16:06	sdkfz303	つっよ
16:07	液体金属	どんどん慢心していけ
16:07	あるは/ Alfa uhi	「俺ら」きたな
16:08	抹茶抹茶	チーム分けミスった説ある？
16:08	うにあ	関係ないねえ！
16:09	SEA	草
16:09	もこもこありえす	完全に流れ来てる
16:09	da pan	アルス静かだなｗ
16:14	ひまみずお	エペペックス
16:15	青いザリガニ	草
16:15	Gリスナー	草
16:17	しゃけねこ	草
16:17	てぃれもん	草
16:18	かずき	草
16:18	ネムイ	草
16:19	かわ3	敗北者
16:19	松井、	草
16:19	りょうちゃん	草
16:19	SEA	いや草
16:19	wu wa	Ace
16:19	瓦斯灯	草
16:20	うりょ	Aが最強だな
16:20	ひがしのそら	草
16:20	はりねずみ	エビオムードメーカーやな
16:20	Fey	草
16:20	凝固	それは草
16:20	ターニングポイント	草
16:21	B 5	草
16:21	aki	いいねえ
16:21	́しょーゆー	草
16:21	うにあ	つよいはそれはｗ
16:22	アキパン	草
16:22	sho ma	草
16:22	Yuuki	かっけぇｗ
16:22	アカうぃん	草
16:23	あかるる	メンバーはあっちのチームのが強いだろと思ったけどそんなことねえな
16:23	かおう_____ta	エース帯だ！
16:23	めんとす	しぃしぃ適正B帯だしな！
16:25	ぽぽぽぽぽぽ	エース！
16:26	黎明卿新しきボンドルド	敗北者…？
16:26	鼻セレブ	草
16:27	ガリレオ	A帯最強
16:27	シャムねこ	草
16:27	うどんこねっと	ASでエース
16:27	もこもこありえす	A
16:28	Rei_ S2	エースの
16:29	たれぐま,	これはエース帯
16:29	陽介	エース死ぬじゃん
16:30	rosugi	やっぱ
16:31	黄色い閃光ミナト	敗北を知りたい
16:32	木目	純粋にチームとして噛み合ってる感じするわ
16:32	イープカ	スプラプレデターさんじゃん
16:33	B 5	慢心ゲーミング
16:35	ぐだのすけ	A帯のAはAceのA!
16:37	XH	乗るな！エース！
16:37	桃purée	ACE(S)
16:38	ちゃんみあ	草
16:38	sdkfz303	ただのAじゃなかった
16:38	長岡	草
16:39	くりすぷ	アルスの声小さいね
16:42	モコモコ	まさかこのチームわけで一方的になると思わんだろう
16:42	M	AiCe
16:42	桃園あい	Xで練習サボってたな
16:42	forest bear	アルス…？
16:43	Sekitoセキト	エースは死ぬぞ
16:43	9614月影	慢心はしいなやろw
16:44	たべっちかにっち	いいチームだｗ
16:45	Kazakura	これが(f)aceや！
16:49	kbf kbf	おま慢
16:54	はんぺん	このウデマエの差で勝てるのすげぇよ
16:58	コンパス	敗北者……？
16:59	ミカグラ	AliCe
17:02	taketo RONA	FACEの経験でかいかも
17:06	ひまみずお	いいねぇ〜
17:15	9614月影	エビオは竹使え
17:24	モコモコ	AiCe
17:25	ギンロウCH	しぃしぃイブくん見て話してるの可愛い
17:28	うにあ	チーム経験がでてる
17:37	kbf kbf	いや草
17:39	ミドレー	草
17:41	Keys	草
17:41	しゃけねこ	草
17:41	Metallic	草
17:43	りょうちゃん	英雄に任せよう
17:46	めじぇど	身長差かわいい
17:46	eico	左ルートいこう！
17:49	kbf kbf	松尾芭蕉かよ
17:55	ミニドラ	イブちゃん幼女だから
17:55	9614月影	必殺の左ルート
17:59	カービィ	伝説の左ルート
17:59	しゅがー	正面行った方が割と楽だがどうするか
18:00	松井、	草
18:03	アキパン	いきましょ！
18:04	かおう_____ta	ぶっつけ本番だ！
18:04	かわ3	いざ実践
18:05	リンタイラン	えぇ！？
18:07	ヘィヴンダックス	とりあえず戦う
18:07	ネムイ	やったらわかる
18:10	おまもり	やってみよう！
18:12	メビウス・ザ・ファンカスティックゴリラ	エビオ芭蕉 左の細道
18:12	うにあ	実践！！
18:15	Jump Around	fACeの経験はたしかに生きてそう
18:16	ふくたろ	実際の映像がこちら
18:19	木目	このチームならいける
18:19	リタレイト	正面でいいと思うけども
18:28	うにあ	ないす！
18:29	たべっちかにっち	ナイスぅ！
18:29	Metallic	
18:30	黎明卿新しきボンドルド	むしろこのチームこそ負け始めたら焦りそうw
18:30	松井、	ないすぅ
18:32	りょうちゃん	ないす！
18:33	バーヤ。	左は1発逆転ルート安定は中央
18:33	しゃけねこ	ナイス！
18:37	青いザリガニ	いいね
18:38	ぐだのすけ	おお
18:41	めんとす	ささきさく（ほんまひまわりのすがた）
18:48	zale	ヒムラ以外FACE組だし連携いいな
18:50	アキパン	まあまあまあ
18:56	ミニドラ	しぃしぃ指揮官ね
19:00	ぐだのすけ	とめる～
19:11	アキパン	ナイス引き
19:13	矢瀬	射程がつらいなぁ
19:29	アキパン	やば
19:31	うにあ	こわー
19:35	アキパン	おー
19:38	Yuuki	裏いたか
19:39	えびまる	おおー
19:41	zale	結構つらいな
19:45	めじぇど	裏取りやばいな
19:48	しゃけねこ	ナイス！
19:49	9614月影	不破みなこっわ
19:56	リタレイト	ふわっちぎあなめてるやろｗ
19:57	桃花	油断ならんな
19:58	ミニドラ	マップどう？
20:13	はんぺん	めっちゃ裏とってくんなｗ
20:13	すけふみ	全勝なるか
20:18	木目	裏取りで崩そうって腹か
20:18	ヘィヴンダックス	打開じゃ
20:18	かおう_____ta	ナイスゥ！
20:21	たべっちかにっち	ナイスぅ！
20:21	zale	椎名さんワカバじゃないと塗りボロボロだな
20:30	どっすん。	ふわっちのギアはハンデ
20:31	あかるる	ささきさくさん草
20:34	矢瀬	個人の力になると、やっぱ違うんだなぁ
20:52	かおう_____ta	うわあああ
20:52	しゃけねこ	やば
20:52	アキパン	うわきつい
20:53	rosugi	きついな
20:53	たべっちかにっち	きついｗ
20:54	たれぐま,	これはむり
20:55	りょうちゃん	きっつ
20:56	うにあ	やべえな～
20:57	はんぺん	これはきつい
21:00	Gリスナー	きついな
21:01	kbf kbf	りっちゃんと呼べ
21:01	シズク	逃げ場なかったｗ
21:01	うにあ	きついきつい
21:02	da pan	いっしゅんで囲まれるな
21:02	もこもこありえす	囲まれたなぁ
21:07	ミニドラ	誰かきてー
21:07	ヘィヴンダックス	りっちゃんって言え
21:14	矢瀬	ごーごー
21:24	めじぇど	連携崩されるときついね
21:25	あかるる	男の人よんでーっ
21:39	りょうちゃん	うまい
21:42	お茶カレー	今の回避うまうま
21:43	矢瀬	ナイスムーブ
21:43	あばれウミガラス	キャラコンうっま
21:44	モコモコ	よく生きてたな
21:45	prumu	いまのうま
21:47	あらた。	いいキャラコンだ
21:52	Hiroki SAKABE	うまい
21:55	ミニドラ	アルスもいきな
22:02	ひまみずお	草
22:03	wu wa	ナイスｗ
22:03	かおう_____ta	おお！
22:03	かずき	いいね
22:03	ぐだのすけ	おお
22:03	kbf kbf	おお
22:04	Metallic	
22:04	アキパン	おお
22:04	B 5	ナイスゥ！
22:04	かわ3	よっしゃ
22:04	黎明卿新しきボンドルド	リード取れた！
22:04	うにあ	いいね！！
22:04	松井、	ないすぅ！
22:05	da pan	おしこんだか
22:05	zale	ナイス運び
22:05	てぃれもん	おおお
22:05	りょうちゃん	ナイスリード！
22:05	カービィ	ナイスリード！
22:06	Rei_ S2	ナイスリード
22:06	アキパン	いいリード
22:07	はんぺん	ナイス！
22:07	ネムイ	おお
22:07	toy2	ナイス！
22:07	めんとす	ナイスゥ！
22:07	Gリスナー	ないすぅ！
22:08	たれぐま,	ナイス前進
22:08	ガリレオ	おお
22:08	9614月影	ナイスぅううう
22:09	Yuuki	いいぞー！
22:09	まつまえ	おおおおお
22:09	たべっちかにっち	ナイスぅ！
22:09	ターニングポイント	ナイスゥ！
22:10	LEON	ナイスゥ！
22:10	陽介	いいね
22:10	もこもこありえす	おっけおっけ！
22:10	イープカ	ナイスリード！
22:11	うにあ	いいぞ！！
22:11	木目	良い押し込み
22:11	西アマネ	いいぞ
22:12	シャムねこ	お
22:13	アキパン	守り切れー！
22:13	桃花	ナイスリード！
22:13	るたろー	ないすー！
22:13	はいどれ	
22:13	もこだんちょ	ナイスゥ！
22:14	リンタイラン	リード取った
22:14	ふくたろ	いける！
22:15	うりす	よし抑えるぞ！
22:15	ないむん	ナイス
22:15	ぐだのすけ	ナイスリード！！
22:15	ミカグラ	ナイス！
22:16	あさむ	ごり押しいいぞ
22:16	ねこわん	おお
22:17	メインクーン	よくつっこんだ
22:20	シズク	判断よき！
22:21	No. 25	いいね！
22:21	akira	ナイス
22:23	アキパン	草
22:24	あらた。	あw
22:25	うにあ	ｗｗ
22:25	イノウエシンイチ	ないすぅ
22:25	モコモコ	あつ
22:26	ミニドラ	おい
22:26	たべっちかにっち	ぎゃあｗ
22:29	B. D.	やばくね
22:31	はんぺん	やばい
22:32	エーピー	おー
22:35	りょうちゃん	あるせるたす草
22:37	エマノン	がんばれ～
22:39	矢瀬	粘れー
22:40	凝固	誰だそそれは‪w
22:41	うにあ	ないすう！！
22:41	ぐだのすけ	ナイスゥ
22:41	kbf kbf	ナイス！
22:42	たべっちかにっち	ナイスぅ！
22:42	アキパン	ないす
22:42	かおう_____ta	ナイスゥ！
22:43	黎明卿新しきボンドルド	ナイスゥ！
22:43	NoName	アルセルタスは草
22:43	sho ma	ナイスー！
22:45	ガリレオ	ないすぅ
22:46	Metallic	
22:47	桃園あい	今の大きい
22:47	かわ3	ナイスゥ
22:47	しゃけねこ	ナイス！
22:48	西アマネ	ﾅｲｽｩ
22:48	なだきょう	うまい
22:48	ぐだのすけ	おおおお
22:48	たべっちかにっち	ナイスぅ！
22:48	かずき	ナイスゥ！
22:48	松井、	ないすぅ！！！
22:48	うにあ	いいぞ！！！
22:49	かおう_____ta	いいぞおお！！
22:49	心刃	ナイス
22:49	青いザリガニ	ないすぅ！
22:49	Gリスナー	ナイスすぎるｗ
22:49	りょうちゃん	ナイスゥ！
22:49	アキパン	しぃしぃないすう
22:49	モコモコ	ないすぅ！
22:49	はんぺん	ナイスすぎる！ｗ
22:49	カービィ	ナイスゥ！
22:50	archer	ナイス！
22:50	てぃれもん	ないすぁ！！！
22:51	たれぐま,	ないすー！
22:51	eico	あぶねええ
22:52	みなみ	いいねー
22:53	kbf kbf	椎名無双始まったな
22:54	るたろー	ないすー！
22:54	ぎるがめっしゅ	ないすぅ！
22:54	もこもこありえす	よう勝ったな今の
22:56	9614月影	しいな上手くね？
22:56	しーく	ないすぅ！
22:57	うりょ	白熱してるなあ
22:57	シャムねこ	ナイスゥ！
22:59	ねこわん	ないすぅ
23:00	あばれウミガラス	椎名唯香最強！
23:00	taketo RONA	対面勝ちでけぇ
23:00	アキパン	しぃしぃファインプレイ多い
23:01	モコモコ	MVP
23:01	まぐえふ	ナイスゥ！
23:02	Metallic	草
23:03	ぐだのすけ	草
23:04	めんとす	草
23:04	桃花	これはナイス！
23:05	もこだんちょ	あっ
23:06	イープカ	ないす！
23:07	うにあ	うわああ
23:07	矢瀬	草
23:07	黎明卿新しきボンドルド	それってぇ！
23:08	りょうちゃん	やばい
23:08	wu wa	男やばいぞｗ
23:09	しゃけねこ	草
23:09	しとり	いいぞー！！
23:09	B 5	草
23:09	あらた。	負け筋ww
23:10	カービィ	あっ
23:11	Tながおか	引けよw
23:11	ガリレオ	※女です
23:11	てぃれもん	草
23:12	ターニングポイント	草
23:12	Virra	あ・・・
23:13	心刃	草
23:14	ミカグラ	草
23:15	zale	絶対引いた方がいいだろ
23:16	うりょ	延長だああ
23:17	アキパン	とめろおおおお
23:18	ケンフー	狩られたおして草
23:18	WRyou_Italy	あっ
23:18	うにあ	やばいい！！
23:19	toy2	草
23:19	ぐだのすけ	草
23:19	ミニドラ	しぃしぃファインプレーナイス
23:20	青亀	草
23:20	ちくわぶ	草
23:21	めじぇど	アルセルタス！？
23:21	あかるる	MHやってるやついるな
23:21	秋人	調子乗ったｗ
23:22	フォルモサゴリラー	あ....
23:22	gunkan _com	甘えたｗ
23:24	かおう_____ta	ナイスゥ！
23:24	もんぬサマー	うおおおおおお
23:24	たべっちかにっち	ナイスぅ！
23:24	カービィ	ナイスゥ！
23:24	kbf kbf	ナイスゥ
23:24	da pan	アルセルタスはモンハンのオスやんｗ
23:25	木目	ナイス！
23:25	アキパン	ないすうう！
23:25	B 5	ナイスゥ！
23:25	ターニングポイント	ナイスゥ！
23:25	てぃれもん	ないすぅ！！
23:25	矢瀬	おっけー
23:25	うにあ	ないすうう！！
23:25	ひがしのそら	ナイスゥ！
23:25	ネムイ	ナイスゥ！
23:25	しゃけねこ	ナイス！
23:26	ぐだのすけ	ナイスゥ！！
23:26	心刃	ナイスぅ
23:26	Metallic	
23:26	なだきょう	ナイスゥ！
23:26	こまち	ナイスゥ
23:26	うりす	ナイスゥ！！
23:27	かわ3	こわこわ
23:27	りょうちゃん	ナイスゥ！
23:27	Iceman	ナイスゥ！
23:27	LEON	ナイスゥ！
23:27	sho ma	ナイスー！！！！
23:28	黎明卿新しきボンドルド	勝てたw
23:28	松井、	ないすぅ！！！
23:28	しとり	gg
23:28	うりょ	ナイスゥ
23:28	陽介	ないすぅ！
23:29	ひまみずお	なす〜
23:29	rosugi	ナイスゥ！
23:30	SEA	めっちゃかつやんｗ
23:30	神戸しゃれ	甘えた
23:31	リタレイト	危なすぎる
23:31	ダックスフント	やったでぇ！
23:31	魚のありふ	ナイスゥ！
23:32	Yuuki	あぶなかったｗ
23:32	かおう_____ta	あぶなかったｗ
23:33	永久機関回転寿司	GG！
23:33	akira	gg
23:34	あかあか	ナイスゥ！
23:35	Syun Syun	ないすぅ
23:35	シャビィ	ナイスゥ！
23:35	洛水佑馬	ないすぅ
23:35	Eva Evance	ないす
23:35	もこもこありえす	gg
23:36	るたろー	ないすー！
23:36	ねこさん1号	いいね！
23:36	ぽぽぽぽぽぽ	ナイスゥ！
23:36	ぎるがめっしゅ	ないすぅ！
23:36	桃花	ｇｇ
23:37	nimu	ナイスゥ！
23:37	ふぉるす	
23:37	ないむん	ナイス！
23:38	ヘィヴンダックス	あっぶねぇ
23:38	kbf kbf	圧勝じゃね？
23:39	ネムイ	あぶねえｗ
23:39	アッシュ	ナイスゥ！
23:41	ねこわん	ないすぅ
23:41	凝固	強すぎない？
23:43	アキパン	3連勝！
23:44	エーピー	ナイス
23:46	yasu fuji	3連勝でけぇぞ
23:47	たべっちかにっち	つっよｗ
23:48	うりょ	突っ込んでからの延長だったわ
23:48	西アマネ	つええ
23:48	SEA	あっれｗｗ
23:50	ぐだのすけ	つよつよ
23:50	うにあ	3連勝！！
23:51	カービィ	つよい
23:53	Yuuki	全勝いいぞー！
23:53	tyoro10	いぶつよい
23:53	モコモコ	ヒムラやるやん！！！
23:53	うりょ	ナイスゥ
23:53	しーく	イブうめぇ
23:55	あらた。	3-0で気使ってるは草
23:56	archer	うまい！
23:56	りょうちゃん	これはエースの
23:57	かおう_____ta	つよいぞ！！！
23:57	かわ3	7
23:57	イノウエシンイチ	つっよ
23:58	9614月影	このチーム強くね？
23:59	ずちー	カワボ
23:59	ケンフー	ストレートか？
23:59	No. 25	いいね
24:00	ガリレオ	強すぎる
24:00	長岡	三連勝って尺大丈夫？
24:01	ヘィヴンダックス	さすがエース帯
24:03	めんとす	アサリ・・・
24:04	花太郎	草
24:07	青いザリガニ	アサリ来た
24:07	木目	この3連勝はでかい
24:09	ふくたろ	負けが知りたい
24:11	黎明卿新しきボンドルド	草
24:12	桃花	ストレートあるか？ｗ
24:14	はんぺん	アサリはわかば強い
24:15	モコモコ	とりあえず塗っとこ
24:17	うりす	エビオの指揮力高いな
24:17	yasu fuji	しぃしぃアサリ強い気がすんだけどなぁ
24:19	taketo RONA	エビパブロw
24:22	ひまみずお	草
24:24	しゃけねこ	草
24:24	陽介	実力自体は同じぐらいのはずなんだけどな
24:24	りょうちゃん	全員パブロ草
24:24	てぃれもん	草
24:26	うにあ	それはあかんｗ
24:29	rim toopogi	草
24:35	黎明卿新しきボンドルド	全員パブロは前あったなw
24:35	ひまみずお	ヤバイ武器持ってて草
24:36	たれぐま,	筆は一枚までにしてもろて
24:36	ダックスフント	全員パブロww
24:46	9614月影	守とか英雄やな
24:47	洗濯テレビ	やっぱり練度の差なんかな？
24:48	ミニドラ	マル守りでいい？
24:52	株助	エビオなんでも使えるなぁ
24:52	ケンフー	その他全般
24:53	taketo RONA	負担よw
24:54	あらた。	雑用で草
24:54	ぐだのすけ	草
24:55	zale	椎名さん大っ編過ぎて草
24:55	かおう_____ta	草
24:56	かずき	全部やんw
24:56	しゃけねこ	草
24:56	kbf kbf	全部やれ
24:56	ひがしのそら	草
24:56	桃purée	その他全般
24:57	松井、	全部や
24:57	神戸しゃれ	おも
24:57	んーひー	かわいい
24:57	うにあ	負担でかない？？ｗｗ
24:57	青亀	草
24:57	ふぉるす	草
24:58	うりょ	これしかねえ
24:58	ネムイ	草
24:58	心刃	草
24:58	ターニングポイント	草
24:59	木目	椎名さんの歴の長さが活きてるな
25:00	Rei_ S2	塗るとかキルとか
25:00	rosugi	草
25:01	Metallic	草
25:01	ミカグラ	草
25:02	無垢-muku-	全部ｗ
25:02	ソーセン	草
25:02	博麗麗博	草
25:03	Yuuki	ようするに全部ｗ
25:03	アキパン	草
25:03	るたろー	草
25:03	カービィ	相変わらず忙しいｗ
25:03	Kazakura	しぃしぃ！？
25:03	黎明卿新しきボンドルド	やっぱしぃしぃの仕事多すぎるw
25:04	はんぺん	突っ込むときアーマーやな
25:04	No. 25	草
25:05	めぐすけ	草
25:05	弾当てられない	全部やれ定期
25:05	toy2	負担重すぎて草
25:06	SANA	全部なんよ
25:06	めんとす	顔も負担もでかい
25:06	しーく	全部で草
25:06	はいどれ	全般（一人で全部）
25:07	nimu	その他全部
25:08	Lily	hello
25:09	めじぇど	雑に全部任されてる
25:11	_ chami	草
25:14	Virra	顔と負担がでかい
25:15	イープカ	できるから任せられるんだよな
25:16	たべっちかにっち	草
25:17	しゃけねこ	草
25:18	ミカグラ	椎名さんのツッコミすき
25:21	ケンフー	デビルバットゴースト
25:22	かわ3	草
25:22	ぐだのすけ	草
25:23	rosugi	無茶振りで草
25:23	うにあ	ｗｗ
25:23	あかるる	それ誰でも最強やｗ
25:24	taketo RONA	アイシールド21すればええねん
25:24	Gリスナー	負担重すぎだろｗ
25:24	黎明卿新しきボンドルド	身勝手の極み
25:25	アキパン	草
25:26	yasu fuji	無茶な支持しかしないチーム
25:27	ソーセン	草
25:28	sdkfz303	何だ簡単じゃん
25:28	G3R	草
25:29	83ヘチマ	いまきた
25:30	てぃれもん	草
25:31	桃花	椎名さんは遊撃向きやし…ｗ
25:32	なだきょう	草
25:32	しゃけねこ	草
25:32	ぐだのすけ	草
25:32	ぽぽぽぽぽぽ	草
25:33	zale	最低過ぎる
25:33	ミニドラ	君は全部やれ
25:35	カービィ	鬼畜ｗ
25:37	心刃	一見簡単そうなの草
25:37	博麗麗博	草
25:37	ネムイ	草
25:37	archer	やばすぎる
25:38	アキパン	全部捨てるｗ
25:38	ちくわぶ	草
25:38	青亀	草
25:41	ミカグラ	キャッチアンドリリースや
25:42	Lily	yuica is cute
25:43	凝固	草
25:43	神戸しゃれ	捨てるのは草
25:44	うりょ	ドーーン
25:44	株助	マルオカート
25:46	黎明卿新しきボンドルド	糞外道戦法で草
25:49	姚宗廷	[
25:49	長岡	この
25:59	うにあ	ｗｗ
25:59	たべっちかにっち	草
26:00	しゃけねこ	草
26:01	博麗麗博	草
26:02	めんとす	IQ5000？！
26:02	ぐだのすけ	草
26:06	ミニドラ	ひっで
26:07	eico	やはり最強対最強
26:19	taketo RONA	パブロおもろ
26:31	アキパン	やび
26:35	カービィ	ナイスゥ！
26:35	かわ3	ナイスゥ
26:36	松井、	ないすぅ！
26:37	しゃけねこ	ナイス！
26:37	Yuuki	ナイス！
26:37	ネムイ	ナイス
26:38	たべっちかにっち	ナイスぅ！
26:38	kbf kbf	ナイス
26:38	ケンフー	ナイスｗ
26:38	taketo RONA	草
26:38	ぐだのすけ	ナイスゥ！
26:39	なだきょう	ナイスゥ！
26:39	はんぺん	ナイスすぎやろ！ｗ
26:40	かおう_____ta	いいねええええ！！
26:40	放浪者	おもろいなぁ
26:41	てぃれもん	ないすぅ！！
26:41	黎明卿新しきボンドルド	いいね
26:41	うにあ	ないすう！
26:42	アキパン	ないす
26:42	コンパス	ないすぅ
26:42	Metallic	
26:43	りょうちゃん	ないす！
26:43	ミカグラ	ナイスすぎる
26:44	Gリスナー	ナイスゥ！
26:45	シャムねこ	ナイスゥ！
26:46	もこもこありえす	いいぞ！
26:47	WRyou_Italy	パブロ合戦
26:51	zaqro/ザクロ	
26:51	zale	先にいれればええねん
26:51	B. D.	あ
26:57	ミニドラ	英雄もお願い
27:00	矢瀬	ふわみなとがきたぞー
27:02	Metallic	草
27:05	しゃけねこ	やば
27:07	アキパン	うわｗ
27:07	心刃	草
27:08	たべっちかにっち	うわぁｗ
27:13	ケンフー	カウンターぶっ刺さり
27:15	REO	やべぇ
27:16	星野空	ふわやっば
27:19	83ヘチマ	やばい
27:20	あかるる	相手チームワークいいな
27:21	ダックスフント	相手の連弾すげ
27:24	はんぺん	バブルで突っ込むの強すぎるｗ
27:32	ヘィヴンダックス	恐ろしいねぇ
27:39	りょうちゃん	ナイスボム！
27:48	ケンフー	廃品回収の人来た
27:52	うにあ	ないす！！
27:53	しゃけねこ	ナイス！
27:53	Metallic	
27:55	ぐだのすけ	ナイス
28:02	アキパン	ないすう
28:02	シャムねこ	ボムうまい
28:02	松井、	ないすぅ！
28:03	かおう_____ta	ナイスゥ！
28:03	博麗麗博	ナイスゥ
28:03	りょうちゃん	ナイス！
28:09	Metallic	草
28:10	矢瀬	草
28:10	アキパン	一個ｗ
28:10	てぃれもん	草
28:11	kbf kbf	1個ｗ
28:13	めんとす	一個草
28:13	心刃	草
28:15	うにあ	一個だ！！ｗ
28:15	たべっちかにっち	草
28:18	たれぐま,	魂の一個
28:19	あかるる	エコラウンドきたな
28:28	アキパン	ないす
28:31	青いザリガニ	ないすぅ
28:33	矢瀬	ナイスゥ
28:40	ごくごく民	俺の傘が通らせないよ
28:41	ミニドラ	英雄頼んだぞ
28:43	ヘィヴンダックス	ぷわ〜
28:45	83ヘチマ	ふわっち強いなやっぱ
28:53	はんぺん	デュアルキル速やび
28:56	yasu fuji	やはりふわふわか
28:56	しーく	ぷわ強すぎるな
29:02	Metallic	
29:03	りょうちゃん	ないす！
29:03	たべっちかにっち	ナイスぅ！
29:04	kbf kbf	にゅ
29:04	うにあ	ないすー
29:04	文京区	うっま
29:04	しゃけねこ	ナイス！
29:06	ぐだのすけ	ナイスゥ！
29:06	アキパン	おけおけ
29:07	松井、	ないすぅ
29:07	なだきょう	ナイスゥ！
29:07	うりす	ナイスゥ！！
29:09	ちゃんみあ	ナイスゥ！
29:10	eico	ナイス九
29:10	Gリスナー	あぶねーｗ
29:12	Kazakura	超ナイス！
29:13	るたろー	ないすー！
29:14	黎明卿新しきボンドルド	ナイスゥ！
29:19	桃花	よく止めたなｗ
29:21	リンタイラン	今のはファインプレー
29:29	りょうちゃん	ないす！
29:30	うにあ	いいぞ！
29:33	黎明卿新しきボンドルド	上手いぞ
29:35	もこもこありえす	ナイス！
29:35	たべっちかにっち	ナイスぅ！
29:36	しゃけねこ	ナイス
29:36	アキパン	うまい
29:36	ミニドラ	いっかいひけ
29:37	ネムイ	ナイス
29:37	西アマネ	うまい
29:37	たくみん	うまくない？
29:38	83ヘチマ	うまい！
29:38	うにあ	ないすすぎ！
29:38	てぃれもん	ナイスナイス
29:38	松井、	うまい
29:38	kbf kbf	その他全般さん頑張ってる
29:39	神戸しゃれ	つよ
29:39	けんしん	うまい
29:40	ないむん	強いぞ
29:41	ぐだのすけ	草
29:42	しゃけねこ	草
29:44	カービィ	草
29:44	心刃	草
29:44	アキパン	ええ！？
29:44	Kazakura	しぃしぃつよ
29:45	ネムイ	草
29:46	凝固	！？
29:48	ヘィヴンダックス	なんだぁ！？
29:48	Hiroki SAKABE	うまい
29:48	かずき	うまい
29:49	星野空	草
29:49	るたろー	草
29:50	もくず	すごい仕事してんなw
29:50	chromin クロミン	椎名さんこんなにうまかったっけ
29:50	弾当てられない	草
29:50	矢瀬	守護神と化したしぃしぃ
29:50	うにあ	つよい！
29:52	氏家	何でも屋椎名
29:53	ごくごく民	押し付け合い
29:54	ハチミツ	キルも塗りもあさりもやっとるやん
29:54	taketo RONA	責任の押しつけあいw
29:56	イープカ	しぃしぃ堅いなぁ
30:00	枢木まいと	椎名さんの仕事量エグイなｗ
30:08	ミニドラ	目回りそう
30:08	洗濯テレビ	ほんと何でもできるなぁ
30:09	うにあ	負担でかいなｗ
30:11	kbf kbf	エペのおかげでシンプルに視野広がった説あるな
30:20	zale	椎名さんが防衛と塗りと指示全部してて草
30:24	様バナナ	スプラトゥーン面白いか？？
30:25	Metallic	
30:29	たべっちかにっち	ナイスぅ！
30:30	ぐだのすけ	ナイスゥ！
30:30	てぃれもん	ないすぅ！
30:32	うにあ	ないすー
30:34	Rei_ S2	ないす！
30:35	うにあ	いいぞ！！
30:35	しゃけねこ	ナイス
30:35	カービィ	ナイスゥ！
30:36	りょうちゃん	ないす！うますぎ！
30:36	木目	いいぞ
30:36	アキパン	ごーごー！
30:36	ダックスフント	しぃしぃ１時間前と見違える動き！すげぇ
30:37	ケンフー	ナイスすぎるｗ
30:39	るたろー	つよい
30:39	ガリレオ	つよいw
30:39	黎明卿新しきボンドルド	めっちゃキル取るなw
30:39	Cj	しぃしぃ上手い
30:41	もこもこありえす	マジでどうした！？
30:41	凝固	めっちゃやってるが！
30:43	ごくごく民	しぃしぃ過労死しそう
30:43	ヘィヴンダックス	勘取り戻しすぎだろ
30:43	toy2	仕事量すごい
30:43	83ヘチマ	しぃしぃうまくて草
30:44	めんとす	誰も大アサリをもってないのである
30:44	心刃	おｃ
30:45	まつまえ	つっよ
30:46	うにあ	ダメか！！
30:48	ミカグラ	アサリがない！
30:51	西アマネ	練習の成果出てんね
30:53	ないむん	急に覚醒してる
30:53	yasu fuji	攻め手が！
30:54	かおう_____ta	いけえええ
30:54	ケンフー	得点にならんなあ
30:54	たれぐま,	入れれば勝ち
31:00	Yuuki	いけえええええ！
31:00	矢瀬	おせおせ
31:00	カービィ	いけー１
31:01	́しょーゆー	めちゃ切るムーブしとるやん
31:04	うにあ	いけえええ
31:04	アキパン	いけええええええ
31:04	ぐだのすけ	突撃～！！！
31:06	青いザリガニ	いっけええええええ
31:07	もこもこありえす	うおおおおおおおおおお
31:10	うにあ	ああああ
31:10	たべっちかにっち	いけぇぇぇぇ
31:10	かおう_____ta	おっしいいいいい
31:10	松井、	おしい
31:10	ケンフー	あああ
31:10	アキパン	あーｗ
31:10	ラクタムβ	おしい
31:11	てぃれもん	あああ
31:11	りょうちゃん	おしいいいい
31:11	kbf kbf	おしい
31:12	Gリスナー	あー
31:12	しゃけねこ	ああ
31:12	長岡	gg
31:13	ぐだのすけ	gg
31:13	Rinka	あああああああああ
31:14	ネムイ	あああ
31:14	taketo RONA	入れられたー
31:14	たべっちかにっち	おしいｗ
31:15	ヘィヴンダックス	惜しい
31:16	Tながおか	くぅ
31:16	カービィ	おっしい！
31:16	なだきょう	gg
31:16	ぷりっつPretz	おしいい
31:16	ちくわぶ	草
31:16	徳川家康	おしい
31:16	てぃれもん	草
31:17	rosugi	gg
31:17	るたろー	おしいいい
31:17	Iceman	gg
31:17	凝固	惜しい‪w
31:17	うにあ	ｗｗ
31:17	しーく	おしかった
31:18	こまち	おしいいいいいい
31:18	ないむん	おしかった
31:18	R DA	GKがいないｗｗ
31:19	黎明卿新しきボンドルド	裏で攻められてたw
31:19	No. 25	惜しい
31:19	矢瀬	残念
31:19	B. D.	gg
31:20	かずき	おしい！
31:20	けんしん	草
31:20	しゃけねこ	草
31:21	シャムねこ	gg
31:21	nimu	おしいい
31:21	青いザリガニ	草
31:21	博麗麗博	おしい
31:21	かわ3	gg
31:22	もこもこありえす	おっしい
31:22	ねこさん1号	gg
31:22	桃花	いい勝負だったｇｇ
31:22	うさみ	gg
31:22	イノウエシンイチ	うまかっt
31:23	木目	惜しかった
31:23	しとり	おっしいいいいいいい！！！！！
31:23	ぎるがめっしゅ	おしい〜
31:23	ぜろぱか	ｇｇ
31:23	ミニドラ	アホアホ
31:23	アキパン	おしい～
31:23	Rei_ S2	おしい
31:24	うにあ	全員できた！
31:25	もろほろ	おっしいw
31:25	ガリレオ	みんなで責めちゃったw
31:26	うりす	いやあ熱かった！
31:26	牛タン将軍	おしい
31:26	佐藤太郎	おしいいい！
31:27	ふりっつ	ｇｇ
31:27	陽介	惜しかった
31:29	東雲美嘉	うまかった！
31:29	イープカ	gg
31:32	akira	gg
31:32	ヘィヴンダックス	まぁ
31:33	G3R	gg
31:34	Metallic	草
31:35	しーく	12
31:35	ぐだのすけ	草
31:36	かずき	草
31:36	うりょ	gg
31:37	たれぐま,	いっつも傘使うと同じこと言ってる
31:37	うにあ	ｗｗ
31:38	しゃけねこ	草
31:38	かわ3	またまた〜〜
31:39	toy2	全部やってるw
31:39	kbf kbf	さすが雑用！
31:39	ケンフー	どうしたｗ
31:39	アキパン	草
31:39	oreo [oreokkusu]	ｇｇ！
31:40	博麗麗博	草
31:40	archer	やってたよｗ
31:41	カービィ	さすがその他全般さん
31:41	黎明卿新しきボンドルド	12キルすごいやん
31:42	木目	椎名さん強かった
31:43	星ノ猫恵瑠花	Gg
31:43	うりょ	全部やってたわ
31:44	メインクーン	しぃしぃが持ってるアサリをまるまるに投げられればワンチャンあったね
31:44	かおう_____ta	うまいぞー！！
31:45	zale	本当に全部やってた
31:45	イープカ	屋台骨しぃしぃ
31:45	ゆり•	しいしい全部やってたよ笑笑
31:46	ターニングポイント	草
31:46	まぐえふ	活躍ぶりがすごい
31:47	83ヘチマ	しぃしぃ全部やってる
31:48	ケアル	全部係草
31:48	うにあ	全部なんだよなぁ・・・
31:49	まさなる	めっちゃキルとってた
31:50	桃purée	いやわかばで
31:52	エーピー	草
31:52	Kazakura	全部やるしぃしぃ
31:54	sho ma	ほんと上手いw
31:56	うどんこねっと	負担がでけえの
31:57	kbf kbf	これはzenpan417
31:57	ロ一ツェ	その他全般さん働くなぁ
31:57	ミカグラ	やっぱアサリ無しにしよう！！
32:11	Keys	zenpan417は草
32:14	toy2	zenpan417は草
32:26	エマノン	zenpanは草
32:27	ターニングポイント	草
32:29	かおう_____ta	草
32:30	ロ一ツェ	zenpan417
32:30	ぷりっつPretz	全般
32:31	zale	金網は†人速†だぞ
32:31	83ヘチマ	草
32:31	しとり	しぃしぃちゃんと全部できててすごいな
32:31	ぐだのすけ	草
32:34	れーん.	超射程使えるよね
32:34	アカうぃん	草
32:34	かずき	草
32:34	博麗麗博	草
32:35	無垢-muku-	zenpan417w
32:36	Metallic	草
32:36	しゃけねこ	草
32:37	うにあ	ｗｗ
32:37	りょうちゃん	草
32:37	カービィ	草
32:37	taketo RONA	草
32:37	松井、	草
32:37	アキパン	草
32:38	陽介	草
32:38	B 5	草
32:38	凝固	草
32:38	うどんこねっと	zenpan草
32:38	ゆり•	草
32:39	めんとす	するする（大嘘
32:39	ネムイ	草
32:39	ガリレオ	草
32:39	もこもこありえす	草
32:40	Gリスナー	なんだよその理由ｗ
32:40	しーく	草
32:40	Tながおか	草
32:41	るたろー	草
32:42	ヘィヴンダックス	あっ
32:43	心刃	草
32:44	かおう_____ta	草
32:44	P sin	ナイスしてくれない
32:45	しゃけねこ	草
32:45	kbf kbf	草
32:45	たべっちかにっち	草
32:46	てぃれもん	草
32:46	archer	草
32:48	Yuuki	2人ｗ
32:48	シャムねこ	ほん魔界ノ？
32:55	陽介	草
33:02	G3R	草
33:03	taketo RONA	草
33:05	ケンフー	アーマー多いわｗ
33:07	ダックスフント	抑えのエビオは草
33:08	うにあ	ｗｗ
33:09	ぽぽぽぽぽぽ	草
33:09	エーピー	草
33:09	木目	エビオの気まぐれ出たなｗ
33:09	りょうちゃん	草
33:10	かおう_____ta	草
33:10	ぐだのすけ	草
33:10	しゃけねこ	草
33:10	イープカ	相変わらず塗りはしぃしぃ頼り
33:11	なだきょう	草
33:11	カービィ	エビオが被るのかよｗ
33:11	Cj	草
33:12	うさみ	草
33:13	toy2	草
33:14	ヘィヴンダックス	なんだよもう
33:15	たべっちかにっち	草
33:17	うりょ	ゴー
33:18	ごくごく民	遊び始めた
33:21	陽介	遊べ遊べ
33:22	うどんこねっと	ツッコミしぃしぃ
33:25	黎明卿新しきボンドルド	迷走し放題w
33:34	くるくるくるくるすと	しぃしぃ働かせ隊
33:35	星ノ猫恵瑠花	チーム気まぐれ
33:40	うにあ	全部やんｗｗ
33:41	めんとす	天丼
33:41	Rei_ S2	草
33:42	どっすん。	ツッコミ担当になるの草
33:42	Metallic	草
33:42	taketo RONA	塗りとキルと指揮がんばれw
33:43	しーぷどっぐ	塗り奴隷しぃしぃ
33:44	うどんこねっと	Zenpan417
33:44	るたろー	草
33:45	ぐだのすけ	万屋椎名
33:46	zale	毎回塗り糞雑魚で草
33:48	Hậu prolayerchấtchơingườidơi ngườinhện ngườisắt	...
33:49	ヘィヴンダックス	全部椎名さんがやってくれますから
33:49	うりょ	チームを甘やかさないと
33:49	凝固	全部椎名さんで！
33:50	なぎのこ	全部の椎名
33:50	カービィ	安定のその他全般
33:53	黎明卿新しきボンドルド	全部やらされんのほんと草
33:56	da pan	椎名さんが一番働くコラボまである
33:57	もこもこありえす	zenpan417
33:58	しーく	全般椎名さんで！
33:59	しゃけねこ	おしい
34:01	Saga_pokotaです	アブラハムの方の配信見てくる
34:04	矢瀬	厳しい
34:08	めんとす	今さくゆいあった？
34:16	ダックスフント	しぃしぃ面倒見いいねん！
34:18	83ヘチマ	zenpan417
34:19	りょうちゃん	ないす！
34:21	青いザリガニ	ないすぅ
34:21	ぐだのすけ	ナイスゥ
34:25	うりょ	伊藤ハムだよ
34:29	うにあ	ｗｗ
34:35	ケンフー	何誤魔化してんのｗ
34:40	しゃけねこ	ナイス！
34:41	たべっちかにっち	ナイスぅ！
34:42	アキパン	おけ～
34:42	りょうちゃん	ナイス玉刺さってんねぇ！
34:43	Yuuki	ナイスー！
34:45	うりょ	ナイスゥ
34:47	うにあ	いいぞー
34:49	Metallic	
34:50	アキパン	ないす
34:51	kbf kbf	ナイス
34:52	松井、	ないすぅ
34:59	木目	一気に上がってきたな
35:05	Hiroki SAKABE	ボムの椎名
35:05	ミニドラ	つらい
35:06	83ヘチマ	ボムないす
35:06	ヘィヴンダックス	流れ変わったな
35:15	zale	キルも塗りも指示も本当に全部してるんだよなぁ
35:19	うにあ	まじかー
35:21	taketo RONA	なんやそのボム
35:22	木目	ふわっちうめえ
35:22	DKYM	うっめえな
35:23	da pan	ふわっちつえー
35:25	青亀	うめえ
35:25	toy2	笹木肩あったまってきたな
35:28	ミカグラ	ふわっちやっぱうめえなあ
35:29	矢瀬	相手のエンジンかかってきてんなぁ
35:29	くろいうさぎ	ふわっち上手だなぁ
35:29	うにあ	ふわすげえな
35:29	陽介	ふわっちうめーな！
35:29	ハチミツ	これは
35:31	黎明卿新しきボンドルド	厳しいな
35:32	うりょ	本気出してきたな
35:32	コンパス	ふわっちすごい
35:33	リタレイト	aitenokaba-gaumaiwa
35:34	桃花	不破上手いなやっぱ
35:35	9614月影	今のふわみなうますぎ
35:36	83ヘチマ	こいつ呼び草
35:38	しゃけねこ	ナイスボム
35:38	kbf kbf	やば
35:39	Metallic	
35:45	メインクーン	しっかり疑似確デュアルだ
35:46	うにあ	あああ
35:46	みうプポん3	こいつww
35:47	ぐだのすけ	gg
35:47	ネムイ	ああ
35:47	カービィ	gg
35:48	てぃれもん	gg
35:49	なだきょう	gg
35:49	うさみ	gg
35:49	Gリスナー	あー
35:49	kbf kbf	gg
35:49	しゃけねこ	ああ
35:51	ネムイ	gg
35:51	かずき	gg
35:52	もこもこありえす	gg
35:52	ぷりっつPretz	ここやば
35:52	アキパン	つよいなー
35:52	うにあ	ダメかー
35:52	ないむん	強いなぁ
35:53	長岡	gg
35:53	りょうちゃん	gg
35:54	Metallic	gg
35:55	つきの	いまのすごいな
35:55	ガリレオ	gg
35:55	アキパン	ｇｇ
35:55	うりょ	ff
35:55	木目	gg
35:55	るたろー	gg
35:55	taketo RONA	塗りあかんw
35:56	かおう_____ta	gg
35:56	Rei_ S2	gg
35:56	Yuuki	gg
35:57	たべっちかにっち	gg
35:57	うりょ	っｇ
35:58	星野空	上取れてたのきついね
35:58	nimu	gg
35:59	こまち	gg
35:59	りょうちゃん	草
36:00	しとり	gg
36:00	松井、	あれ？
36:01	めんとす	流れ変わったな
36:01	博麗麗博	gg
36:02	ねこさん1号	相手も本気出してきたねw
36:02	うりょ	gg
36:03	かわ3	温まってきた
36:03	LEON	gg
36:03	うにあ	相手始まったな・・・
36:03	Kazakura	あれ？
36:03	アキパン	空気悪くね？
36:03	凝固	あれ？
36:04	あかるる	もうはじまっちゃってんだよね
36:04	kbf kbf	打開されてない？
36:05	ミカグラ	g
36:06	ダックスフント	あれ？やばやば？
36:06	うどんこねっと	相手あったまってきてない？
36:07	青いザリガニ	あれ？流れが…
36:07	めじぇど	gg
36:07	folma	おか椎名
36:08	ミニドラ	イブチャンのやば出たら終わりよ
36:08	とおのマン	温まってきたな
36:08	桃花	ｇｇ
36:08	木目	ふわっちが牙向いてきたな
36:08	桃purée	おか
36:08	陽介	おか
36:09	貴田成海	おか椎名
36:09	イープカ	おか
36:10	DKYM	おか
36:10	もこもこありえす	おか
36:10	まめ	おか椎名
36:11	83ヘチマ	おか椎名
36:11	うりょ	やっちゃってますわ
36:11	かおう_____ta	き、気のせいさ…
36:11	まさなる	おか椎名
36:12	たべっちかにっち	なんかあったまってないｗ？
36:12	むーん。	おか椎名
36:14	中空chukuu	おか椎名
36:14	ミィ	ささきつよ
36:15	うにあ	あったまってきたな
36:15	Yuuki	流れ変えてこ
36:16	ヘィヴンダックス	最強じゃなくね？
36:17	あるは/ Alfa uhi	相手からだが暖まってきたかも
36:18	archer	キルが椎名さん1番なの草
36:19	エーピー	おか
36:21	AC	岡椎名
36:25	XH	しぃしぃマジで全部やってて草
36:33	ぴーわいおー	おか
36:35	83ヘチマ	zap
36:37	みなかがみ	笹木ものってきたな
36:47	ケンフー	そんなことｗ
36:48	zale	黒ZAPいいよね
36:48	りょうちゃん	草
36:49	松井、	草
36:49	しゃけねこ	草
36:49	てぃれもん	草
36:49	たべっちかにっち	草
36:49	博麗麗博	草
36:50	ぐだのすけ	草
36:50	かずき	草
36:50	うりょ	指示も椎名さんか
36:50	うどんこねっと	他全部
36:51	ひがしのそら	草
36:51	rosugi	草
36:51	kbf kbf	その他全般定期
36:52	ネムイ	草
36:52	陽介	草
36:52	もこもこありえす	椎名さんが言うなら
36:52	Metallic	草
36:53	もんぬサマー	いつも全部やらされてて草
36:53	アキパン	zenpan417
36:53	うにあ	また全部かーｗｗ
36:54	ミニドラ	イブチャンのギャル語好き
36:55	カービィ	そうは言ってないｗ
36:55	nimu	草
36:55	Kazakura	しぃしぃ！？
36:55	ダックスフント	よろず屋しぃしぃ！
36:56	るたろー	草
36:57	ターニングポイント	草
37:00	黎明卿新しきボンドルド	キル任せてんだよw
37:02	G3R	草
37:02	ヘィヴンダックス	椎名さんならやってくれますよ
37:03	木目	実際に椎名さんマジで何でもやってるんだよな…
37:03	DKYM	担当でかすぎんだろ
37:05	アカうぃん	その他全般
37:06	folma	キル以外全部しぃしぃ！？
37:07	ガリレオ	草
37:08	taketo RONA	草
37:09	da pan	他全部椎名とかいう謎の雑イジリ
37:09	Virra	ブラスターもってパシャパシャするだけ
37:09	博麗麗博	草
37:10	うにあ	馬鹿にしてますねえ・・・
37:11	たれぐま,	過去最大に働いてるしぃしぃ
37:11	リタレイト	若葉はアシストめっちゃ入るからね
37:11	Yuuki	しぃしぃの負担でかすぎるｗ
37:21	エアプ学会名誉会長	
37:21	フィエリス	いつも他全般やらされてて実際できてて草
37:22	Eva Evance	向こうが噛み合ってきたんやな
37:25	ふくたろ	何ならこっちも今気づいたからな
37:31	83ヘチマ	顔もでかいしな
37:37	yasu fuji	一応先輩だもんな！
37:39	たこやきたいやき	過去一番働いてるしぃしぃ
37:42	どすこい太郎	謝罪以外何でもできる大福
37:44	da pan	アルスおとなしいな
37:48	たなか	顔も負担も大きい
37:50	Kazakura	エリア楽しい
37:51	リタレイト	かおでかはつよい
37:58	りょうちゃん	ぼごぼご
38:01	神戸しゃれ	ぼごぼご
38:04	西アマネ	ボゴボゴ
38:07	バーヤ。	ヴォゴヴォゴ
38:07	凝固	滑舌が溶けてる
38:11	kou	ボゴボゴにします
38:11	鳥.	ぼぉごぼぉご
38:11	たこやきたいやき	マルマル全く言えてないの草
38:12	しゃけねこ	ナイス！
38:12	shiz	先輩出来てえらい
38:16	カービィ	うっま
38:16	りょうちゃん	まるでうまい！
38:17	松井、	まるでうまい
38:18	しゃけねこ	うっま
38:19	うにあ	まるでうまい！
38:19	ミニドラ	マルマルおとなしい子よ
38:19	rosugi	まるでうまい
38:19	神戸しゃれ	まるでるまい
38:19	ぐだのすけ	まるでうまい！
38:20	Yuuki	まるでうまい
38:20	かおう_____ta	いいね！！！
38:20	てぃれもん	まるでうまい！
38:20	黎明卿新しきボンドルド	まるで上手い
38:20	たべっちかにっち	まるでうまい！！！
38:21	kbf kbf	まるで上手い
38:21	Gリスナー	うますぎｗ
38:21	凝固	まるで！
38:22	青いザリガニ	あばれてる
38:23	folma	マルマルでうまい
38:23	イープカ	まるで上手いみたい
38:24	もこもこありえす	ナイス！
38:24	西アマネ	いいね
38:26	はんぺん	比喩すな
38:26	るたろー	まるでうまい！
38:27	矢瀬	おしい
38:28	ガリレオ	まるでうまい
38:28	黒LABEL	まるでうまい！
38:29	ケンフー	まうえ
38:30	アキパン	ないすう
38:30	あかあか	​まるでうまい！
38:30	toy2	まるで上手いか？
38:31	うりょ	ふわっちは食えなかったか
38:31	WRyou_Italy	チーム名決まったな
38:31	てかみ	つっよ
38:32	矢瀬	ごーごー
38:33	ないむん	まるでうまいｗ
38:34	taketo RONA	断末魔よ
38:35	zale	つよ
38:35	Kazakura	調子乗ってんねぇ！
38:36	しとり	まるで上手い
38:36	エーピー	まるで上手い！
38:40	うにあ	うわあ
38:45	アキパン	おけおけ
38:46	ぽぽぽぽぽぽ	うわぁ～
38:46	りょうちゃん	ナイスボム！
38:47	木目	置きボムいいぞ
38:54	うにあ	おそろしい
38:56	もこもこありえす	草
39:07	リタレイト	関門おしい
39:19	taketo RONA	学びの英雄
39:21	心刃	草
39:21	ぐだのすけ	草
39:22	しゃけねこ	草
39:22	うにあ	ｗｗ
39:25	凝固	草
39:26	かおう_____ta	完全防御だ！
39:26	黎明卿新しきボンドルド	サスケェ！
39:26	イープカ	戦いのなかで成長する英雄
39:27	ケンフー	写輪眼かよ
39:29	陽介	ナルト草
39:32	da pan	ナルトだから(サスケだから)？？？
39:32	むーん。	味方に魔人ブウおる？
39:34	ヘィヴンダックス	トークがぐっちゃぐちゃ
39:39	XH	カカシやろ
39:41	たべっちかにっち	ナイスぅ！
39:42	松井、	ないすぅ
39:42	心刃	いいね
39:43	矢瀬	いい仕事
39:44	ぐだのすけ	ナイスゥ！
39:44	うりょ	おおー
39:44	黎明卿新しきボンドルド	あっぶな
39:46	うりす	ナイスゥ！！
39:46	うにあ	いいぞー
39:48	ミカグラ	あっぶねw
39:50	もこもこありえす	ナイスすぎんか？
39:52	うりょ	仕事してる
40:02	taketo RONA	ボムうますぎん？
40:10	うにあ	仕事してるんだよなあ
40:13	たべっちかにっち	よう生きるｗ
40:14	WRyou_Italy	良い仕事
40:16	黎明卿新しきボンドルド	生存上手い
40:27	DKYM	なんかすげえ働いてね？
40:28	アキパン	いいよー
40:29	ネムイ	うまい
40:33	ダックスフント	しぶといしぃしぃ
40:34	folma	生きててえらい状態
40:36	モコモコ	生存いいぞ
40:37	るるるるぅ	生存大きい
40:41	るたろー	めっちゃ生きた
40:41	うりょ	がんばえー
40:41	かおう_____ta	だいぶ生きた！
40:44	もこだんちょ	しぃしぃマジで守護神
40:44	83ヘチマ	生存意識いい
40:45	Ritu	おいすー
40:45	桃花	キャラコンほんとうまいわ
40:47	木目	ナイス生存だった
40:49	ミカグラ	悪りぃ 俺死んだ
40:53	イープカ	いきててえらい！
40:53	しゃけねこ	いいね！
40:53	ぐだのすけ	おお
41:00	れーん.	裏かなりささっちゃうね
41:03	エマノン	ほんと死なんなあ
41:25	うりょ	ひええ
41:25	toy2	本当にその他全般やってんだよなあw
41:29	りょうちゃん	うわああ
41:30	kbf kbf	やばい
41:30	うにあ	きつい
41:31	たべっちかにっち	きっついｗ
41:33	矢瀬	あー
41:33	folma	ぴえん
41:34	心刃	あ
41:34	Tながおか	ばや
41:34	ぐだのすけ	うわぁ
41:34	カービィ	やび
41:34	ダックスフント	一気に攻めて来た
41:35	もこだんちょ	スペシャル合わせてきたねぇ
41:35	陽介	ヤバい
41:35	しゃけねこ	ああ
41:36	モコモコ	スペ連打やばいな
41:36	心刃	抜かれた
41:37	黎明卿新しきボンドルド	やっば
41:39	zale	アーマー吐いてから行かないと無理やぞ
41:41	コンパス	やばい
41:42	アキパン	やべえ
41:42	てょばん	スペシャルの使い方うまいねー
41:43	りょうちゃん	ないす！
41:43	星野空	おっと？
41:44	たべっちかにっち	落ちたｗ
41:44	桃花	リードされたか
41:45	ターニングポイント	草
41:46	かおう_____ta	やばいなー
41:46	ないむん	あっ
41:46	83ヘチマ	おちた
41:46	矢瀬	ありがち
41:46	kaiei[かいえい]	逆転された
41:47	うにあ	あーー
41:47	なだきょう	草
41:47	ケンフー	落ちたなあ
41:48	No. 25	逆転されたかぁ
41:48	凝固	草
41:54	Kazakura	草
41:55	はんぺん	なかよ死
41:55	イープカ	さくゆいキテルのか？
41:57	kbf kbf	これはきつい
41:58	Metallic	
42:01	うにあ	ないす！
42:01	どすこい太郎	玉強すぎる
42:01	たべっちかにっち	ナイスぅ！
42:02	わか-waka-	笹木ざまあとか言ってそう
42:02	松井、	ないすぅ
42:03	Gリスナー	こらきつい
42:06	るたろー	ないすー！
42:07	ミニドラ	ナイス
42:07	うにあ	いいねえ！
42:13	yasu fuji	キルすげ
42:15	うにあ	いいぞ！
42:16	ケンフー	どんどん来る
42:16	もこもこありえす	ボム避けいいぞ！
42:19	アキパン	ここからだ！
42:24	かおう_____ta	いけいけー！
42:25	桃花	いい仕事してるわ
42:27	うりょ	こっからだぜ
42:28	ねこわん	きついな
42:29	Keys	働きやば
42:29	矢瀬	打ち勝てー
42:30	Yuuki	こっから逆転よ！
42:39	ねこわん	いけるか！
42:48	りょうちゃん	キャラコンうますぎ
42:50	エーピー	お？
42:53	矢瀬	おー
42:54	うにあ	あああ
42:58	てぃれもん	あああ
42:58	心刃	あー
42:58	ぷりっつPretz	あああああ
42:58	Gリスナー	あー
42:59	Yuuki	ああああああ
42:59	うりょ	おおおああああ
42:59	zale	まぁ最悪はかせた
42:59	もこだんちょ	あああ
43:00	ネムイ	あああ
43:00	ぐだのすけ	ああああ
43:00	しゃけねこ	あああ
43:00	なだきょう	あああ
43:00	松井、	gg
43:00	かわ3	くっそおおおお
43:00	黎明卿新しきボンドルド	あー
43:00	アキパン	ああああ
43:00	みなみ	おしいいい
43:01	矢瀬	おっしー
43:01	カービィ	ああああああ
43:01	ガリレオ	あああ
43:01	るたろー	ああああ
43:01	ミカグラ	あああ
43:01	Rei_ S2	おしい
43:02	rosugi	gg
43:02	けんしん	うわー
43:02	toy2	惜しいい
43:03	陽介	おしい！
43:03	長岡	gg
43:04	有機物	おしい
43:05	たべっちかにっち	おしいいいいい！
43:05	はいどれ	おっしいな～
43:05	りょうちゃん	おしかったあああああ
43:05	シャムねこ	gg
43:05	うりょ	おしい
43:05	S朱	あああああああ
43:06	しーく	おしかった
43:06	ないむん	おしかった
43:07	No. 25	惜っしい～～～
43:07	西アマネ	おしい
43:07	うにあ	おしいい！！
43:07	てぃれもん	gg
43:07	イープカ	ナイスガッツ！
43:07	ぐだのすけ	gg！
43:08	G3R	gg
43:08	青いザリガニ	gg
43:08	かずき	あああああ
43:08	しゃけねこ	gg
43:08	もこもこありえす	あーおっいぃ
43:09	桃花	ｇｇ
43:09	nimu	gg
43:09	oreo [oreokkusu]	おしいいいい
43:09	ミカグラ	gg
43:09	洛水佑馬	おしい
43:09	永久機関回転寿司	おしい
43:10	B. D.	おっしい
43:10	うりす	nt
43:11	うりょ	gg
43:11	イノウエシンイチ	接戦
43:12	ミニドラ	何勝だ
43:13	Iceman	gg
43:13	ヘィヴンダックス	熱い戦いになってきましたね
43:13	ねこさん1号	惜しいいいいいい
43:13	ねこわん	おしい
43:13	しとり	ああああおしい！！！
43:13	けんばく	おしい
43:14	うりょ	雰囲気が
43:14	kaiei[かいえい]	いい試合ではあるが・・・
43:14	アキパン	あれ？
43:15	ぎるがめっしゅ	gg
43:16	Kazakura	あれ？
43:16	黎明卿新しきボンドルド	おや？
43:16	うにあ	あれ？？
43:16	Yuuki	おしかったー
43:17	ミカグラ	まだ同点やから
43:18	陽介	同点やな
43:20	yasu fuji	空気わるくね？
43:22	kbf kbf	キル数は多いのに…；；
43:22	うりょ	勢いがな
43:22	もこもこありえす	空気悪くね？
43:23	ぎるがめっしゅ	おしい〜
43:23	リタレイト	あいてさすが打開がうまい
43:24	ラクタムβ	草
43:24	うにあ	ｗｗ
43:24	りょうちゃん	草
43:24	てぃれもん	草
43:24	ターニングポイント	草
43:24	心刃	草
43:26	Metallic	草
43:27	ねこわん	草
43:27	ネムイ	草
43:27	taketo RONA	草
43:27	もこもこもこもこ	Aがおるな・・
43:28	かおう_____ta	草
43:28	モコモコ	まじでなんでもやってんな
43:29	しゃけねこ	草
43:29	ケンフー	試合前のアーカイブ見てこい
43:29	博麗麗博	草
43:29	めじぇど	あれ？
43:29	桃園あい	ん？
43:30	うにあ	そんなこと言ってねえし
43:31	アカうぃん	草
43:31	うどんこねっと	ヤグラはうちらのしまじゃノーカン
43:32	かずき	草
43:32	?!	草
43:33	G3R	草
43:34	ぐだのすけ	草
43:35	青いザリガニ	やっぱホコなんだよなぁ
43:35	るたろー	草
43:35	エーピー	草
43:36	zale	これ全部いう奴じゃん
43:36	WRyou_Italy	っぱホコよ
43:37	ガリレオ	草
43:39	cana bob	アップ終わったな
43:39	Gリスナー	流れが・・・
43:40	ヘィヴンダックス	やっぱエースとか言ったから敗北者に
43:41	イープカ	ブラスタ、ボコボコ…あれ？
43:42	LEON	椎名さんキルしまくっててすごい
43:43	しとり	キル数はえぐい
43:51	りょうちゃん	草
43:52	しゃけねこ	草
43:54	アキパン	草
43:56	キノ	頑張れー
43:56	shiz	発言がクズ過ぎて最高に好き
43:57	かおう_____ta	草
43:57	ぐだのすけ	草
44:01	桃purée	96w
44:03	凝固	魅せるイブラヒム
44:04	しろやま	好きな武器使わせたれよｗ
44:12	おさるさん	後でイブラヒム見てほしい
44:33	ミルマ / milma	開幕即割り来るぞ
44:34	archer	え？
44:36	りょうちゃん	え？
44:36	木目	ここで分張りたいね
44:37	しゃけねこ	草
44:38	黎明卿新しきボンドルド	どうした？
44:38	エーピー	え？
44:39	83ヘチマ	ん？
44:42	Rei_ S2	ん？
44:42	ぐだのすけ	草
44:42	かずき	ん？
44:43	心刃	草
44:43	Metallic	草
44:43	ヘィヴンダックス	えぇ
44:44	kbf kbf	ん？
44:44	エーピー	ん？
44:45	Gリスナー	え？
44:45	うにあ	ｗｗ
44:45	アキパン	ん？
44:45	Kazakura	ここで勝つことでね
44:45	ミカグラ	ん？
44:46	かおう_____ta	草
44:47	てぃれもん	草
44:48	ぽぽぽぽぽぽ	ん？
44:48	博麗麗博	草
44:49	もこもこありえす	草
44:49	kou	ん?
44:49	Yuuki	草
44:50	ワタル	ん？草
44:50	しとり	草
44:51	カービィ	草
44:53	めんとす	お荷物？
44:55	うにあ	首か・・・
44:55	るたろー	草
45:05	ミニドラ	ん？
45:19	ヘィヴンダックス	台本通りだな！！！
45:20	黎明卿新しきボンドルド	他称は控えめじゃないw
45:22	リタレイト	アルスマジでしゃべらんなあｗ
45:24	yasu fuji	まるで最強
45:25	kbf kbf	そろそろ勝つかぁ～ｗ
45:30	かおう_____ta	はっや
45:30	うにあ	はや
45:32	ダックスフント	ほんまござか？
45:36	83ヘチマ	はっや
45:53	はんぺん	ナイスカバー
45:54	モコモコ	びっくりした
45:54	yasu fuji	忍者かよ
45:55	taketo RONA	ホラーみたいなローラー
45:56	ミカグラ	ぎゃあ
46:01	ミニドラ	ローラ潜伏してた
46:02	木目	潜伏こわ
46:07	No. 25	相手ガッツリ対物積んでるな
46:09	黎明卿新しきボンドルド	ローラー突然ヌルッと出てきてキルするの怖い
46:12	凝固	治安
46:22	矢瀬	油断できないなぁ
46:27	木目	ふわっち得意のボムラきたな
46:31	ミニドラ	右にいる言うたで
46:33	zale	キューバンピッチャーむりだな
46:41	星野空	相変わらず打開がきついね
46:45	リタレイト	アルスギアどうした？ｗ
46:51	カービィ	あっ
46:52	めんとす	あっ
46:53	ワタル	これはやったわｗ
46:53	たべっちかにっち	やっちたｗ
46:54	ぐだのすけ	あら
46:55	ミカグラ	あっ
47:00	アキパン	やび
47:01	ふくざわゆきち	草
47:06	zale	右から（左から）行くの草
47:10	黒蜜糖 Black sugar	ホコもったら進まないくせ前からだな
47:16	ハチワレ	攻めのターン
47:17	矢瀬	結構、押し返せたな
47:37	うにあ	ないす！！
47:39	ミニドラ	行くぞしいな
47:40	Metallic	
48:01	ミカグラ	クイボいってえ
48:07	黎明卿新しきボンドルド	押し込める
48:12	しゃけねこ	おしい
48:13	りょうちゃん	おしいいい
48:14	toy2	ふわっちやべえ
48:19	うにあ	まだわからん
48:19	かおう_____ta	まだいける！！
48:20	アキパン	まだ舞える
48:22	taketo RONA	まだ舞える
48:22	桃花	いい勝負
48:22	たべっちかにっち	まだ時間はある
48:25	Yuuki	まだいけるぞー
48:32	矢瀬	厳しいなぁ
48:36	伊能忠敬	フワーマンが倒せない
48:37	ハチワレ	ホコ行く前にローラー突っ込みたいな
48:40	B. D.	流れが
48:41	しゃけねこ	あっ
48:42	心刃	あっ
48:42	ケンフー	あっ
48:43	うにあ	ああああ
48:45	りょうちゃん	ああああ
48:45	リタレイト	あっ
48:45	カービィ	あああああ
48:46	yasu fuji	ローラーやべぇなぁ
48:46	黎明卿新しきボンドルド	あー
48:46	ガリレオ	ああああ
48:46	kiri	やられたー！
48:46	アキパン	一気にいかれたｗ
48:46	てぃれもん	ああ
48:46	Rinka	うわあああああ
48:47	ねこさん1号	あっ
48:48	長岡	gg
48:48	たべっちかにっち	ぎゃあああｗ
48:48	めんとす	誰もいないんだけど草
48:48	ぐだのすけ	あああ
48:48	るたろー	うわあああ
48:48	なだきょう	ああああ
48:48	B. D.	あー
48:49	ネムイ	ああ
48:49	モコモコ	ああああ
48:49	もこだんちょ	あそこで全落ちはきちぃ
48:50	taketo RONA	うちらホコじゃないな
48:51	Yuuki	くっそー
48:51	木目	相手のラッシュがうめえ
48:52	Virra	あっ
48:52	博麗麗博	gg
48:53	ミニドラ	なに？
48:54	かおう_____ta	くっそおおおお
48:55	kbf kbf	4タテ…？？
48:55	桃花	ｇｇ
48:56	こまち	gg
48:56	うさみ	ホコちゃうかったんか…
48:56	Iceman	gg
48:57	めぐすけ	しゃーない
48:58	かずき	gg
48:59	nimu	gg
49:00	G3R	gg
49:00	しとり	ああああ
49:00	星野空	打開つらいねぇ
49:00	凝固	あれ？これ相手なんか…
49:00	めじぇど	gg
49:00	S K	gg
49:01	青いザリガニ	gg
49:01	ぎるがめっしゅ	ああああ
49:02	ろろ	gg
49:04	黒蜜糖 Black sugar	あいてプレデターか？
49:06	toy2	うちらホコじゃないな
49:08	たこちゃ	ホコじゃなかったな笑
49:09	Metallic	gg
49:13	ぜろぱか	ｇｇ
49:16	たべっちかにっち	おかしぃな
49:17	モコモコ	椎名さん矛もったら塗りやばくなるな
49:19	エーピー	草
49:20	なだきょう	gg
49:21	心刃	７回だっけ？
49:23	かずき	草
49:24	カービィ	草
49:25	ぐだのすけ	草
49:25	松井、	草
49:26	心刃	草
49:26	かわ3	バレへんバレへん
49:26	Rei_ S2	草
49:26	archer	草
49:27	Tながおか	草
49:27	コンパス	うちらアサリだから
49:28	ねこさん1号	草
49:28	もこもこありえす	草
49:28	黎明卿新しきボンドルド	草
49:28	もんぬサマー	草
49:29	かおう_____ta	草
49:29	Rinka	草
49:29	青いザリガニ	草
49:29	クレシアン	草
49:29	神戸しゃれ	草
49:29	うにあ	バレへんバレへん
49:29	スケルトン	草
49:30	ぽぽぽぽぽぽ	草
49:30	Yuuki	草
49:30	ミカグラ	草
49:31	rosugi	草
49:31	イープカ	草
49:32	魚のありふ	草
49:33	エーピー	草
49:34	G3R	草
49:34	kbf kbf	草
49:35	toy2	草
49:36	リタレイト	草
49:36	Metallic	草
49:37	ヘィヴンダックス	そんなに？
49:38	No. 25	草
49:38	しとり	草
49:39	Kazakura	ちょっとだけ飛ばすか
49:39	しゃけねこ	草
49:43	弾当てられない	草
49:43	瓦斯灯	草
49:44	taketo RONA	来てしまった
49:45	めじぇど	モンガラの短射程はな…
49:47	まさなる	不正で草
49:47	エーピー	
49:48	zale	ZAPでええやろ
49:48	ミカグラ	ちょっとここ消えてますね
49:49	陽介	草
49:50	伊能忠敬	３勝４敗？
49:55	spade	ボム投げればええやん
49:57	ケンフー	ミサイルでも撃っとく？
49:59	ミニドラ	エビオらしいいやらしい戦いしろ
50:00	りょうちゃん	お！？
50:00	9614月影	単射程きついあん
50:02	木目	マジ？
50:03	たべっちかにっち	草
50:03	かおう_____ta	おっ！やるんか！！
50:03	松井、	草
50:03	アキパン	草
50:04	ネムイ	草
50:04	心刃	草
50:05	しゃけねこ	おっと
50:05	83ヘチマ	おっと！？
50:06	博麗麗博	草
50:06	rosugi	いいね〜
50:06	ぐだのすけ	草
50:07	れれ	まじか
50:07	ガーゴイルくん	エビオスプラの理解高いな
50:07	ガリレオ	草
50:07	SANA	逆境がすぎる
50:08	かずき	草
50:09	あおあお	エクスは草
50:09	桃purée	エクス
50:09	Metallic	草
50:09	kbf kbf	舐めプすか？
50:09	ぽぽぽぽぽぽ	挑戦しすぎ
50:10	りょうちゃん	エクス
50:11	Tながおか	いけるんか！？
50:11	ひがしのそら	草
50:12	da pan	４連敗中に挑戦を？！
50:13	もこもこありえす	オイオイオイ
50:13	神戸しゃれ	エクプロ
50:14	るたろー	草
50:14	黎明卿新しきボンドルド	草
50:14	青いザリガニ	あえてね
50:14	駆け舞踏	草
50:16	イープカ	おおめずらし
50:17	ひまみずお	ヤグラ最弱
50:17	No. 25	いや草
50:17	あかるる	挑戦（アソビ）
50:18	カービィ	草
50:18	Sekitoセキト	
50:18	星野空	草
50:20	zale	流れ変わったな･･･
50:20	はいどれ	捨てフェイズ
50:21	rim toopogi	草
50:22	Yuuki	挑戦すっかｗ
50:22	taketo RONA	塗りきつくね？
50:22	siki.	あと二回負けれるからへーきへーき
50:22	エーピー	草
50:23	しーく	草
50:23	リタレイト	絶対胎児の動画見たなｗ
50:25	イープカ	冒険者きたな
50:26	ケンフー	数か月前練習していたという
50:27	てょばん	ここのエクスロは犯罪だw
50:27	しゃけねこ	草
50:32	archer	まぁ使ってるからねｗ
50:32	ミカグラ	アソビ大全！？
50:33	Kazakura	ぼうけんのしいしい
50:34	みうプポん3	草
50:36	Virra	いったんエコで
50:37	Sekitoセキト	でも強いぞ
50:44	ぐだのすけ	草
50:44	心刃	草
50:45	うりす	草
50:46	りょうちゃん	草
50:47	アキパン	草
50:48	しゃけねこ	草
50:52	ミニドラ	なんの脅しだ
50:53	エーピー	エコラウンドだな
50:55	パプリカの騎士	モンガラのエクスは強えからな
50:56	神戸しゃれ	射程がすごい
51:00	くるくるくるくるすと	塗りシューターゼロで草
51:05	ねこさん1号	ヴァロラント方式w
51:14	83ヘチマ	がんばれぇ
51:15	taketo RONA	アサリモンガラギミックどうなってたっけ
51:17	うにあ	全部な！
51:23	りょうちゃん	草
51:24	はんぺん	遠距離しかいねぇｗ
51:24	心刃	草
51:24	Metallic	草
51:25	しゃけねこ	草
51:25	ネムイ	あぶなｗ
51:25	Yuuki	こわｗ
51:25	panda cool	l
51:25	かおう_____ta	草
51:26	kbf kbf	草
51:26	ケンフー	負けそうになってた
51:26	カービィ	草
51:28	ぐだのすけ	草
51:31	るたろー	草
51:31	めんとす	うわぁーで草
51:35	黎明卿新しきボンドルド	射程はなw
51:36	矢瀬	すでに危ない
51:46	うにあ	ｗｗ
51:46	ラクタムβ	草
51:46	かおう_____ta	草
51:47	まめ	草
51:48	めんとす	草
51:48	青いザリガニ	草
51:48	心刃	草
51:48	かずき	草
51:49	けんばく	草
51:49	りょうちゃん	草
51:49	かわ3	草
51:49	てぃれもん	草
51:49	るみねん	草
51:49	カービィ	近距離がｗ
51:49	ふくざわゆきち	草
51:50	モコモコ	草
51:50	しゃけねこ	草
51:50	toy2	草
51:50	Yuuki	草
51:51	ネムイ	草
51:51	SANA	詰められてて草
51:51	Metallic	草
51:52	ぐだのすけ	草
51:52	あばれウミガラス	ボロボロで草
51:52	なだきょう	草
51:52	ケンフー	スフィアなあｗ
51:52	もんぬサマー	おいおい
51:53	たべっちかにっち	草
51:53	うにあ	使えんかったｗｗ
51:53	S朱	草
51:53	西アマネ	草
51:53	凝固	迫真の
51:54	zale	スフィアつかえ
51:54	もこだんちょ	潜り込まれたら無力
51:56	エーピー	草
51:56	ミニドラ	塗りの椎名
51:56	心刃	壊滅してません？
51:56	株助	スフィアに慣れてないなｗ
51:58	しーく	草
51:59	ごくごく民	渾身の助けて
52:00	リタレイト	もったいない
52:01	ミカグラ	ボロボロじゃねえかw
52:01	洛水佑馬	草
52:02	めじぇど	草
52:02	83ヘチマ	わかばの距離
52:02	yasu fuji	もうだめそうｗ
52:03	UMA	迫真の命乞いで草
52:05	Metallic	
52:06	エーピー	草
52:09	ワタル	なにかとはななｄ
52:13	ぽぽぽぽぽぽ	なにかをやりました
52:16	アキパン	お
52:18	ふくざわゆきち	なんか倒してて草
52:18	黎明卿新しきボンドルド	ナニカを
52:19	うにあ	やるやん
52:23	矢瀬	慣れてねぇなｗ
52:27	陽介	アルスさん
52:30	うにあ	ないすー
52:30	Metallic	
52:31	モコモコ	インク管理ひっどい
52:31	ケンフー	いっぱいおるｗ
52:31	ネムイ	おお
52:31	りょうちゃん	うんまい
52:31	カービィ	ナイスゥ！
52:31	ミニドラ	sp
52:32	てぃれもん	ないすぅ！
52:32	かわ3	いいねぇ
52:33	かずき	ナイス
52:33	しゃけねこ	ナイス！
52:34	アキパン	なんか勝ってるｗ
52:35	83ヘチマ	いいねぇ
52:35	Sekitoセキト	上手くね？w
52:36	もこもこありえす	ナイス！
52:37	Yuuki	うまいやん
52:37	チョモランマ	強すぎて草
52:39	zale	エクスロヤバすぎて草
52:41	WRyou_Italy	ブキ刺さってて草
52:43	イープカ	しぃしぃエクスあってんねぇ
52:45	うにあ	いいぞ！！
52:46	ぽぽぽぽぽぽ	射程の暴力
52:53	エーピー	つよい
53:01	_SSy	向こうですごい煽られてて草
53:01	しゃけねこ	ナイス！
53:02	アサツキ	結構エクスロ上手いw
53:05	Sekitoセキト	エクスろいいぞw
53:08	めんとす	無言で草
53:12	たべっちかにっち	草
53:15	木目	悪くない
53:17	ちくわぶ	草
53:18	黎明卿新しきボンドルド	射程の暴力が凄い
53:20	エーピー	無言草
53:21	ダックスフント	射程で潰すんか
53:27	あかるる	塗りうまいのがエクスロあってるねぇ
53:33	ミカグラ	マジでこの武器つええな
53:41	アキパン	これはいける
53:43	うにあ	いいねえ
53:45	taketo RONA	射程トゥーン
53:47	ワタル	見えない所からヌルのつよい
53:49	リタレイト	最強すぎて草
53:52	木綿豆腐	曲射うまい
53:56	たべっちかにっち	草
53:56	わか-waka-	相手のサブウェポンの配分が理想的ね
53:57	うりょ	あ
53:58	ケンフー	すごいとこいたな
54:07	83ヘチマ	パンだつええ
54:08	矢瀬	がんばれー
54:09	イープカ	上から打ちたいところ
54:12	toy2	笹木にカモられてんなw
54:27	Lou Guichard	
54:33	りょうちゃん	ないす！
54:34	しゃけねこ	ナイス
54:36	うにあ	いいぞー
54:38	ぐだのすけ	ナイス！
54:42	ミニドラ	射程あるな
54:47	木目	まだあるぞ
54:51	たべっちかにっち	ナイスぅ！
54:53	りょうちゃん	ナイス確保！
54:54	アキパン	ないすう
55:14	Tながおか	つら
55:16	もこもこもこもこ	きちい
55:21	木目	ふわっちが荒らしてくるのつれえな
55:22	da pan	接近されるとだめなのか
55:23	矢瀬	ふわみなと、こわ
55:25	モコモコ	近距離の絶望感やーばい
55:36	りょうちゃん	ないす！
55:36	たべっちかにっち	ナイスぅ！
55:39	しゃけねこ	ナイス
55:39	うにあ	いいぞー
55:40	アキパン	こっからこっから
55:42	カービィ	いいぞ！
55:43	ガリレオ	ないすすぎる
55:44	taketo RONA	まだ舞える
55:44	黎明卿新しきボンドルド	ラストチャンスだは
55:46	83ヘチマ	エクスいいねぇ
56:13	うにあ	ああああ
56:14	たべっちかにっち	ｇｇ
56:14	てぃれもん	ああ
56:15	りょうちゃん	gg
56:16	ネムイ	ああ
56:16	シャムねこ	gg
56:16	かおう_____ta	くっそおおおおお
56:16	ぐだのすけ	gg
56:16	カービィ	くう
56:16	なだきょう	gg
56:17	松井、	gg
56:17	ラクタムβ	gg
56:17	長岡	gg
56:17	うさみ	gg
56:17	rosugi	gg
56:18	zale	おしい
56:18	アキパン	くう～
56:19	ワタル	くぅ～～
56:20	Iceman	gg
56:20	kbf kbf	gg
56:20	うにあ	gg
56:21	てぃれもん	gg
56:21	Yuuki	gg
56:21	ねこさん1号	きついいいいい
56:21	G3R	gg
56:21	かずき	gg
56:22	Metallic	gg
56:23	もこもこありえす	gg
56:23	るたろー	gg
56:24	B. D.	gg
56:25	モコモコ	5
56:25	木目	gg
56:25	akira	gg
56:26	青いザリガニ	gg
56:26	洛水佑馬	gg
56:28	83ヘチマ	きびしぃい
56:28	うにあ	いい感じだった
56:29	Tながおか	やっぱウデマエが…
56:29	ガリレオ	gg
56:29	nimu	gg
56:31	心刃	草
56:31	ぐだのすけ	草
56:31	ぎるがめっしゅ	gg
56:31	ねこわん	gg
56:32	Syun Syun	gg
56:32	しゃけねこ	gg
56:33	めぐすけ	いい勝負だったわ
56:33	Yuuki	でも面白い試合だった
56:33	うりす	結構行けるもんだなｗ
56:34	アキパン	草
56:35	カービィ	いい勝負だった
56:35	ネムイ	gg
56:35	黒蜜糖 Black sugar	なんやこの武器！？
56:35	株助	エクスは良かったね
56:36	Gリスナー	ｇｇ
56:39	エマノン	キツいなあ
56:40	エーピー	gg
56:41	LEON	gg
56:42	桃花	ｇｇ
56:46	かおう_____ta	けっこういけてたな！
56:48	矢瀬	いけそうで、なかなか
56:49	めんとす	これ
56:49	ケンフー	あれ？
56:50	archer	あれさっき…？
56:50	zale	ナイス玉と雨がつらすぎる
56:54	てぃれもん	あれ？
56:55	水那斗碧	裏取りうまいね
56:56	ミニドラ	やっぱキルしよ
56:57	りょうちゃん	草
56:58	Conchita	リッターエクスロどっちかで勝てる
57:00	うにあ	ｗｗ
57:00	黎明卿新しきボンドルド	さっきと言ってることがw
57:01	しゃけねこ	草
57:04	ヘィヴンダックス	そろそろ反撃すっか〜
57:05	イープカ	おどろきのアロワナ率
57:09	Gリスナー	草
57:10	rim toopogi	草
57:10	toy2	草
57:15	木目	こっから盛り返してこうぜ
57:16	チョモランマ	編成尖りすぎてて草
57:17	Riku 。	草
57:18	矢瀬	俺、いけます
57:23	taketo RONA	流れ取り戻したい
57:24	Yuuki	勝ちに行こう！
57:25	チョモランマ	まだまだ！
57:30	アキパン	ここで止めたいねえ
57:36	tyoro10	わかばにしないのん
57:37	REO	勝ちたい！
57:37	うりょ	引き寄せたいところ
57:41	ぐだのすけ	流れを止めたい
57:42	川原太一	千なの？
57:43	ちくわぶ	千尋居て草
57:50	エーピー	あれ？アサリ
57:52	うにあ	ｗｗ
57:52	りょうちゃん	草
57:56	たべっちかにっち	草
57:56	しゃけねこ	草
57:56	株助	アロワナ結構出るな
57:58	ふくざわゆきち	初心にかえるかー
58:04	黎明卿新しきボンドルド	仲間だろ！
58:06	Riku 。	草
58:07	Kazakura	やっちゃえまる
58:12	かおう_____ta	草
58:14	kbf kbf	草
58:14	青いザリガニ	草
58:15	松井、	草
58:15	ぐだのすけ	草
58:16	ひまみずお	塗りゴミで草
58:16	ガリレオ	草
58:16	心刃	草
58:17	博麗麗博	草
58:17	つきの	草
58:17	うにあ	5連敗ｗｗ
58:19	toy2	草
58:19	ネムイ	草
58:19	かずき	草
58:19	Yuuki	流れ変えていこう！
58:19	カービィ	草
58:19	ぎるがめっしゅ	草
58:19	しゃけねこ	草
58:20	yasu fuji	落差がすさまじい
58:20	りょうちゃん	草
58:21	folma	草
58:21	ごくごく民	草
58:22	oreo [oreokkusu]	草
58:22	たべっちかにっち	慢心ｗ
58:22	G3R	草
58:22	星野空	2勝では？
58:22	WRyou_Italy	草
58:23	アキパン	草
58:23	うりょ	気を使ってた頃
58:25	木目	相手に火をつけちまった感あるな
58:26	taketo RONA	草
58:28	イクヤ	草
58:38	zale	毎回塗りゴミなんだよなぁ
58:41	りょうちゃん	草
58:50	ケンフー	ローラーいないっていう
58:59	イープカ	3:5＜ｼｮﾎﾞｰﾝ
59:04	もこもこありえす	イカイカの実
59:20	モコモコ	裏どりの椎名
59:29	うりょ	ぷわー
59:30	アキパン	きつい
59:30	ケンフー	めっちゃ逃げたけど
59:31	folma	耐えの椎名
59:37	うりょ	あれ
59:41	矢瀬	生存能力高かった
59:42	Ku ro	おっしー
59:44	83ヘチマ	いい動きだったんだが
59:52	りょうちゃん	ナイスゥ！
59:53	アキパン	ないすう
59:54	しゃけねこ	ナイスゥ
59:59	うにあ	いいぞー
1:00:14	うにあ	ないすう！
1:00:15	たべっちかにっち	ナイスぅ！
1:00:15	はんぺん	うまいｗ
1:00:17	うりょ	おおー
1:00:18	アキパン	ないす！！
1:00:19	松井、	ないすぅ
1:00:19	Metallic	
1:00:19	黎明卿新しきボンドルド	ナイスゥ！
1:00:20	青いザリガニ	ないすぅ
1:00:20	うにあ	いいぞ！！
1:00:21	かわ3	うまうま
1:00:21	ガリレオ	つよい
1:00:21	Tながおか	ナイスゥ！
1:00:24	るたろー	ないすー！
1:00:24	もこもこありえす	ナイス！
1:00:25	eico	うま
1:00:26	zale	神みたいな動きしてて草
1:00:26	ぐだのすけ	ナイスゥ
1:00:26	うにあ	いけるぞ！
1:00:27	アキパン	おけおけ
1:00:27	ワタル	いけぇぇぇぇ
1:00:27	yasu fuji	おお
1:00:27	木目	良い感じ
1:00:27	うりょ	ナイスゥ
1:00:28	ケンフー	いいぞ
1:00:38	sco ttie	いい連携
1:00:45	うりょ	えぐいて
1:00:45	りょうちゃん	おしいいい
1:00:46	アキパン	リードしたかったｗ
1:00:48	たべっちかにっち	惜しいｗ
1:00:51	うにあ	おしい
1:00:51	シャビィ	おしいい！
1:00:56	黎明卿新しきボンドルド	ギリ届かんか
1:01:01	桃花	ギリ届かんかぁ
1:01:09	うにあ	ないす！
1:01:10	たべっちかにっち	ナイスぅ！
1:01:11	ケンフー	ナイスボム
1:01:11	黎明卿新しきボンドルド	ナイスゥ！
1:01:11	りょうちゃん	うますぎ
1:01:12	ワタル	いまのボムうま
1:01:14	矢瀬	草
1:01:14	Metallic	
1:01:15	ぬぬぬ	ボムナイスゥ
1:01:15	私は大砲よ	このボムうまい
1:01:16	SEA	いやだあああ
1:01:17	陽介	うまっ！
1:01:17	ガリレオ	草
1:01:18	伊能忠敬	うっま
1:01:20	Keys	ボムうま
1:01:20	ぐだのすけ	いまのすご
1:01:22	モコモコ	スフィアにことごとく阻まれてんな
1:01:22	木目	ナイボムだった
1:01:23	るたろー	ボムうまい
1:01:24	まさなる	うま
1:01:25	da pan	りつきんごりごり
1:01:26	星野空	インファイトスフィアつよい
1:01:29	もなか	うまうま
1:01:31	うにあ	ないす！
1:01:32	しゃけねこ	ナイス
1:01:33	りょうちゃん	ないす！
1:01:35	松井、	ないすぅ
1:01:36	ぐだのすけ	ナイスゥ
1:01:36	Metallic	
1:01:41	rosugi	まだいける
1:01:42	taketo RONA	まだ舞える
1:01:43	矢瀬	カウンター
1:01:44	かおう_____ta	ここからよ！
1:01:54	ゲーチス	大空家が悪夢だったので
1:02:11	私は大砲よ	弾除けしっかりできててうまい
1:02:26	桃花	いい勝負や
1:02:35	ミニドラ	気持ちで負けるなエンジョーイ！
1:02:37	ケンフー	いいねえ
1:02:38	ぷりっつPretz	おしい
1:02:39	たべっちかにっち	よう生きるえ
1:02:39	taketo RONA	なんだ今の生き残り
1:02:41	モコモコ	よく生きた
1:02:41	うりす	よく生き残るｗ
1:02:41	ぐだのすけ	うおお
1:02:42	うにあ	いいぞ！
1:02:42	もこもこありえす	いいぞ！！
1:02:42	まさなる	よう避けるなあ
1:02:43	もくず	すげぇ生き残るなw
1:02:43	黎明卿新しきボンドルド	上手い
1:02:44	伊能忠敬	うますぎィ！
1:02:44	桃purée	避けうまい
1:02:46	zale	ヘイトめっちゃかってて大変だ
1:02:46	木目	今のよく生きたな
1:02:46	Virra	いきるのうっま
1:02:48	eico	立ち回りすご
1:02:49	洗濯テレビ	生存の鬼
1:02:56	eico	あああ
1:02:57	イープカ	まだいける！
1:02:58	りょうちゃん	ないす！
1:03:00	矢瀬	おしぃ
1:03:06	ケンフー	カバーが
1:03:07	もこもこもこもこ	おにゅいキラー
1:03:08	陽介	ガチでいい勝負
1:03:10	木目	相手のスフィアがうますぎる
1:03:13	私は大砲よ	スペシャルはかせて
1:03:13	ワタル	おしかったなぁ
1:03:15	黎明卿新しきボンドルド	届きそうで届かんなぁ
1:03:19	83ヘチマ	ふわっちと笹木やっぱうまいなぁ
1:03:20	うにあ	いい勝負やこれは
1:03:26	たべっちかにっち	まだわからん！
1:03:36	うにあ	ああああ
1:03:37	カービィ	ああああ
1:03:37	ラクタムβ	gg
1:03:37	ぐだのすけ	あああ
1:03:38	Yuuki	おしいいい
1:03:38	ガリレオ	ああああ
1:03:39	松井、	gg
1:03:39	りょうちゃん	gg
1:03:40	ぐだのすけ	gg
1:03:40	しゃけねこ	gg
1:03:40	ねこさん1号	うわああ
1:03:40	DKYM	おちたー
1:03:40	なだきょう	ああああ
1:03:41	ふくざわゆきち	ｇｇ
1:03:41	かわ3	gg
1:03:41	心刃	おりたな
1:03:41	しとり	gg
1:03:41	たべっちかにっち	ぎゃあああｗ
1:03:42	アキパン	ああああ
1:03:42	kbf kbf	gg
1:03:42	桃花	ｇｇ
1:03:43	モコモコ	gg
1:03:43	るたろー	ああああ
1:03:43	ケンフー	リーチ？
1:03:43	83ヘチマ	くぅうぅぅ
1:03:44	ネムイ	gg
1:03:45	博麗麗博	gg
1:03:46	Metallic	gg
1:03:46	青いザリガニ	gg
1:03:46	Kazakura	あれ
1:03:46	G3R	gg
1:03:46	てぃれもん	おっと
1:03:46	けんばく	つよいなぁ
1:03:46	たべっちかにっち	ｇｇ
1:03:46	うどんこねっと	塗りがきつすぎるｗ
1:03:47	うにあ	gg
1:03:47	かずき	gg
1:03:47	taketo RONA	王手
1:03:48	ヘィヴンダックス	おっとぉ？
1:03:48	めぐすけ	おしい
1:03:48	もこもこありえす	今のきっつい
1:03:48	kaiei[かいえい]	チーム分けいい勝負ではあるんだがなあ・・・
1:03:49	洛水佑馬	gg
1:03:49	黎明卿新しきボンドルド	やばくね？
1:03:49	西アマネ	きついなあ
1:03:49	SEA	やばやば
1:03:50	木目	惜しかったなぁ
1:03:50	はいどれ	やび・・・
1:03:51	カービィ	6タテかぁ
1:03:52	けんばく	gg
1:03:53	カサネル	惜しい〜
1:03:55	da pan	３VS6か
1:03:56	しーく	あれ
1:03:56	LEON	gg
1:03:57	エーピー	gg
1:03:57	ねこわん	おしい
1:03:58	長岡	gg
1:03:59	rosugi	手に汗にぎった
1:03:59	かおう_____ta	もう少しだったなああ
1:03:59	あかるる	３－０でイキってたのどこいったｗｗ
1:04:00	toy2	やび…
1:04:01	zale	毎回惜しいんだけどな
1:04:02	凝固	7タテある？
1:04:04	ミニドラ	集中！集中！集中！
1:04:05	モコモコ	不破やばすぎる
1:04:06	エルベル	塗りが弱いのがきつい
1:04:06	うにあ	負けられねえ！
1:04:07	かわ3	後がない
1:04:07	9614月影	１７キル。。。
1:04:07	めんとす	7
1:04:11	ぐだのすけ	草
1:04:11	求-矢澤	負けられねえ…！
1:04:11	なだきょう	今のおっしいなぁ
1:04:13	青いザリガニ	絶対に負けられない戦い
1:04:14	Yuuki	そろそろ勝たないとまずい
1:04:14	エーピー	あれ？
1:04:15	Metallic	草
1:04:17	うりょ	やっべえ
1:04:20	ヘィヴンダックス	4
1:04:21	うにあ	ｗｗ
1:04:29	エーピー	アサリは
1:04:31	うどんこねっと	こっからやぞ！！
1:04:35	zale	塗りが椎名さん以外雑魚すぎるしな
1:04:35	taketo RONA	声出してこ
1:04:36	うにあ	負けられねえな
1:04:36	kbf kbf	勝てばいいだけだろう？
1:04:40	はんぺん	ウデマエ差的に一本とれるだけすげぇけどね
1:04:41	抹茶抹茶	7 たてはやべーよ
1:04:44	P sin	X2
1:04:45	矢瀬	勝ちにいけー
1:04:49	yasu fuji	4連勝したらすごすぎるが
1:04:49	うどんこねっと	負けられない戦いが始まる
1:04:57	eico	逆４タテかあ
1:05:00	株助	しぃしぃ対物ザップにしたら？
1:05:00	モコモコ	椎名さんが全部やってもろて
1:05:04	かわ3	4
1:05:05	りょうちゃん	あるね
1:05:06	archer	４縦じゃ
1:05:07	木目	頑張ろう
1:05:08	kbf kbf	いけるっしょｗ
1:05:09	ケンフー	こっから勝ったらもう最強よ
1:05:10	ガリレオ	4連勝しよう
1:05:11	かおう_____ta	がんばれええ！！！
1:05:12	たべっちかにっち	草
1:05:12	ターニングポイント	草
1:05:13	アキパン	草
1:05:13	B. D.	とにかく目の前の1勝だ
1:05:13	うにあ	ｗｗ
1:05:14	てぃれもん	草
1:05:14	エーピー	草
1:05:14	ぐだのすけ	草
1:05:15	toy2	椎名さん全部やらないと
1:05:15	博麗麗博	草
1:05:16	なだきょう	草
1:05:18	心刃	ほんとだよｗ
1:05:18	nimu	草
1:05:19	ぽぽぽぽぽぽ	草
1:05:20	うにあ	なんで勝ったんですかね？W
1:05:20	黎明卿新しきボンドルド	1回勝てば流れがくるから
1:05:23	モコモコ	声出してこ
1:05:25	ワタル	1勝してぇ
1:05:32	9614月影	調子乗ってたねw慢心してるとかw
1:05:33	カービィ	序盤のあれはなんだったんだ…？
1:05:33	LEON	あっちが
1:05:34	matutake	アサリが悪いよアサリがよー
1:05:35	もこもこもこもこ	過去の栄光
1:05:37	あははは	遊ばれてる
1:05:39	かおう_____ta	草
1:05:40	りょうちゃん	草
1:05:40	博麗麗博	草
1:05:41	かわ3	草
1:05:41	ミドレー	草
1:05:41	taketo RONA	草
1:05:41	エーピー	草
1:05:41	かずき	草
1:05:42	kbf kbf	草
1:05:43	うどんこねっと	草
1:05:43	うにあ	やべえじゃんｗ
1:05:43	ぐだのすけ	草
1:05:43	しゃけねこ	草
1:05:43	まつまえ	序盤はエンジンかかってなかったかもな
1:05:45	Yuuki	やばすぎるｗ
1:05:45	Rei_ S2	アーマー
1:05:46	アカうぃん	草
1:05:46	ぬぬぬ	脳筋じゃん
1:05:46	G3R	草
1:05:49	83ヘチマ	アーマー
1:05:49	るたろー	草
1:05:49	めんとす	腐りそうで草
1:05:50	ぷりっつPretz	負けれん戦いやのに
1:05:51	ヘィヴンダックス	アホアホ構成で草
1:05:52	iroha ao	アーマーでゴリ押すのか
1:05:55	焼きナス	おバカ編成だぁ
1:05:55	ケンフー	紫
1:05:56	Metallic	草
1:05:59	もいふぉい	ウデマエ差が出てきた感じかなあ
1:06:00	toy2	遊びにきとる
1:06:01	たべっちかにっち	草
1:06:01	しゃけねこ	草
1:06:01	かわ3	舐めプか
1:06:01	Virra	被る未来しか見えない
1:06:02	松井、	ふざけたな
1:06:03	不眠症星人	舐めてんねぇ
1:06:04	9614月影	ほこでアーマーは強いぞ
1:06:04	Yuuki	とりあえず1勝しよう！
1:06:04	taketo RONA	舐めてんな？w
1:06:04	はいどれ	舐めプか？
1:06:06	エーピー	笹
1:06:10	神戸しゃれ	編成草
1:06:11	みうプポん3	草
1:06:11	kbf kbf	やっちゃう～？
1:06:12	ミカグラ	舐めプかぁ？
1:06:13	さぼてん	草
1:06:15	あかるる	うちらも王手じゃねぇのにふざけてたんだけどなｗ
1:06:17	夕モリ	なめプされてやーんの
1:06:23	バーヤ。	舐められてんねぇ
1:06:28	Metallic	
1:06:46	心刃	マップわかってなくて草
1:06:46	りょうちゃん	草
1:06:46	はんぺん	そこいくのめずらしいなｗ
1:06:47	Conchita	そのルートは戦犯
1:06:55	バーヤ。	右ルートは地雷
1:06:56	ミルマ / milma	ゴミルート言ってて草
1:06:58	黎明卿新しきボンドルド	ナイスゥ！
1:07:04	たれぐま,	信じて突っ込んでればいっきにいったかもしれない
1:07:08	ケンフー	誰それｗ
1:07:13	千明空	戦犯ルートやんｗ
1:07:14	矢瀬	草
1:07:14	たべっちかにっち	厄介ｗ
1:07:14	かわ3	シンプルうざ
1:07:16	りょうちゃん	これこそボムだ
1:07:16	うにあ	ささきかｗｗ
1:07:16	しゃけねこ	草
1:07:17	ワタル	笹木やんｗｗ
1:07:17	83ヘチマ	うぜぇ
1:07:17	taketo RONA	草
1:07:18	eico	戯れてるなあ
1:07:19	るみねん	草
1:07:19	てぃれもん	笹木で草
1:07:19	あかるる	ささきｗｗ
1:07:20	ネムイ	草
1:07:20	Metallic	
1:07:20	かおう_____ta	草
1:07:20	めんとす	シェルター無敵で草
1:07:20	ミニドラ	笹木
1:07:21	モコモコ	ささきとイチャイチャしてて草
1:07:21	ガリレオ	笹木w
1:07:21	神戸しゃれ	さくゆい勝負
1:07:21	シズク	ささきｗ
1:07:22	ぐだのすけ	ナイスゥ
1:07:22	イープカ	ボムなげなきゃ
1:07:22	ミカグラ	いちゃつくなw
1:07:23	黎明卿新しきボンドルド	全然死なねぇw
1:07:24	みずなぎ	ないすぅｗ
1:07:24	陽介	笹木やん
1:07:25	ふりっつ	全然殺せなくて草
1:07:25	Kazakura	楽しんでんね
1:07:25	WRyou_Italy	笹木で草
1:07:25	zale	ハンコが雑魚で草
1:07:26	ぎるばーとぐれいぷ	熱い戦い
1:07:27	Tながおか	笹
1:07:28	matutake	傘笹木かい
1:07:28	とろめ	さくゆい対決勝った！
1:07:28	9614月影	何その１体１w
1:07:29	黒蜜糖 Black sugar	ささきうざ
1:07:32	つきの	草
1:07:33	エーピー	笹
1:07:35	eico	さくゆいてぇてぇ
1:07:36	UMA	笹木うざくて草
1:07:37	tyoro10	もっとイチャイチャしろ
1:07:40	cana bob	ささきめっちゃねばるやんｗ
1:07:40	luka melo	遊んでて草
1:07:43	yasu fuji	あんなに粘られんのやべぇな
1:07:45	83ヘチマ	あれ厄介だなぁ
1:07:45	佐藤太郎	笹
1:07:46	まさなる	ドームファイトかな？
1:07:50	うにあ	ないすう！
1:07:50	カービィ	ナイスゥ！
1:07:51	しゃけねこ	ナイス
1:07:51	松井、	ないすぅ
1:07:52	モコモコ	はんこよっわ
1:07:52	kbf kbf	ないす
1:07:55	たれぐま,	おろしてもらえた
1:07:55	taketo RONA	ハンコ邪魔で草
1:07:56	まっぴー	ナイスゥ！
1:07:57	はんぺん	ハンコさっきからカモで草
1:07:57	ぐだのすけ	ナイスゥ
1:07:59	Metallic	
1:08:10	インクおひたし	ニュイすぱったり！？
1:08:14	もんぬサマー	いけええ！
1:08:21	りょうちゃん	ないす！
1:08:21	かおう_____ta	いいねええ！！
1:08:23	しゃけねこ	ナイス！
1:08:24	カービィ	ナイスゥ！
1:08:25	かおう_____ta	ナイスゥ！
1:08:26	ケンフー	いったｗ
1:08:26	ラクタムβ	ナイスゥ！
1:08:26	松井、	ないすぅ
1:08:26	てぃれもん	ないすぅ！！！
1:08:26	rosugi	ナイスゥ！
1:08:26	かわ3	ナイスゥ
1:08:26	かずき	ナイスゥ！
1:08:26	taketo RONA	草
1:08:26	たべっちかにっち	草
1:08:26	もんぬサマー	うおおおおおお
1:08:27	神戸しゃれ	おおおおおお
1:08:27	うにあ	ないすうう！！
1:08:27	なだきょう	ナイスゥ！
1:08:27	ぷりっつPretz	おおおおおお
1:08:27	青いザリガニ	ないすぅ！
1:08:27	木目	ナイス！
1:08:28	ガリレオ	おおおおお
1:08:28	アキパン	ないすう！！
1:08:28	kbf kbf	ナイス！
1:08:29	SEA	うおおおおおお
1:08:29	るたろー	ないすー！
1:08:29	ぬぬぬ	ナイスゥ！
1:08:29	焼きナス	きたぁぁぁぁぁ！！
1:08:29	心刃	ないすぅ
1:08:29	めんとす	流石にね
1:08:30	株助	なんだこの試合ｗ
1:08:30	博麗麗博	ナイスゥ
1:08:30	Gリスナー	ないすぅ！
1:08:30	toy2	おおおお
1:08:30	Metallic	
1:08:30	うりす	ナイスゥ！！
1:08:31	ひがしのそら	ナイスゥ！
1:08:32	ミカグラ	ナイスぅ
1:08:32	たれぐま,	平和なビクトリーロード
1:08:32	eico	おおおおおおおおお
1:08:34	nimu	ナイスゥ！
1:08:34	ネムイ	ナイスゥ！
1:08:34	長岡	gg
1:08:34	モコモコ	お相手なめすぎで草
1:08:35	ふぉるす	
1:08:35	シズク	ナイスゥ！
1:08:35	PPP	流石にね？
1:08:35	アキパン	舐めたなあ～！
1:08:35	あるは/ Alfa uhi	タッチダウンきもちいい！
1:08:36	G3R	ナイスゥ！
1:08:37	ないむん	ナイス
1:08:37	京林	おおおおお
1:08:37	しとり	ナイスゥ！！
1:08:37	かわ3	こっから
1:08:37	kiri	ナイスゥ！
1:08:38	Virra	ナイスゥ！！！
1:08:39	なぎのこ	ナイスゥ！
1:08:39	No. 25	ナイスゥ！
1:08:39	ヘィヴンダックス	流れ変わったな
1:08:40	SEA	草
1:08:41	黎明卿新しきボンドルド	舐めプ合戦w
1:08:41	eico	調整か～？
1:08:43	ゆうた	ナイスゥ！
1:08:43	エマノン	ナイスゥ！
1:08:44	うにあ	いけるぞ！！
1:08:45	かおう_____ta	いけいけー！！
1:08:45	B. D.	ナイスゥこっからだ
1:08:45	東雲美嘉	イブ変なことしかしてねぇな笑
1:08:47	ぐだのすけ	こっから4連勝や！！
1:08:47	da pan	６：４
1:08:47	たべっちかにっち	舐めプに慈悲はないｗ
1:08:49	WRyou_Italy	舐めプを許すな！
1:08:49	もこもこありえす	流れきてるでぇ！！
1:08:50	ガリレオ	流れ変わったな
1:08:51	ななかな	ナイスゥ
1:08:51	ミニドラ	流れよ
1:08:51	Yuuki	こっから全勝よ！
1:08:52	archer	流れ大事よ
1:08:54	ねこわん	ないすぅ
1:08:54	taketo RONA	次だね
1:08:56	エーピー	草
1:08:59	9614月影	相手の慢心やな
1:09:01	紅魔	ナイス
1:09:04	陽介	アサリなんてない
1:09:06	黎明卿新しきボンドルド	アサリは…？
1:09:12	No. 25	アサリ…？
1:09:14	矢瀬	あさりって何だっけ
1:09:14	カービィ	アサリ？知らない言葉ですね…
1:09:16	かわ3	アサリって何
1:09:16	エーピー	あ、アサリ
1:09:17	yasu fuji	舐めプの怖さはこっちも身に染みている!
1:09:18	しゃけねこ	草
1:09:18	環境トップのコイキング	純粋にしぃしぃめっちゃ強かった
1:09:27	rosugi	アサリってなんだ
1:09:27	まさなる	ヒムかわいい
1:09:27	弥氏	草
1:09:28	イープカ	アサリ😠
1:09:32	カサネル	アサリってなんだ
1:09:33	バーヤ。	アサリ？知らない子ですね
1:09:33	taketo RONA	アサリ大全がなんだって？
1:09:34	9614月影	アサリ「」
1:09:34	りょうちゃん	草
1:09:35	しゃけねこ	草
1:09:36	ぬぬぬ	漁り？なにそれ
1:09:36	かおう_____ta	草
1:09:37	toy2	草
1:09:39	da pan	シジミのほうが美味いしアサリはええわ
1:09:41	ぐだのすけ	草
1:09:43	うましか	草
1:09:46	kbf kbf	あれ舐めプすか？？
1:09:46	Kazakura	アサリ…？
1:09:47	ひまみずお	短っ
1:09:50	archer	アサリ大全か？
1:09:52	しゃけねこ	草
1:09:52	めぐすけ	勝ちゃいいんだ
1:09:55	はんぺん	ヒッセンは適当でも強い
1:10:01	かそく	草
1:10:02	エーピー	草
1:10:03	しゃけねこ	草
1:10:03	iroha ao	草
1:10:04	うにあ	ｗｗ
1:10:05	zale	やばくて草
1:10:07	心刃	草
1:10:08	G3R	草
1:10:09	ねこさん1号	草
1:10:09	ネムイ	草
1:10:10	ぽぽぽぽぽぽ	草
1:10:13	かそく	余裕だな！
1:10:13	青いザリガニ	余裕だな
1:10:14	うにあ	いけますねえ
1:10:14	かおう_____ta	いけるぞ！
1:10:15	東雲美嘉	アサリって実は存在しなくて
1:10:16	うりす	だけだな！
1:10:16	イープカ	なんだそれだけか
1:10:20	P sin	正直アルス超射程よりヒッセンのほうがうまい
1:10:20	エーピー	アサリは
1:10:21	sax電話	草
1:10:21	あそこの折れたエンジェル	もう勝ちみたいなもんやろ
1:10:22	しゃけねこ	草
1:10:23	Yuuki	全然いけるな！
1:10:24	ぐだのすけ	草
1:10:25	博麗麗博	草
1:10:28	ケンフー	向こう１で終わるけどな
1:10:29	Mapiさん	次もやるぞ絶対。
1:10:29	eico	アサリは死んだ
1:10:30	心刃	草
1:10:31	No. 25	草
1:10:31	ターニングポイント	草
1:10:34	求-矢澤	6-4だからな
1:10:37	松井、	頑張れ
1:10:37	Kazakura	きもちがちげーから
1:10:38	taketo RONA	草
1:10:42	カービィ	配信終了なのかｗ
1:11:01	たれぐま,	えびおすぐ武器替えがち
1:11:11	たべっちかにっち	ナイスぅ
1:11:13	矢瀬	取れてるねぇ
1:11:13	toy2	全部やれ！
1:11:14	黎明卿新しきボンドルド	ナイスゥ！
1:11:16	モコモコ	制圧していけ！
1:11:16	うにあ	いいよー
1:11:18	ぐだのすけ	ナイス！
1:11:29	りょうちゃん	ないす！
1:11:31	松井、	ないすぅ
1:11:34	青いザリガニ	ないすぅ
1:11:35	うにあ	ないす
1:11:36	たべっちかにっち	ナイスぅ！
1:11:36	ぐだのすけ	ナイスゥ！
1:11:37	心刃	ナイsゥう
1:11:37	B. D.	よしよし
1:11:38	ネムイ	ナイスゥ！
1:11:38	しゃけねこ	ナイス！
1:11:39	かおう_____ta	いいぞー！！
1:11:42	Yuuki	いいぞー！
1:11:43	モコモコ	お？いいぞ！
1:11:44	eico	ナイス
1:11:47	ケンフー	煽り椎名
1:11:47	カービィ	ナイスゥ！
1:11:48	かおう_____ta	ナイスゥ！
1:11:48	黎明卿新しきボンドルド	このままストレートいけるぞ！
1:11:49	西アマネ	うまい
1:11:49	うにあ	ないす！！
1:11:49	たべっちかにっち	ナイスぅ！？
1:11:50	るたろー	うまい！
1:11:50	taketo RONA	トピ撃ち落とさんとw
1:11:50	Metallic	
1:11:51	りょうちゃん	調子乗り始めて草
1:11:51	アキパン	いいぞ
1:11:52	もなか	ナイス
1:11:53	ゆり•	いいぞ
1:11:53	かそく	ナイスゥ！
1:11:54	てぃれもん	ないすないすぅ！
1:11:54	もこもこありえす	椎名さん防衛上手い
1:11:56	株助	白スパ笹木かよ
1:11:57	zale	流れ来たな
1:11:58	まぐえふ	ナイスゥ！
1:12:01	eico	あるぞ
1:12:05	モコモコ	たえろ！
1:12:06	あかるる	さっきから笹木とやりあってんなｗ
1:12:08	Kazakura	しぃしぃのあおりすこ
1:12:13	心刃	ナイスゥ
1:12:13	しゃけねこ	ナイス！
1:12:13	矢瀬	つよい
1:12:13	うにあ	いいぞ！！
1:12:13	りょうちゃん	ナイスゥ！
1:12:14	かそく	おおお
1:12:14	カービィ	いいねぇ！
1:12:14	博麗麗博	ナイスゥ
1:12:15	うどんこねっと	おらあああああ
1:12:15	ぐだのすけ	ナイスゥ
1:12:16	cana bob	そんなんじゃやられないんだよなあ！
1:12:17	ガリレオ	ナイス！
1:12:18	スケルトン	ナイスゥ！
1:12:19	83ヘチマ	いけるぞ！
1:12:21	もこもこありえす	いいぞ！
1:12:26	ミニドラ	アーマーためよ
1:12:34	たれぐま,	しぃしぃちょっと前出すぎかもね
1:12:42	アキパン	おけおけ
1:12:42	うにあ	ないす！！
1:12:43	心刃	ナイスゥ
1:12:44	松井、	ないすぅ
1:12:44	黎明卿新しきボンドルド	ﾀｶｸﾄﾌﾞｶﾗ
1:12:45	かおう_____ta	いいね！
1:12:45	たべっちかにっち	ナイスぅ！
1:12:45	りょうちゃん	ないす相打ち！
1:12:47	zale	椎名さん前出なくていいな
1:12:47	うにあ	あいうちいい！
1:12:48	青いザリガニ	草
1:12:49	木目	ドームファイトいいぞ
1:12:49	ひがしのそら	いけるぞ！
1:12:49	ガリレオ	ふわと相討ちナイス
1:12:50	矢瀬	おぉ
1:12:51	心刃	草
1:12:53	カービィ	これが背水の陣か
1:12:54	しゃけねこ	草
1:12:55	かおう_____ta	まだ終われねぇ！
1:12:55	アキパン	配信映えｗ
1:12:56	ぐだのすけ	草
1:12:56	かそく	いけるぞ！
1:12:57	クレシアン	撮れ高！
1:13:00	エーピー	草
1:13:00	kbf kbf	忖度されてる？
1:13:04	まぐえふ	ジャンプは草
1:13:07	心刃	流石にきついか
1:13:13	たれぐま,	これはしょうがない
1:13:15	B. D.	まずいな
1:13:15	eico	ざわ・・
1:13:16	ミカグラ	慎重に取り返そう
1:13:21	はんぺん	打開キツｗ
1:13:26	うにあ	ないす！
1:13:26	Metallic	
1:13:28	しゃけねこ	ナイス
1:13:31	かおう_____ta	うわー
1:13:35	toy2	まずいw
1:13:36	taketo RONA	突っ込みすぎた
1:13:39	りょうちゃん	あああ
1:13:39	zale	前出るの早すぎる
1:13:43	アキパン	止めたい
1:13:44	心刃	これはまさか？
1:13:48	ぐだのすけ	やび
1:13:49	矢瀬	おぉ
1:13:50	しゃけねこ	ナイス！
1:13:58	eico	あぶねかった
1:13:59	ケンフー	まずい
1:14:00	りょうちゃん	うわあああ
1:14:01	松井、	きつい
1:14:01	かわ3	確保出来んかぁ
1:14:02	かそく	まだいたか
1:14:02	たべっちかにっち	きついｗ
1:14:03	かおう_____ta	きついー
1:14:03	Gリスナー	やばい
1:14:03	心刃	慢心したな
1:14:03	ガリレオ	ふわが強すぎる
1:14:05	黎明卿新しきボンドルド	やばい
1:14:06	da pan	相手もうめー
1:14:09	腐蜜柑	ふわっちが硬かったなぁ
1:14:09	taketo RONA	あっ
1:14:10	yasu fuji	不破がいると少しもあんしんできねぇな
1:14:11	もこもこありえす	ふわっちぃ
1:14:12	アキパン	あーｗ
1:14:13	うにあ	ああああ
1:14:13	かおう_____ta	うわああああああああああ
1:14:13	てぃれもん	あああ
1:14:13	ラクタムβ	あああああ
1:14:13	カービィ	ああああああ
1:14:13	もこだんちょ	あああああ
1:14:14	ぷりっつPretz	あああああああ
1:14:14	松井、	gg
1:14:14	かそく	おしいいいいい
1:14:14	ぐだのすけ	ああああ
1:14:15	りょうちゃん	おしいいいいいい
1:14:15	かわ3	おしい
1:14:15	イープカ	あー惜しい
1:14:15	たべっちかにっち	うわあああああｗ
1:14:16	るたろー	ああああ
1:14:16	しゃけねこ	ああ
1:14:16	toy2	ああああああああ
1:14:16	黎明卿新しきボンドルド	あ…
1:14:16	なだきょう	あああああ
1:14:17	陽介	おしい
1:14:18	矢瀬	あちゃー
1:14:18	うにあ	とめらんねえ
1:14:18	長岡	gg
1:14:18	Yuuki	くっそおおおおお
1:14:20	アキパン	ｇｇ
1:14:20	Tながおか	あっ
1:14:20	G3R	gg
1:14:20	うにあ	おしいい
1:14:20	木目	ふわっちが強かった…
1:14:20	kiri	ああああああああああああ
1:14:21	ぐだのすけ	gg
1:14:21	めんとす	終わっちまった
1:14:21	ヘィヴンダックス	配信終了か
1:14:21	うりす	つよいなー
1:14:22	桃花	ｇｇ
1:14:22	あさむ	いけんかった；；
1:14:22	ターニングポイント	おっしい
1:14:22	博麗麗博	ああああああ
1:14:23	株助	今1秒あったら止まってたかも
1:14:23	ミカグラ	gg
1:14:24	rosugi	gg
1:14:24	求-矢澤	ぎゃはー
1:14:24	うどんこねっと	んなああああ
1:14:24	青いザリガニ	おしかった
1:14:25	ねこさん1号	
1:14:25	ぬぬぬ	つっよ
1:14:25	うにあ	gg
1:14:26	みずなぎ	おしかった...
1:14:26	negi	gg
1:14:26	nimu	gg
1:14:27	Iceman	gg
1:14:27	Kazakura	あれが災害
1:14:27	ぎるがめっしゅ	ああああああ
1:14:27	かおう_____ta	もう終わりなの…；；
1:14:28	ワタル	終わっちまったよ；；
1:14:28	黎明卿新しきボンドルド	終わっちまった
1:14:28	B. D.	これはやられたなぁ
1:14:28	Yuuki	おしかったなぁー
1:14:29	エーピー	惜しい
1:14:30	めぐすけ	あー
1:14:30	うにあ	ふわつええな
1:14:31	しーく	gg
1:14:31	ネムイ	gg
1:14:32	rat hot	気持ちよくなってたな
1:14:32	ミニドラ	練習する？
1:14:32	ガリレオ	おしい
1:14:33	matutake	これは不破っちの粘りに負けた
1:14:33	しとり	おしいいいいい！！
1:14:33	けんばく	gg
1:14:35	ふくざわゆきち	gg
1:14:35	てょばん	残念～
1:14:35	カービィ	惜しかったなぁ…
1:14:37	toy2	綺麗に逆転された…
1:14:38	みなみ	gg
1:14:38	もこもこありえす	夏終わっちゃった
1:14:39	エマノン	惜しかった…
1:14:40	もんぬサマー	ｇｇ
1:14:40	桃園あい	延長戦や！
1:14:40	もこだんちょ	３落ちチャンスを取れなかったのが
1:14:41	木目	ぶっちゃけこんだけランク差あってよくやったよ
1:14:41	Rei_ S2	gg
1:14:41	もくず	不破がやべえなあ
1:14:41	〜キリン〜	gg
1:14:42	かそく	gg
1:14:43	うにあ	つよいわマジ
1:14:44	Metallic	gg
1:14:45	SEA	悲しぃしぃ
1:14:45	たべっちかにっち	打開されたｗ
1:14:46	博麗麗博	gg
1:14:47	かおう_____ta	草
1:14:48	かわ3	草
1:14:49	カサネル	惜しい試合ばっかだったなぁ
1:14:50	青いザリガニ	草
1:14:51	しゃけねこ	草
1:14:52	zale	流石に打開で3人いる場所に一人で突っ込んだのダメでしょ
1:14:53	うにあ	ｗｗ
1:14:53	akira	gg
1:14:54	M	不破は災害
1:14:54	アキパン	草
1:14:54	カービィ	草
1:14:54	ぐだのすけ	草
1:14:55	Metallic	草
1:14:55	ターニングポイント	草
1:14:55	G3R	草
1:14:55	パプリカの騎士	災害が災害してる
1:14:57	ななかな	gg
1:14:57	求-矢澤	Xって強いんだな…
1:14:59	しとり	gg
1:15:00	りょうちゃん	gg
1:15:01	SANA	gg
1:15:01	toy2	命乞い行こう
1:15:02	うにあ	いい試合よｗ
1:15:04	Gリスナー	途中遊んだのがｗ
1:15:05	すまんも	gg
1:15:07	LEON	gg
1:15:10	ヘィヴンダックス	またブキ変後悔してる
1:15:16	サーニャ	ふわっちがやばかったなｗ
1:15:20	かおう_____ta	草
1:15:22	たべっちかにっち	草
1:15:22	ワタル	煽ってんねぇ！
1:15:23	しゃけねこ	草
1:15:24	taketo RONA	笹
1:15:26	ぐだのすけ	草
1:15:26	うにあ	ｗｗ
1:15:26	あかるる	うぃっすー
1:15:27	エーピー	草
1:15:27	ガリレオ	草
1:15:28	博麗麗博	草
1:15:29	なだきょう	草
1:15:32	松井、	草
1:15:32	カービィ	草
1:15:32	ラクタムβ	草
1:15:33	アキパン	草
1:15:33	B 5	草
1:15:34	ぎるがめっしゅ	草
1:15:34	青いザリガニ	草
1:15:34	心刃	草
1:15:34	てぃれもん	草
1:15:34	うにあ	まじかーｗ
1:15:36	ダックスフント	6連敗w
1:15:36	kbf kbf	草
1:15:37	りょうちゃん	草
1:15:37	しーく	草
1:15:38	ぽぽぽぽぽぽ	草
1:15:38	かそく	草
1:15:38	まぐえふ	草
1:15:38	かずき	草
1:15:39	Yuuki	草
1:15:40	ぐだのすけ	草
1:15:40	うにあ	かっけえｗｗ
1:15:40	Metallic	草
1:15:42	エーピー	草
1:15:43	ケンフー	勝ちってなんだっけ
1:15:44	洛水佑馬	草
1:15:47	もろほろ	草
1:15:48	ヘィヴンダックス	悲しいなぁ
1:15:49	かわ3	気づいてたのか
1:15:50	黎明卿新しきボンドルド	バレてたw
1:15:53	taketo RONA	草
1:15:53	うにあ	気づいたかｗ
1:15:53	ぐだのすけ	草
1:15:54	かおう_____ta	草
1:15:54	たべっちかにっち	アサリｗ
1:15:55	kbf kbf	気づかれてた
1:15:56	エーピー	草
1:15:57	アキパン	アサリ消失ｗ
1:15:57	はいどれ	アサリってなんだ・・・？
1:15:57	うりす	草
1:15:57	木目	アサリなんてなかった
1:15:57	ガリレオ	アサリなんてなかった
1:16:01	花太郎	草
1:16:04	りょうちゃん	お！？
1:16:04	かそく	え！？
1:16:06	かおう_____ta	お！？
1:16:07	もんぬサマー	草
1:16:07	松井、	まじー？
1:16:08	ぐだのすけ	お？
1:16:08	ケンフー	アサリで？
1:16:08	博麗麗博	草
1:16:09	心刃	草
1:16:09	うにあ	1億ｗｗ
1:16:09	てぃれもん	草
1:16:11	taketo RONA	ナワバリやるか
1:16:11	アキパン	1億ポイント！
1:16:11	まさなる	泣きの一回！？
1:16:11	しゃけねこ	草
1:16:12	kbf kbf	いつもの
1:16:12	ひがしのそら	あるんですか？！
1:16:12	かわ3	きたあああああああああ
1:16:12	うにあ	バカポイントｗｗ
1:16:12	エーピー	草
1:16:13	ミカグラ	草
1:16:13	凝固	草
1:16:13	ネムイ	草
1:16:13	もんぬサマー	うおおおおおおおおおおお
1:16:13	yasu fuji	でたー！
1:16:14	ワタル	1億ポイントナイスゥ！
1:16:14	Tながおか	きちゃ
1:16:15	木目	マジか？
1:16:15	Kazakura	1億ポイント制度！？
1:16:15	たべっちかにっち	１億ｗ
1:16:16	nimu	草
1:16:17	かおう_____ta	うおおおおおお！！！！
1:16:18	めんとす	ファイナルラストくるのか
1:16:18	鼻セレブ	1
1:16:18	りょうちゃん	きたあああああ
1:16:19	うにあ	きたあああｗ
1:16:19	B 5	1億ポイント！Ｗ
1:16:19	eico	エキシビジョン！
1:16:19	rosugi	きたー！
1:16:20	松井、	やったー！
1:16:20	陽介	草
1:16:20	黎明卿新しきボンドルド	ファイナルラストいくか
1:16:21	めぐすけ	マジか
1:16:21	ダックスフント	草
1:16:21	NoName	草
1:16:21	zale	ファイナルラストでナワバリか？
1:16:22	archer	うおおおおおおおおおお
1:16:22	うどんこねっと	1億ポイントきちゃああああ
1:16:22	Rei_ S2	ラストだ
1:16:24	うにあ	あそべねえｗ
1:16:24	rim toopogi	草
1:16:25	matutake	アサリか？
1:16:25	環境トップのコイキング	一億アサリやん
1:16:25	ねこさん1号	きちゃw
1:16:26	P sin	クイズ番組かな？
1:16:26	求-矢澤	そんなことある？
1:16:27	るたろー	きちゃあああ
1:16:27	めぐすけ	きちゃー
1:16:28	ぐだのすけ	1億ポイント草
1:16:30	もこもこありえす	ファイルラストおおおおおおおおお
1:16:31	ヘィヴンダックス	バラエティだー！！
1:16:35	エーピー	勝ったな風呂入ってくる
1:16:36	心刃	草
1:16:37	博麗麗博	草
1:16:38	うどんこねっと	1億先で頼む
1:16:39	羅天	1
1:16:40	しゅがー	1000
1:16:40	ぐだのすけ	草
1:16:40	心刃	１億で
1:16:43	松井、	きちゃーー！
1:16:43	?!	1
1:16:46	陽介	アサリやろ
1:16:46	アキパン	草
1:16:46	うにあ	ガチだな
1:16:46	求-矢澤	アサリで1億？
1:16:46	イープカ	アサリか？
1:16:46	9614月影	１０先か１億
1:16:47	ふらい	ファイナルラストや
1:16:49	わけありでこぽん	バカみたいな二択で草
1:16:49	くるくるくるくるすと	１億倍マッチ！
1:16:51	Kazakura	間取って1億先やらん？
1:16:52	ぎるばーとぐれいぷ	1億きたらワンちゃんある
1:16:54	エマノン	10先はヤバい
1:16:55	B 5	草
1:16:55	しゃけねこ	草
1:16:55	まさなる	草
1:16:56	ガリレオ	アサリは草
1:16:58	心刃	草
1:16:58	神戸しゃれ	出たでた
1:16:59	うにあ	アサリだなｗｗ
1:16:59	りょうちゃん	アサリ
1:17:00	ふくざわゆきち	草
1:17:01	ぐだのすけ	草
1:17:02	夕モリ	一億アサリ
1:17:02	kiri	アサリｗ
1:17:02	kbf kbf	1億のアサリ
1:17:02	taketo RONA	アサリw
1:17:03	アキパン	アサリきたｗ
1:17:03	かわ3	1
1:17:04	木目	ホコでいいだろｗ
1:17:04	B 5	100000000倍マッチ！ｗ
1:17:04	ひまみずお	なわばりや！
1:17:06	黎明卿新しきボンドルド	アサリでええんか？w
1:17:06	もこもこありえす	草
1:17:08	うにあ	ｗｗ
1:17:12	rosugi	アサリ
1:17:13	うにあ	結局ｗｗ
1:17:14	羅天	草
1:17:17	アキパン	1億やぐら
1:17:17	yasu fuji	どうあがいてもアンチアサリ
1:17:18	Yuuki	勝つぞおおおおおお！！！
1:17:20	zale	コンブかー
1:17:24	矢瀬	勝ったな
1:17:28	かそく	草
1:17:29	ぐだのすけ	草
1:17:30	しゃけねこ	草
1:17:31	ミカグラ	草
1:17:31	うにあ	いいのかよｗｗ
1:17:31	めんとす	終わり良ければなんとやらだ
1:17:32	かおう_____ta	逆転大勝利だ！！！
1:17:32	LEON	本気出しちゃいますかあ
1:17:33	Metallic	草
1:17:34	ケンフー	これで勝ってもどっちが勝ちなのか
1:17:35	アキパン	やりたがりｗ
1:17:35	なだきょう	草
1:17:35	りょうちゃん	草
1:17:35	ねこさん1号	舐められてるとも言えるw
1:17:36	カービィ	草
1:17:36	ヘィヴンダックス	強者の余裕ですかね
1:17:36	エーピー	草
1:17:37	たべっちかにっち	草
1:17:37	青いザリガニ	草
1:17:38	ぽぽぽぽぽぽ	草
1:17:39	ごくごく民	ゴネ得
1:17:41	ゆり•	草
1:17:41	うどんこねっと	まだ試合やりてえよ！
1:17:44	taketo RONA	スプラ楽しいなぁ！？
1:17:52	zale	ZAPじゃないのか
1:17:53	りょうちゃん	流石にコールドありでも
1:17:53	kbf kbf	押せよ
1:17:54	うりょ	やさしい
1:18:05	ヘィヴンダックス	ナイスゥ！を送りまくるべし
1:18:07	うにあ	ばかのポイントｗ
1:18:11	ぐだのすけ	草
1:18:15	黎明卿新しきボンドルド	1億でも充分だわw
1:18:15	鼻セレブ	1
1:18:15	9614月影	１億十分やろw
1:18:18	羅天	ナイスダマ みんなでおせば めちゃつよい
1:18:26	matutake	ガチやん
1:18:28	桃花	がんばって～
1:18:29	かそく	草
1:18:29	しゃけねこ	草
1:18:33	かおう_____ta	草
1:18:35	taketo RONA	なげーw
1:18:36	りょうちゃん	楽しいな〜
1:18:37	バーヤ。	5000兆はスワベママのネタか
1:18:37	archer	ヤグラ？
1:18:42	久四郎	5000兆ポイントほしい
1:18:46	心刃	草
1:18:47	りょうちゃん	草
1:18:48	eico	笹木ずっとやりたかったんか
1:18:49	博麗麗博	草
1:18:49	ぽぽぽぽぽぽ	草
1:18:49	まつまえ	
1:18:50	kbf kbf	草
1:18:54	うにあ	考えて変わらんｗ
1:18:55	黎明卿新しきボンドルド	尚しぃしぃはメン限で…
1:18:57	ぐだのすけ	草
1:18:57	かおう_____ta	草
1:18:57	なだきょう	草
1:18:57	ふくざわゆきち	心理戦やぞ
1:19:00	ガリレオ	草
1:19:00	もこもこありえす	草
1:19:01	エーピー	草
1:19:01	アキパン	草
1:19:02	るたろー	草
1:19:03	しゃけねこ	草
1:19:06	yasu fuji	辛辣ぅ！
1:19:06	9614月影	馬鹿じゃんw
1:19:07	まっぴー	考えたフリしてかしこそうに見えるやつか
1:19:08	うりす	草
1:19:08	うにあ	ｗｗ
1:19:09	kbf kbf	ドストレート表現ナイス
1:19:11	りょうちゃん	ただの宮本武蔵戦法で草
1:19:14	toy2	その馬鹿に負けてんだよなあw
1:19:14	ヘィヴンダックス	そうやって相手を油断させてる
1:19:15	zale	むちゃくちゃ言ってて草
1:19:16	羅天	馬鹿に負けるな
1:19:29	うにあ	ないす！
1:19:31	りょうちゃん	ないす！
1:19:47	めんとす	ナイスをおくれ
1:19:49	zale	ナイス押せ定期
1:19:51	ミドレー	そして送らない
1:19:52	シズク	ナイス絶対送らないの草
1:19:54	P sin	ナイス押してない草
1:19:54	なだきょう	ナイス押してw
1:19:59	たべっちかにっち	ナイスぅ！
1:20:00	うにあ	いいぞ！
1:20:01	ガリレオ	ないす
1:20:03	矢瀬	ナイスゥ
1:20:04	エーピー	ナイス押せ定期
1:20:07	ケンフー	プライムバトルｗ
1:20:09	りょうちゃん	ナイスゥ！
1:20:10	n_i_t_r_o	ナイスを押さないという鋼の意志を感じる
1:20:13	青いザリガニ	ないすぅ
1:20:13	かんぱち	ナイスゥ
1:20:16	かそく	ナイスゥ
1:20:26	りょうちゃん	ナイスゥ！
1:20:27	ターニングポイント	ナイスゥ！
1:20:27	たべっちかにっち	ナイスぅ！
1:20:27	しゃけねこ	ナイスゥ
1:20:28	かおう_____ta	いいね！！
1:20:29	かそく	いけー！！
1:20:30	矢瀬	相手落ちてんねぇ
1:20:30	ぐだのすけ	ナイスゥ
1:20:31	うにあ	いいぞ！
1:20:32	もこもこありえす	おお！
1:20:32	わたり	いいぞ〜
1:20:34	ワタル	え？なんて？
1:20:43	むーん。	玉が溜まった？
1:20:50	木目	いけるいける
1:20:50	博麗麗博	たまもたまった！？
1:20:53	心刃	草
1:20:58	りょうちゃん	おしい
1:21:00	ワタル	無謀すぎるｗ
1:21:00	John Smith	草
1:21:00	たべっちかにっち	さすがにｗ
1:21:00	かそく	ちょっと持ち堪えて草
1:21:00	toy2	草
1:21:01	ガリレオ	これは無理w
1:21:02	あばれウミガラス	草
1:21:04	うにあ	おしい
1:21:04	zale	なんか許されて草
1:21:04	なだきょう	草
1:21:05	そらりん	おしい
1:21:05	Kazakura	曲芸ええぞ
1:21:06	taketo RONA	何今の長考w
1:21:06	バーヤ。	ナイス乗り
1:21:10	eico	草
1:21:11	イープカ	柱ダンス草
1:21:34	カービィ	スライドなしデュアルは草
1:21:35	りょうちゃん	草
1:21:39	黎明卿新しきボンドルド	2回w
1:21:42	めんとす	ナイスを送った？！
1:21:42	桃purée	疑似確なぁ
1:21:43	ふくざわゆきち	草
1:21:43	ぐだのすけ	草
1:21:44	うにあ	いいぞー
1:21:46	たべっちかにっち	ナイスぅ！
1:21:48	バーヤ。	ナイスは3回が上限だからまあ
1:21:52	Metallic	
1:21:57	かおう_____ta	きついなー
1:22:05	かそく	めっちゃおった
1:22:06	はんぺん	疑似確死すべし
1:22:08	木目	まだ時間あるよ
1:22:16	りょうちゃん	あああ
1:22:18	なだきょう	ああ
1:22:20	アキパン	あやべ
1:22:20	B. D.	つれー
1:22:20	心刃	これはまずい
1:22:21	taketo RONA	事故ったー
1:22:21	toy2	やべええ
1:22:33	たべっちかにっち	やばいｗ
1:22:36	木目	遠くに目が行っちゃったな
1:22:37	もくず	ヤグラ乗ってる時間が少なすぎるなあ
1:22:37	かおう_____ta	うわああああああああ
1:22:38	心刃	おわった
1:22:39	うにあ	あああ
1:22:39	カービィ	gg
1:22:39	かそく	ああああああ
1:22:40	矢瀬	ありゃー
1:22:40	ねこさん1号	あ
1:22:40	wu wa	1億P
1:22:41	ぐだのすけ	gg
1:22:41	りょうちゃん	あああ
1:22:41	アキパン	ｇｇ
1:22:42	長岡	gg
1:22:42	博麗麗博	あー
1:22:43	かわ3	一億
1:22:43	B 5	1億！ｗ
1:22:43	kbf kbf	1億点が…・
1:22:44	ねこわん	あー
1:22:44	西アマネ	gg
1:22:44	ネムイ	gg
1:22:44	青いザリガニ	１億が…
1:22:45	るたろー	ああああ
1:22:45	みうプポん3	あああ
1:22:45	心刃	gg
1:22:45	うにあ	gg
1:22:46	うりょ	おたわ
1:22:46	Conchita	gg
1:22:46	Marker Homess	射程差が残酷すぎる
1:22:46	Yuuki	くっそおおおおおおお
1:22:47	ケンフー	ノックアウトはもう
1:22:47	LEON	100000000
1:22:47	ターニングポイント	gg
1:22:47	rosugi	gg
1:22:47	G3R	gg
1:22:48	ターニングポイント	gg
1:22:48	てぃれもん	gg
1:22:48	9614月影	相手つっよ
1:22:49	Gリスナー	ふわっちがきつい
1:22:49	ないむん	gg
1:22:50	わたり	gg
1:22:50	しゃけねこ	gg
1:22:51	絶剣	なきのもう一戦
1:22:51	nimu	gg
1:22:53	うさみ	gg
1:22:53	たべっちかにっち	－１億
1:22:53	かおう_____ta	gg
1:22:54	まぐえふ	gg
1:22:54	eico	10先にするか
1:22:54	矢瀬	普通に強かった
1:22:55	toy2	1億飛んで7対4GG
1:22:55	ドブ野郎	次は10億ポイントだ！！！！！！
1:22:55	あさむ	gg
1:22:55	taketo RONA	1億7対4
1:22:56	B. D.	うーんgg
1:22:56	rosugi	やっぱ向こうつええわ
1:22:56	ラクタムβ	gg
1:22:56	うどんこねっと	ｇｇ
1:22:56	Metallic	gg
1:22:57	めぐすけ	gg
1:22:57	松井、	1
1:22:57	REO	gg
1:22:58	カービィ	1億点が…
1:22:58	yasu fuji	一億7ポイント！！
1:22:58	桃花	ｇｇ
1:22:59	かそく	gg
1:23:00	もこもこもこもこ	１億ポイント差かー惜しい！
1:23:00	かおう_____ta	草
1:23:01	めんとす	一億差で負けたな
1:23:01	しろまる。	gg
1:23:02	木目	ふわっちきつかったねぇgg
1:23:02	うにあ	引退ですかね
1:23:02	Tながおか	gg
1:23:02	アキパン	草
1:23:03	うりょ	引退しないで
1:23:03	No. 25	草
1:23:04	エーピー	1
1:23:04	しゃけねこ	草
1:23:04	まっぴー	gg
1:23:04	バーヤ。	次は5000兆ポイントかけて戦おう
1:23:04	りょうちゃん	草
1:23:05	洛水佑馬	gg
1:23:06	ねこわん	草
1:23:06	うりょ	飽きないで
1:23:07	かわ3	APEX
1:23:07	rim toopogi	草
1:23:07	kbf kbf	引退乙～
1:23:08	ふくざわゆきち	草
1:23:09	求-矢澤	1億7vs4
1:23:09	博麗麗博	草
1:23:09	イノウエシンイチ	APEXやるか
1:23:09	ぐだのすけ	草
1:23:10	ぽぽぽぽぽぽ	1億7ポイント
1:23:10	黒蜜糖 Black sugar	次は
1:23:10	Yuuki	引退しないで；；
1:23:10	ひまみずお	3
1:23:12	まっぴー	引退試合だったか…
1:23:13	うにあ	ｗｗ
1:23:13	Ku ro	一億が
1:23:14	ヘィヴンダックス	椎名さん
1:23:14	ケンフー	椎名ほぼしかけてたろ
1:23:15	zale	1億2pt差だな
1:23:15	kiri	草
1:23:15	ないむん	草
1:23:16	はいどれ	もともと半分引退してるだろｗｗ
1:23:17	SANA	ガン萎えで草
1:23:17	archer	引退だぁ；；
1:23:17	株助	既にOBみたいなもん
1:23:17	カービィ	引退してAPEXやるわ…
1:23:19	イープカ	4:10000007
1:23:19	しーく	gg
1:23:20	9614月影	引退しないでw
1:23:20	ぎるがめっしゅ	草
1:23:21	黎明卿新しきボンドルド	ゴミだ(ry
1:23:22	まあライオン	やっぱえぺよ
1:23:22	あかるる	APEXやるかぁ～～ｗ
1:23:25	日本酒	次
1:23:25	アキパン	1億やられた～
1:23:27	駆け舞踏	草
1:23:27	みなみ	APEXやな！
1:23:32	心刃	草
1:23:32	かおう_____ta	草
1:23:33	たべっちかにっち	草
1:23:34	Sekitoセキト	アペすっか
1:23:34	しゃけねこ	草
1:23:34	うにあ	ｗｗ
1:23:36	博麗麗博	草
1:23:37	ないむん	やび
1:23:39	うりょ	多大な負債
1:23:39	rim toopogi	草
1:23:40	かそく	惜しかったな〜
1:23:43	環境トップのコイキング	4
1:23:44	taketo RONA	2億かけるか
1:23:47	ぐだのすけ	4体1億7ｗ
1:23:50	kbf kbf	あれば
1:23:53	ゆうた	第
1:23:53	木目	第3回待ってる
1:23:57	ヘィヴンダックス	僅差で負けたわ
1:23:57	りょうちゃん	あってほしい
1:23:57	めんとす	引退するからなぁ〜
1:23:59	なだきょう	草
1:23:59	心刃	草
1:24:03	zale	ペアすき
1:24:03	oreo [oreokkusu]	面白かった
1:24:05	kbf kbf	入れ替えペア制度面白かったけどね
1:24:11	たべっちかにっち	楽しそうｗ
1:24:13	しゃけねこ	草
1:24:14	Yuuki	めっちゃ楽しかった～
1:24:14	うにあ	気力しだいｗ
1:24:17	求-矢澤	お疲れ様でした！
1:24:17	日本酒	楽しかった！
1:24:18	ぐだのすけ	第三回気が向いたときに～
1:24:18	凝固	
1:24:18	うにあ	おつかれー
1:24:19	ケンフー	
1:24:20	LEON	
1:24:20	かそく	楽しかった！
1:24:21	松井、	おつかれ三下
1:24:21	しーく	
1:24:21	うどんこねっと	おつかれ～
1:24:22	かんぱち	
1:24:22	うりす	面白かった～
1:24:22	cana bob	4対100000007
1:24:23	kbf kbf	
1:24:23	ヘィヴンダックス	エビオもありがとう〜
1:24:23	うりょ	おつスプラー
1:24:24	ぺねみ	
1:24:24	エーピー	
1:24:24	アキパン	お疲れ様ー！
1:24:25	クレシアン	
1:24:25	かわ3	
1:24:25	Keys	おつ
1:24:25	てぃれもん	
1:24:26	まっぴー	
1:24:26	れーん.	お疲れ三下
1:24:26	夢たんぽ	
1:24:26	桃花	大負けもなかったしいい勝負だった
1:24:27	ロリー*	おつかれ三下〜
1:24:27	カービィ	
1:24:27	はいどれ	
1:24:27	かそく	
1:24:27	ひがしのそら	
1:24:27	ラクタムβ	おつかれ三下～
1:24:27	ないむん	
1:24:27	天丼丸	
1:24:28	たべっちかにっち	
1:24:28	ななかな	
1:24:28	陽介	素晴らしい企画をありがとう
1:24:28	永久機関回転寿司	お疲れ三下ぁ！
1:24:28	Yuuki	
1:24:29	No. 25	
1:24:29	P sin	ふわっちがバランスブレイカーだし前みたいなペア変更制がいいなあ
1:24:29	うにあ	
1:24:29	Rei_ S2	お疲れ三下！
1:24:29	Iceman	
1:24:29	pankys	
1:24:29	toy2	
1:24:30	かざ	
1:24:30	あかあか	
1:24:30	S K	
1:24:30	シャムねこ	
1:24:31	村田ネギ	
1:24:31	ガリレオ	
1:24:31	ちゃんみあ	
1:24:31	Gリスナー	お疲れさんした～
1:24:32	めぐすけ	
1:24:32	神田ノ	お疲れさまー
1:24:32	けもー	
1:24:32	てょばん	
1:24:32	あいす。	
1:24:33	うりょ	おつかれさまー
1:24:33	rosugi	おつかれ三下〜
1:24:33	taketo RONA	
1:24:33	月の石	
1:24:33	博麗麗博	
1:24:34	るたろー	面白かった〜おつかれさんした！
1:24:34	ロ一ツェ	
1:24:34	矢瀬	おつかれ三下
1:24:34	なだきょう	おつかれ三下ー
1:24:34	ダックスフント	
1:24:37	あさむ	
1:24:37	ぎるがめっしゅ	
1:24:37	みなみ	
1:24:38	もんぬサマー	おつかれさんした～
1:24:38	わけありでこぽん	
1:24:38	magicien	お疲れさまでした！
1:24:38	スケルトン	おつかれ三下！
1:24:38	ぐうじえ	
1:24:38	えいの	
1:24:38	みんつ	
1:24:39	アキパン	お疲れ三下～！
1:24:39	Zhi	
1:24:39	長岡	
1:24:39	がらなちゃん	
1:24:40	ターニングポイント	
1:24:40	Sekitoセキト	
1:24:40	ふりっつ	
1:24:40	佐藤太郎	
1:24:40	まぐれが	
1:24:41	空亡	
1:24:41	無垢-muku-	
1:24:41	cana bob	
1:24:41	焼きナス	
1:24:42	水那斗碧	お疲れ三下～
1:24:42	心刃	
1:24:42	ぐだのすけ	
1:24:43	西アマネ	
1:24:43	ひこわさ	
1:24:44	まっぴー	
1:24:44	UMA	おつかれ三下〜
1:24:44	株助	
1:24:45	あそーやさか	おつかれさんした〜
1:24:45	あいす。	
1:24:45	しとり	
1:24:46	́しょーゆー	
1:24:46	つなつな	
1:24:46	あくら	
1:24:47	うさみ	
1:24:48	ななかな	
1:24:48	B. D.		￥2,434
1:24:48	みなみ	
1:24:49	ルキルキ	おつかれ三下～
1:24:49	S・ H	おつかれ三下～
1:24:50	accelアクセル	
1:24:50	イープカ	
1:24:50	B 5	
1:24:50	めんとす	
1:24:50	ROOTS	
1:24:51	ハコノクラゲ	
1:24:51	kou	
1:24:51	悠	
1:24:52	えびまる	おつかれさんしたー
1:24:52	むせ	お疲れ三下ー！
1:24:52	じゅうに	お疲れ三下ー
1:24:52	みなと	
1:24:52	うりす	
1:24:53	森啓	
1:24:53	まぐえふ	
1:24:53	横山	
1:24:55	kamitama	
1:24:55	HAN ZO	
1:24:55	カオス東方	
1:24:55	sho ma	お疲れ三下〜！！
1:24:56	akira	
1:24:56	shiz	
1:24:56	oreo [oreokkusu]	おつかれさんしたー
1:24:56	Rinka	お疲れ三下〜
1:24:57	ぜろぱか	おつかれさんした～
1:24:57	マメ	
1:24:59	桃花	おつかれさんした～
1:24:59	弾当てられない		￥500
1:24:59	ノズピ	
1:25:00	Nori Nori	
1:25:01	02 yonesuke	お疲れ三下
1:25:02	うりょ	
1:25:03	R DA	おつかれ三下～
1:25:04	エリンギの精霊	
1:25:05	月見だんご	
