-0:20	アカうぃん	ツイート
-0:20	シャムねこ	おはフォトナ〜
-0:20	エリス	名前決めてるっぽいけどはたして
-0:20	yasu fuji	ついえら
-0:20	こまち	ついえら
-0:20	ワタル	ツイート
-0:20	うえおあい	ついえら
-0:19	B 5	
-0:19	伊豆半島	えらい
-0:19	ダックスフント	しぃしぃツイえらい
-0:17	牛タン将軍	ついえら
-0:17	O_to_99	ついえら
-0:17	永久機関回転寿司	ついえら
-0:17	なだきょう	ついえら
-0:17	ぺぺろんちーの	ついえら
-0:16	ららららいく	ツイエラ
-0:16	エルベル	ツイート
-0:16	よういち	つい
-0:16	チナヤマです。	ついえら
-0:15	いもどろぼう	
-0:15	夢たんぽ	ツイート
-0:15	みんちこ	
-0:14	れゔぃあRevia	ついえら
-0:14	継続ゲーム配信放送局!!	#起きろクズ←案件
-0:13	わたらら	ついえら
-0:12	青いザリガニ	ツイートえらい
-0:12	クリ	おはすぃーなー
-0:11	アキパン	とにかくえらい
-0:11	焼きナス	ツイート
-0:11	洛水佑馬	ツイート
-0:11	なすかわしんさく	ついえら
-0:11	ラザフォードアーネスト	おは再起～
-0:11	ピヨ	ツイート
-0:11	こきゅうの声	
-0:10	Rei_ S2	ついえら
-0:10	はいどれ	
-0:10	アムアム	つい
-0:08	白桜順	ついえら
-0:08	つなつな	
-0:07	どすこい太郎	こんすたんてぃぬす～
-0:07	けんばく	ツイ
-0:07	スバりばー	にじ高名物ごめねむ
-0:04	桃野パピコ	
-0:03	白桜順	
-0:03	Yuuki	ツイート
-0:02	なにここ	残り２日で二年目・・・？
-0:01	ソーダ	ついえら！
-0:01	とももん	ツイ
-0:00	みぃ	
0:02	レイゴジラ	ツイート
0:04	ハコノクラゲ	つい
0:04	白桜順	
0:06	ハチミツ	にじ高はステータスかなり高いから行けそう。投手がなんとかなれば
0:06	もにぎり	
0:06	kbf kbf	
0:06	ブラホ	
0:06	Mine	ついえら〜
0:07	beyond	
0:07	かおう_____ta	
0:08	ネムイ	ツイート
0:09	pankys	
0:09	Suzuya	つい
0:09	くろあた	ついえら！
0:11	松井、	おはしいな
0:11	直樹カナン	待ってたぜ
0:11	kent fukushima	ついえら
0:12	ネムイ	
0:12	正義。	
0:12	餡ころ餅ゆっくりーむ	ついえら！
0:13	えすこんじ	
0:13	七々々秋山	
0:13	あゆさ	
0:13	ぷりっつPretz	
0:14	凝固	
0:14	yuma	ツイードえらい！
0:14	ぐだのすけ	
0:15	てぃれもん	
0:15	かわ3	
0:15	ターニングポイント	
0:15	なつめ大尉	
0:15	archer	
0:16	楪*	
0:16	しゃけねこ	
0:17	あるは/ Alfa uhi	おはしいな～
0:17	Iceman	
0:18	Tobahide	
0:18	ひがしのそら	
0:18	Taku.	
0:18	あかあか	
0:18	つなつな	
0:18	Yuuki	
0:18	83ヘチマ	
0:19	ケンフー	こんばん
0:19	夢たんぽ	
0:19	えびリンプ	おはしいなああ
0:19	aki	
0:20	伊豆半島	
0:20	ねこさん1号	おはなんよ〜
0:20	さかあがりぼうず	
0:21	ゆきち	
0:21	eKa	おは天使
0:21	ぎるがめっしゅ	
0:21	けんばく	
0:21	神田ノ	
0:21	村田ネギ	
0:22	ちなまる	
0:22	心刃	
0:22	テルユウ	
0:22	佐藤太郎	
0:22	KeyKey	
0:22	まっぴー	
0:23	ハコノクラゲ	
0:23	ゴッツ	
0:25	洛水佑馬	
0:25	ないむん	
0:25	青いザリガニ	
0:25	gÖzaじゃぎあ	おはワンナイトイベント〜
0:25	ゆきと	
0:26	yasu fuji	おはくどう
0:26	碓氷ドラグライド	
0:27	エリス	お、群道おる
0:27	あさむ	
0:27	エルベル	
0:27	大砲	
0:27	うりす	
0:28	もこもこありえす	
0:28	ぴぴ	
0:28	まー。	
0:28	pelle	
0:28	DKYM	
0:29	黎明卿新しきボンドルド	
0:29	無垢-muku-	
0:29	Gリスナー	おはしぃな～
0:30	ASAKA	おはしいなぁー
0:30	チンジャオラー	
0:30	まぐれが	
0:30	๑真琴	
0:31	レイゴジラ	
0:31	森啓	
0:32	じだらく	やきうの時間だぁぁぁぁ！！！
0:32	ビサウ	おは米津
0:33	るかち	
0:33	kamigataneguse	
0:33	ヒケラカス	
0:33	ブラホ	間に合うかなぁ…w
0:34	Metallic	
0:34	みゃおん	
0:35	さちくろ	
0:35	バーガー丸山	
0:37	シスト / CISTE	
0:37	じょに	
0:37	ななみ	
0:38	あかるる	下っ端金魚おるなぁ！
0:38	Tomo Tomo	
0:39	kamitama	
0:39	ピヨ	
0:39	にっぽり	にじ高きちゃ〜〜〜
0:39	ぺねみ	
0:39	beyond	
0:39	K-dolph DJ	おはしいな～
0:39	わたらら	
0:39	こきゅうの声	
0:40	eKa	おはすぃ～な
0:40	ちゃんみあ	
0:40	白桜順	
0:40	るたろー	おは米津〜
0:40	Mine	
0:41	Malta	
0:41	がらなちゃん	
0:41	じょに	
0:42	ねこわん	
0:42	ひこわさ	
0:42	さかりく	おはユードリック！
0:43	ルキルキ	おはくず
0:43	弾当てられない	
0:44	ぽぽど	
0:45	じゅるり	おは米津～
0:45	加藤	おはスク水
0:45	ちゃんみお	おはよねづ
0:45	Ketaけた	
0:46	あるは/ Alfa uhi	おはなんよ
0:46	kamitama	米津よかった？
0:46	かわ3	ライブ良かったわ
0:46	除菌紙	草
0:47	ヤンデレ大天使	おは米津
0:47	ガリレオ	
0:47	WRyou_Italy	おはフォトナライブ〜
0:48	もんぬサマー	二年生もういるねえ！
0:48	彩玉	おはくずー
0:49	えすこんじ	米津草
0:49	リンタイラン	
0:49	DKYM	草
0:49	るみねん	
0:49	伊豆半島	おは米津
0:49	Nbvghg yyy.CHUNBEN	こんばんは
0:49	まっぴー	いつの間にか名前決まってる
0:50	ネリー・モノ	もう作ってて草
0:50	灯火	おはしぃな
0:50	正義。	
0:51	ちなまる	
0:51	清風明月	
0:51	いおり_	
0:51	うどんこねっと	おは米津～
0:51	えびリンプ	下っ端金魚やああああああ
0:51	テンてん	おはしいなぁ〜
0:51	ジーク	米津よかったか？
0:52	みなみ	めいろちゃんおる
0:52	村田ネギ	えらい
0:53	Virra	おは米津～
0:53	皐月	
0:53	たいらー	
0:54	ないむん	よしみで遊んでたねｗ
0:54	もちピザ	おは米津
0:54	zale	名前かえてねぇきゃねぇか
0:55	あでのしん	おはパプリカー
0:55	桃purée	下っ端おるなぁ
0:55	ミヤコ	おー名前決めてる
0:56	月詠翔	おはよね～
0:56	シャムねこ	草
0:56	fulひゅーる	
0:57	がらなちゃん	草
0:57	だし濃厚きつねうどん	草
0:57	永久機関回転寿司	おはくず...！
0:58	こまち	草
0:58	KeyKey	草
0:58	トップシークレット	おは甲子園
0:58	考えない葦	おはなんよ
0:58	エリス	えま★おーがすと
0:59	ちなまる	草
0:59	松井、	めいろちゃんええな
0:59	アキパン	草
0:59	yasu fuji	金魚いますねぇ！
0:59	あるは/ Alfa uhi	キャラにめいろちゃんおる！！
1:00	うにあ	そうかｗｗ
1:00	ukurai	草
1:00	心刃	草
1:00	cana bob	まあ、そらなｗ
1:01	もんぬサマー	おうがすと、だぞ
1:02	オクラトラ	おーがすと草
1:02	ゆきち	ならしゃーない
1:03	Virra	おーがすと草
1:03	たこやきたいやき	おは補欠
1:03	加藤	準備できてえらい！
1:03	?!	草
1:03	小栗毛	
1:04	taro nemu	10分前は草
1:04	ダックスフント	
1:04	Rain	草
1:05	アキパン	めいろちゃんきちゃ～
1:05	めたる王	めいろちゃんおるやん！
1:05	Tobahide	
1:05	楪*	草
1:05	トーチG	
1:05	suke tome	ほー
1:06	おるすたっと	
1:06	なや	草
1:07	ぽんぽんぺいん	早めとは
1:08	ぐだのすけ	草
1:08	ネリー・モノ	草
1:09	シェルティ	女の子めっちゃ増えてる
1:09	gÖzaじゃぎあ	下っ端金魚だ！
1:10	なすかわしんさく	草
1:10	ボウガン	申し訳なさｗ
1:11	YAMA	下っ端金魚おるなぁ
1:11	しろしろ	
1:11	folma	申し訳なさｗｗ
1:12	kihara0001	間に合わなくて偉い
1:12	みんちあさん	めいろちゃんきた！
1:12	龍さん	米津良かったよな！
1:12	LEON	申し訳なさ草
1:12	たべっちかにっち	草
1:12	kbf kbf	そんな気持ちあったのか
1:12	PPP	申し訳ないと思う心！？
1:12	みなみ	それはそう
1:13	なだきょう	おおお！
1:13	伊豆半島	草
1:13	松井、	おおおお！！！！
1:13	えすこんじ	おおｗ
1:14	さかりく	罪悪感感じてて草
1:14	WRyou_Italy	おお
1:14	Metallic	草
1:14	kou	下っ端金魚きたか
1:14	黎明卿新しきボンドルド	くどうです！
1:14	Gale ria	おお
1:17	てぃれもん	つよつよ金魚
1:17	ひまみずお	きちゃあ！！
1:17	俄祭直樹	おはくず〜、皇女様が気合いの断髪式しましたよ
1:18	Test	当たったあ
1:18	ねこわん	申し訳なさｗ
1:19	くろあた	
1:19	misty2452	二時間前に思い立っても10分前までやろうとしないから同じ
1:20	もにぎり	
1:20	白玉団子	マジか！
1:20	あかるる	下っ端金魚スク水枠だからな
1:20	がらなちゃん	いいね
1:20	まっぴー	おおお
1:20	cana bob	椎名さんが罪悪感を…？！
1:21	K-dolph DJ	おお！
1:21	suke tome	草
1:22	ロ一ツェ	申し訳なくて草
1:22	ないむん	工藤＝めいろちゃん
1:22	ぷりっつPretz	下っ端
1:23	さちくろ	有望金魚
1:23	えびリンプ	草
1:23	ぼたもっちん	思い立って偉い
1:24	餡ころ餅ゆっくりーむ	草
1:24	ぐだのすけ	草
1:25	ぺぺろんちーの	草
1:26	Virra	草
1:26	Tomo Tomo	おお！
1:26	心刃	草
1:27	かずき	草
1:27	KeyKey	草
1:27	かわ3	ユードリックのスク水見れて嬉しい
1:27	ちなまる	草
1:27	てぃれもん	草
1:27	ジンジュンキ	
1:27	もにぎり	草
1:27	kou	ほんとだよ
1:28	ネムイ	草
1:28	テルユウ	えまの名前おうがすとだぞ
1:28	ジジ猫	草
1:28	ひまみずお	草
1:28	うにあ	ひどいなーｗｗ
1:28	サバ吉	草
1:28	だし濃厚きつねうどん	ほんと草
1:28	ハチミツ	草
1:29	ガリレオ	草
1:30	奥歯フロート	草
1:30	pmdrill	草
1:30	トップシークレット	草
1:30	ブラホ	【前回のあらすじ】相変わらずの豪運で特訓を成功させまくるものの、秋の公式戦でまさかの１回戦敗退に激怒する椎名監督。裏でゲロ吐くほど泣いて気持ちを切り替えたしぃしぃは練習試合で勝利を重ね、偏差値26の野球バカ工藤をスカウトする。他の１年ライバー達も特殊能力をつけて着実にチームを強化していく。そして2年目の新入部員の能力を確認し、育成方針を決めたメモをCtrl+Sでしっかり保存するしぃしぃであった。
1:30	イヌイヌネコネコ	工藤いいね
1:30	エリス	スク水補正でしょ
1:31	WRyou_Italy	ほんとそれ
1:31	ダルマン	草
1:31	黎明卿新しきボンドルド	あれほんと草
1:32	肉肉野菜	草
1:32	Yuuki	草
1:33	楪*	草
1:33	ひがしのそら	草
1:33	kamigataneguse	草
1:33	taketo RONA	草
1:33	Ketaけた	草
1:33	板屋	草
1:34	松井、	おなごのスク水が見たい
1:34	アキパン	配慮助かるｗ
1:34	テルソンと共変性	あれか
1:34	モコモコ	草
1:34	えすこんじ	地獄じゃんｗ
1:34	ぽぽぽぽぽぽ	野郎の水着ばっか増えるの草
1:35	ぐるぐる	草
1:35	アカうぃん	草
1:35	zale	ほんとだよムサイ奴のスク水だらけだよ
1:36	ふぉるす	申し訳なくて水着を着せる
1:36	なすかわしんさく	ｗｗ
1:36	永久機関回転寿司	草
1:36	sou	草
1:36	がらなちゃん	草
1:36	ねこわん	草
1:37	オクラトラ	草
1:37	うーかー	草
1:37	matutake	はよ女子が欲しい
1:37	いろはに	スク水ヤバイね
1:38	モノクロアイ	草
1:38	ネリー・モノ	草
1:38	ターニングポイント	男のスク水ばっかで麻痺してきたわ
1:39	ぐりあお。	めっちゃいいけどね
1:40	テラかすてら	草
1:40	星野空	草
1:41	テルユウ	地獄FA
1:41	有機物	今さらｗ
1:41	no body	草
1:41	ハロ丸	それなw
1:41	ドンノリ	草
1:42	misty2452	スク水男子のファンアート多いよね
1:42	ASAKA	草
1:42	うどんこねっと	女の子の水着がみてえんだ！
1:42	木刀	草
1:42	うにあ	多い問題ですねこれは・・・
1:42	ぷりっつPretz	草
1:42	凝固	えぇ…
1:42	kamitama	草
1:42	みなみ	草
1:43	シェルティ	下っ端金魚が有能金魚に
1:43	Tながおか	草
1:43	しろやま	要るぞ
1:43	伊豆半島	草
1:44	小笠原きむのすけ	草
1:44	けんばく	草
1:44	青いザリガニ	それはあるｗ
1:45	レンコン	裏で
1:45	yasu fuji	そりゃユニフォームが水着なんだもん
1:45	あさむ	ユードリックの水着にカッコよさを感じてきた
1:45	ラスカル	需要はあるやろ
1:45	黎明卿新しきボンドルド	おなご
1:46	ねこわん	男の水着ばっかやなｗ
1:46	AMZON COM	男ぐさい高校だな
1:47	くさなぎ	そっちかよ
1:47	村田ネギ	そうだ女のスク水にしろ
1:48	涙目さん	草
1:48	Metallic	草
1:48	かおう_____ta	草
1:49	モコモコ	まぁ面白いからありだぞ
1:49	うにあ	ｗｗ
1:49	B. D.	問題草
1:49	川原太一	かわいいおなご
1:49	you you	変態やあ！
1:49	うっかり助兵衛	スク水の絵が多いけどほぼ男っていうね
1:50	かそく	女子（おなご）て
1:50	エマノン	絵面がね？w
1:50	ラクタムβ	へんたいw
1:50	テルユウ	は？
1:50	ディード	おなごいうな
1:50	kent fukushima	草
1:50	ないむん	草
1:51	ケンフー	なんだその言いよう
1:51	まっぴー	だった男子ばっかり選ぶから…
1:51	Yuuki	変態ｗ
1:51	くろあた	草
1:52	フツレ	草
1:52	あかるる	ぐんみちは可愛いおなごか・・・？
1:52	S・ H	草
1:52	kamitama	変態扱い草
1:52	yuma	草
1:52	篝火カガリビ	草
1:53	月詠翔	変態だなぁ
1:53	レディ	草
1:53	ソーセン	草
1:53	ふりっつ	草
1:53	tete ya-ya	草
1:53	スケルトン	変☆態
1:53	ヤンデレ大天使	草
1:54	あらいひと	草
1:55	。あとね	草
1:56	はいどれ	女の子のスク水ファンアート…
1:56	taro nemu	ヘンタイいうなｗ
1:56	桃野パピコ	まあたしかにw
1:56	ヘィヴンダックス	お前がいうな
1:56	アッシマー	草
1:56	イープカ	そら一年男ばっかりやからな
1:57	_ capelle	え
1:57	ピヨ	おまいう
1:58	おっくー	＃ヌードリック
1:58	モコモコ	おいこら
1:58	みなみ	変態言うなw
1:58	ネリー・モノ	野郎共の水着の方が多いの草
1:59	ハチミツ	ハジキは被害者
2:00	梶田纏	大体チャイカとユードリックで草
2:00	みんちあさん	郡道がスク水…？
2:00	うにあ	もとからｗｗ
2:00	ニコフ	変態の言い方よｗ
2:00	taketo RONA	郡道がかわいい…？
2:02	Gリスナー	変態言うなｗ
2:02	リョコウバト	しぃしぃのスク水も増えて
2:02	清風明月	草
2:04	ぷりっつPretz	変態は草
2:04	みゃおん	まぁ変態だよ
2:04	DKYM	ぐんみちにスク水はうわきっつ
2:05	sou	元からスク水着てる変態で草
2:06	ぽぽぽぽぽぽ	しいなーと汚染されてるの笑う
2:07	kou	ユードリックのスク水が1番やばい
2:07	うーかー	ヘンタイ
2:07	PPP	王子をずっと走らせようぜ
2:07	ブラホ	【前回のあらすじ】相変わらずの豪運で特訓を成功させまくるものの、秋の公式戦でまさかの１回戦敗退に激怒する椎名監督。裏でゲロ吐くほど泣いて気持ちを切り替えたしぃしぃは練習試合で勝利を重ね、偏差値26の野球バカ工藤をスカウトする。他の１年ライバー達も特殊能力をつけて着実にチームを強化していく。そして2年目の新入部員の能力を確認し、育成方針を決めたメモをCtrl+Sでしっかり保存するしぃしぃであった。
2:08	白の落書き	草
2:09	ハクビシン2世	しれっと風評被害で草
2:09	テンてん	変態
2:10	アキパン	せくしーがーる
2:11	ガリレオ	実際変態だから仕方ない
2:12	シズク	感謝してるよ
2:12	もちピザ	えま★おうがすとって変態なんですか！？
2:12	オクラトラ	ユニフォーム変更じゃなくてよかった
2:12	Mine	えまは変態（メモ
2:13	matutake	ピッチャー全員使うやろな多分
2:13	みたけ	おうがすとじゃね？
2:14	PPP	セクシーガールズ！？
2:16	Gale ria	申し訳なさ草
2:16	蓬莱来訪	草
2:16	あるは/ Alfa uhi	伝令役としてね
2:17	ごくごく民	先生方
2:17	もーみじ	走ったら揺れちゃうもんね
2:17	うえきばちこ	先生方
2:19	zale	セクシーガール(失笑)
2:19	チークαlpha	新人ライバーは誰入れるの？
2:19	黎明卿新しきボンドルド	走らないw
2:20	神田ノ	ｗ
2:20	帆楼	あらすじたすかる
2:21	アキパン	すこや～
2:22	野々村	エロい保険医とエロい人妻欲しい
2:23	tata knt	一年投手は中継ぎとしてならワンチャンあるよな
2:24	ゆきち	セクシーガールこそ走らせて欲しかった
2:25	KeyKey	巴さんとか健やとか？
2:26	松井、	巴さんとすこやか
2:26	さちくろ	すじニキたすかる
2:26	kbf kbf	すこ
2:26	Luore / ルオレ	
2:27	たこやきたいやき	母乳出るしな
2:27	83ヘチマ	あらすきちゃ
2:28	ケンフー	けん
2:29	ピヨ	あらすじ助かる
2:29	manio _AKG	
2:29	うにあ	ベンチ要因か
2:29	めたる王	すこ
2:30	ちなまる	すこ
2:30	ましゅ.	保険の先生
2:30	ぐだのすけ	保健の先生～
2:31	boy blind	ぜんかいのあらすじたすかる
2:31	みんちあさん	あらすじたすかる
2:31	北極	すこ
2:32	ないむん	健やか
2:32	エマノン	先生(郡道ではない)
2:32	緑茶	すこやか
2:32	たべっちかにっち	草
2:32	ダックスフント	しぃしぃもスク水着よ！
2:32	ぷるるん	それはそう
2:34	伊豆半島	あらすじ助かる
2:34	あっきゅあ	すこ
2:34	O_to_99	あらすじ助かる
2:35	綾鷹太郎	すこ
2:35	ヘィヴンダックス	先生枠が多すぎる
2:35	カオス東方	
2:35	folma	保健の先生
2:35	。。。。	健やか
2:36	gÖzaじゃぎあ	怪我したらベンチで癒やしてくれる
2:36	yu Yoshi	この放送見たせいで昨日パワプロ買ってしまった
2:36	しろやま	すこやぁ…
2:37	サトウ	俺も水着いる？
2:37	たまごエッグ	前回あらすじ助かる
2:38	あるは/ Alfa uhi	すこ
2:39	Rei_ S2	エロい人たち
2:40	エルベル	あらすじたすかる
2:40	加藤	白雪健屋は二遊間してほしかった
2:40	きちぇない丸	ぐんみちにスク水・・・
2:41	taketo RONA	クロシック継投か？
2:41	心刃	けんや
2:41	うにあ	保険の先生！！
2:42	桃野パピコ	あらすじニキおるぞ
2:43	あいざわうえお	あらすじ助かった
2:46	水野ユウト	怪我しても安心だ
2:46	suke tome	いや登板機会でてくるだろ2年投手は
2:47	Yuuki	おけー
2:47	メロンパン	エロい保健の先生たすかる
2:48	ミヤコ	先生スク水とか狂気の沙汰だな
2:52	none	エロい保健の先生！？
2:53	かおう_____ta	男どもわざとケガしそう
2:53	餡ころ餅ゆっくりーむ	ベンチでイチャついてそう
2:54	まっぴー	メモ残ってる？
2:55	テンてん	すこやのスク水ｷﾀ━
2:57	小笠原きむのすけ	仕事はメディカルチェック
2:58	松井、	あらすじニキありがとう
2:59	さかりく	かなは？
3:00	KeyKey	かな ならあるでしょ
3:00	まんぷく	ぐんみちのスク水うれしくねぇ
3:01	T・レックス	そりゃあない
3:01	エリス	初期投手弱いし本戦出番ある可能性はある
3:02	うにあ	ないのかー
3:02	加藤	かな
3:03	心刃	草
3:03	folma	すこっとｗ
3:04	M H	ぐんかん
3:04	アキパン	すこっとｗ
3:04	kamitama	準備してるの助かる
3:05	Metallic	草
3:05	reno	スコット
3:05	灯火	すこっと
3:05	ソーセン	すこっと
3:05	かそく	スコット草
3:05	うにあ	すこっとさん！！
3:05	しょう	
3:06	eKa	すこっとｗ
3:06	エアコンのリモコン	かなは？
3:06	ブラホ	ミスって2回あらすじコメントしちゃってたらごめんね
3:06	なだきょう	草
3:07	R K	アカン
3:07	ターニングポイント	草
3:07	どすこい太郎	かなはないか
3:08	あっきゅあ	草
3:08	ねこわん	えまちゃん、おーがすとじゃなくておうがすとじゃね？
3:08	zale	すこや（すこっと）
3:09	ケンフー	すこしかあってない
3:09	もこもこありえす	すこっと！
3:09	。よしかわ	炎上するやろ
3:10	ごりじゃくそん	すこっと
3:10	Virra	そっちのすこっとはやばくね？
3:10	うどん丼	草
3:11	Ketaけた	すこっと
3:11	テラかすてら	だれだよｗ
3:11	覚夜-かぐや-	すこっと草
3:11	ねこ	すこっと
3:12	ONE STAR	草
3:12	ハヤオ	すこすこのすこっと
3:12	有機物	草
3:12	けつばん	スコット草
3:12	yasu fuji	スコット草
3:13	黎明卿新しきボンドルド	すこっとw
3:13	みんちあさん	スコット草
3:13	ぷるるん	草
3:13	eland19	フォートナイトのライブ見てたのか
3:13	なすかわしんさく	すこっとｗ
3:14	DIE転イ吏 URIERU	それテイラー・スコットになるよｗ
3:15	くまねこ	すっとこどっこい！？
3:15	KeyKey	スコットはひでえ
3:16	タルトノア	オリジナルに
3:17	茄雪	オリジナルの方にして
3:17	求-矢澤	そのスコットフルネームだけど
3:18	B. D.	サクサクやなｗ
3:18	Lucocian	燃えそう
3:18	もーみじ	健屋は保険の先生だからムード〇入れようね
3:19	sou	裏で吐くほど泣くあらすじ草
3:20	LEON	ベンチの癒し＋男勢が炎上した時の火消しか
3:21	プブリウスマロ	そのスコット誰だw
3:21	帆楼	健屋のスク水ファンアートたすかる
3:22	イープカ	すここどり
3:22	ジョージマッケンジー	すこすこスコット
3:23	うーかー	人妻
3:23	matutake	オリジナルのスコットじゃないと変な名前でよばれるで
3:23	うにあ	巴だねえ
3:23	めたる王	巴さん
3:23	taketo RONA	カープのスコット？ｗ
3:23	gÖzaじゃぎあ	ベンチでいちゃいちゃしそう
3:24	ジーク	巴
3:25	suke tome	白雪巴
3:26	餡ころ餅ゆっくりーむ	巴やで
3:27	まっぴー	巴さんだね
3:28	もにぎり	そうだよ
3:28	O_to_99	球団マーク付きは別の名前呼ばれるぞ
3:28	もんぬサマー	変態人妻女
3:28	Yuuki	巴さん
3:28	ダックスフント	変態人妻女やぞ
3:29	星野空	まてまてそっちはプロだから下の名前も入るぞ！
3:29	桜小路朝日	プロは別の呼び方しちちゃうぞ
3:30	かおう_____ta	仲いいねー
3:30	心刃	そうだね
3:30	ねびゅらねびねび・	よく燃えるからお似合いやな
3:31	ぷりっつPretz	変態女
3:31	レディ	それカープのすこっとになる
3:31	エミール.T	scott/tiger
3:32	RAITO	スコットはまずい！
3:33	ぱん6820	かなあるで
3:33	john doe	スットコやん
3:34	ソーセン	怪しい関係
3:34	セイ	頑張ってますかー
3:36	夢たんぽ	プロの音声はダメだぞ
3:37	あるは/ Alfa uhi	セクシー伝令しらすこ組
3:37	Lycheeee	オリジナルじゃないと下の名前読んでくるぞ
3:37	うどんこねっと	大人気コンビ
3:38	もちピザ	仲が良い(意味深)
3:39	立里貞	ガチやん
3:39	わやなかwayanaka	ガチだよ
3:40	水野ユウト	スコットか…
3:41	zale	ニックネーム未亡人にしよう
3:42	Tomo Tomo	この二人で二遊間とかしたかった
3:42	ごくごく民	仲いい♡
3:42	エルベル	す っ と こ ど っ こ い
3:42	ろととと	新妻にしよう
3:42	アケやん	クロシックすこ
3:43	もにぎり	カップルや
3:43	キカイジマ	変態人妻女だ！
3:43	ぎーやん	エロ枠ならエアルも入る？
3:43	加藤	モンペの白雪
3:47	小笠原きむのすけ	ベンチでずっとイチャイチャしてそう
3:47	ねこわん	エロ人妻枠
3:49	桃野パピコ	適当で草
3:50	生本マグロちゃんねる	えまちゃんはおーがすとじゃなくておうがすとでは？
3:50	葉セロリ	変態人妻女
3:53	ぽぽぽぽぽぽ	変態人妻女
3:54	正義。	仲いいを超えてるｂ
3:55	cana bob	仲が良いってレベルじゃ
3:55	PPP	セクシー伝令は草
3:55	うっかり助兵衛	白雪、健屋は投手捕手の夫婦にするのもあり
3:57	DIE転イ吏 URIERU	★カープのスコットは演技が悪いぞ！きをつけろ！すっとこどっこいになる！
4:01	kbf kbf	ら
4:02	るみねん	ニックネーム人妻で
4:04	ケンフー	へたくそか
4:06	matutake	しらほし？
4:10	抹茶抹茶	すっとこどっこい！
4:12	セイ	スパイ？
4:12	KeyKey	しらゆき ないから ともえ で
4:13	伊豆半島	ほう
4:13	桜健	まぁ全部ニックネームと思えばよし
4:13	心刃	どうだった？
4:14	イープカ	すぱいしぃ！？
4:15	松井、	せやねえ
4:17	黎明卿新しきボンドルド	偵察えらい
4:17	レディ	甲子園だもんな
4:18	まるふぉい	おはしいな〜
4:18	もんぬサマー	樋口監督こわい
4:18	餡ころ餅ゆっくりーむ	春確定だね
4:19	kbf kbf	でろーん本人がやばい？
4:19	がらなちゃん	甲子園出場はすごい
4:19	ちなまる	そんなやばいんだ
4:19	うにあ	でろーんそんなやばいのか
4:19	アキパン	でろーん甲子園いったんだっけ
4:20	kou	配信見てえらい
4:20	suke tome	でろーんはマジで優勝候補
4:20	エリス	委員長を打てるかどうか・・・
4:20	kent fukushima	でろーんはやばい
4:20	アトム	でろーんさんめっちゃ強い
4:21	ガリレオ	でろーん強いらしいね
4:21	うどんこねっと	でろーんはアタマおかしいことなってる
4:21	ミヤコ	すごかったね
4:21	たべっちかにっち	でろーんめっちゃ強いよねｗ
4:22	ラクタムβ	V西強いな
4:22	ソーセン	でろーんのとこ強いんだ
4:23	ふりっつ	結構強かったねー
4:23	小笠原きむのすけ	巴ならあるんじゃね
4:23	ukurai	スパイできてえらい
4:23	覚夜-かぐや-	でろーんヤバい
4:23	ヤンデレ大天使	スパイできてえらい
4:23	黎明卿新しきボンドルド	ともえじゃない？
4:23	空木圭	でろ強すぎる
4:24	もーみじ	でろーん強かったなあ
4:24	ハチミツ	にじ高はかなり強いから自信持っていい
4:24	ぐだのすけ	甲子園行ってたねぇ
4:24	ごくごく民	スパイしいな
4:25	もにぎり	鬼監督
4:25	めで鯛。	ともえあったはず
4:25	sou	グウェルがゲーミングなんだからおーがすとくらい誤差やぞ
4:26	Rain	委員長がつよすぎる
4:26	# KID	でろーん甲子園行った
4:26	Tomo Tomo	しろゆきならワンちゃん？
4:26	ソーセン	すげぇ
4:26	あかるる	やべーやつだからな
4:26	SC77	最強候補ですねえ
4:26	しゃけねこ	すげ
4:27	ハルスマンS	つよ
4:27	Charlotte Scarlet	無言SCです	A$20.00
4:27	アケやん	変態人妻女
4:27	たびびと	でろーんやばいね
4:27	taketo RONA	V西はまじでやばい
4:28	いろはに	委員長やばいよ
4:28	みんちあさん	しらさきでいいんじゃない？
4:28	トップシークレット	リゼもやばいぞ
4:28	かおう_____ta	委員長ヤバくなりすぎだなー
4:28	けつばん	でろん甲子園行くもんな
4:28	じゃが	ヘルエスタが強い
4:28	正義。	委員長が強すぎる
4:29	ゆの	委員長とギバラ、ましろが特に強い
4:29	ぜろぱか	委員長やばい強いね
4:29	ふぉるす	でろーんヤバイね
4:29	Rei_ S2	委員長やばいよね
4:29	KeyKey	ノビAもやばい
4:30	ソーダ	やば
4:30	村田ネギ	椎名さんピッチャー弱いからね…
4:30	cana bob	150はやばいな
4:30	エマノン	やべーヤツじゃん
4:31	うっかり助兵衛	でろーんさんの委員長はマジエース
4:31	えすこんじ	すげー
4:31	zale	こっちまだ２年目だぞ
4:31	なだきょう	委員長やばい
4:32	kum feel	甲子園きまったね
4:32	うにあ	150かよ
4:32	三世サルモネラ	委員長ヤバイはあれ
4:32	七月和食	ノビ
4:32	とももん	しらたき
4:32	焼きナス	でろーんヤバかったね
4:32	星野空	しぃしぃ音声はオリジナルだけにしとけ
4:33	ハクビシン2世	観てたんすね
4:34	あん九ろ	でろーんやばい
4:34	孫悟空	しらたき
4:34	pipo popo	でろーん優勝候補
4:34	肉肉野菜	でろーん強いねー
4:34	tono_1300	剣ちゃんとこやばいよ
4:34	血塗られたトマト	白滝
4:35	ピカタマン	キャッチャーなしであれだからな
4:35	キカイジマ	しらたき
4:35	Ketaけた	委員長はやばい
4:36	ちゃぽた	はやい
4:36	月詠翔	しらね
4:36	ずんずん	甲子園決めてたね
4:36	ろととと	でろーんさん強いね
4:36	ヤンバルクイナ	でろーん甲子園いった
4:36	スゲ	委員長まじ化け門
4:36	うーかー	あと２年有ればいけるよ
4:37	みたけ	大エース月ノ
4:37	ジーク	でろーん選手能力ずば抜けてるみたいね
4:38	シャムねこ	監督が怖いからな
4:38	とろとろ	春の甲子園は唯一やし
4:38	matutake	あそこが優勝候補筆頭
4:39	楪*	やばいよね
4:39	リョコウバト	あぁ、そっちか怖い方かと
4:39	みなみん	でろーんはこの後春の甲子園すらある
4:39	梶田纏	でろーんさん先発が強いね
4:39	るみねん	ともえはありそうだが
4:39	うにあ	マジヤバイじゃん
4:41	ねこわん	委員長やばｗ
4:41	有機物	二年目秋であれだからね
4:41	とおのマン	やばい
4:41	PPP	剣持も「キャッチャーB」取得してアド無くなったぞ
4:42	みぃ	スク水で偵察？
4:42	心刃	草
4:42	テンてん	頭一つ抜けてる感あるよね
4:43	京坂八島	ともえは?
4:43	ハロ丸	鬼監督だからねぇ
4:44	のーす	あれはノビジャイロあるから速度以上よ
4:44	民っち	でもこっちにはチャイチャイがいるから
4:45	ごりじゃくそん	にじ高ピッチャーがなぁ
4:46	ラビちゃん	委員長そんなヤバイのか
4:46	きちぇない丸	ともえで検索したら？
4:46	さこう	委員長大エース
4:46	ひろかわ	しらたき
4:46	松井、	しらとり草
4:47	reno	あそこはスパルタだから…
4:47	失われた尊厳	ともえないかな
4:47	ぎーやん	ゆーて
4:47	WRyou_Italy	でろーん試合に勝ちすぎて栄冠全然終わらない
4:48	けもー	ともえ
4:49	kou	誰やねん
4:49	キュアアクセス	コウがアレだけど委員長は強い
4:49	いろはに	クロスファイヤーとか持ってるし
4:49	cana bob	リゼもやばいぞ
4:50	LEON	下克上してけ
4:50	もんぬサマー	媚びよう
4:50	kl as	皇女もさっきノーヒットノーランしててヤバかった
4:50	ロート.	でも月ノおろしたらかなり楽だよ
4:51	T・レックス	マジで優勝候補
4:51	アキパン	リアル威圧感あるしな
4:52	遥かカナダ	キャラメイクの速度なら優勝できる
4:52	エリス	ジャイロノビAクロスファイヤー勝ち運とかいうコンセプト特化
4:53	にくきん	
4:53	イカ	こっちにはリーダーがいるさ
4:53	ソーセン	パワプロは数字だけじゃないから！
4:53	αネス	白木いたよ
4:54	凝固	｢し｣しかあっとらん‪w
4:55	まつまえ	対左投手つけよう
4:56	セイ	君ならいけるよ
4:57	アニマルレーシングワイルド	150km！ジャイロ！ノビA！クロスファイアー！
4:58	のびのび	でろーんそんなことになってたのか
4:59	はいどれ	巴はないんかな
4:59	だーやま	社の所の勝君も
5:00	omamechang	でろーんのとこはましろもいるからな
5:00	KeyKey	呼び名適当すぎる
5:00	トップシークレット	正直他校の試合数が多すぎて、チャイカのアドバンテージがなくなりつつある
5:00	めたる王	まだ公式戦0勝だっけ？
5:00	Ketaけた	ギバラとえるえるも強い
5:01	ラクタムβ	草
5:03	佐藤太郎	うちの多田も行けるぞ...！
5:03	O_to_99	クロスファイヤーついたんだっけ
5:03	Jeremy Lin	
5:03	エジプトのブ男	でろーんと皇女が逆ブロックでよかったね
5:04	ぐだのすけ	草
5:05	てぃれもん	草
5:05	ぽぽぽぽぽぽ	草
5:05	餡ころ餅ゆっくりーむ	なんなら裏でリゼがエラー込みだけどノーノーしてたぞw
5:06	松井、	舞元、勝て
5:07	Yona	ノビAジャイロクロスファイアーとかいう怪物
5:07	完全体綾鷹	草
5:07	raraodk	舞元は草
5:07	心刃	草
5:07	寝すぎた	まず椎名さんは選手育成間に合うのか？
5:08	うにあ	舞元が勝てるのか分らんな
5:08	gÖzaじゃぎあ	草
5:08	こねこ倫理観	舞元の荷が重すぎる
5:09	ぷるるん	そうだな
5:09	じんべぇ	チャイチャイ強くなるから
5:10	ミヤコ	ここかＶＲ関西だと思ってる
5:10	suke tome	舞元がんばれ～
5:11	オクラトラ	舞元には勝てると
5:11	まっぴー	強豪校多いのか
5:12	あん九ろ	舞元はもう…
5:12	ネムイ	草
5:13	taketo RONA	舞元は…
5:13	もにぎり	草
5:13	taro nemu	てぇてぇ
5:13	アキパン	舞元とのリベンジ戦は熱い
5:13	SC77	舞元頼みは草
5:13	Lesak	ましろんもやべえよな
5:14	ソフィ	草
5:14	けつばん	決勝舞元は草
5:14	まんぷく	舞元は無理やろなぁ弱すぎる
5:14	あいざわうえお	椎名さんの適当キャラメイクたまんねえぜ
5:15	kbf kbf	SスーパーCチャット
5:15	梶田纏	舞元なら勝てると
5:16	ああ	しらきええやん
5:17	ひまみずお	草
5:17	羊羽ケイト	総当たりで見たいな
5:17	黎明卿新しきボンドルド	どうやって勝てばいいんだよ…
5:18	ゴリ	舞元キャッチャーAはおるけどきついな
5:18	toy2	舞元なめてて草
5:18	覚夜-かぐや-	草
5:18	のーす	舞元はもう…
5:18	Y. Kenji	ヘルエスタもワンチャン甲子園ありそう
5:19	matutake	舞元勝ち抜けは……多分…（"＾ω＾）・・・
5:19	ラビちゃん	舞元にもう勝ったつもりにならないでｗ
5:20	kent fukushima	他力本願で草
5:20	じゃが	舞元に対する圧だ
5:20	レディ	舞元なら勝てるという謎の自信
5:21	N i	リゼも強いから舞元は死んだぞ
5:21	とらお	わてくしノビAジャイロクロスファイヤーですけど？
5:22	霧瀬渚	舞元 お前と戦いたい
5:22	ヘィヴンダックス	舞元ナメくさってて草
5:22	ぜろぱか	舞元とリベンジマッチは熱い
5:23	うどんこねっと	舞元には荷が重すぎる…
5:24	ピカタマン	しぃしぃ順調なら全然イケるで
5:24	フイム	皇女もかなり強い
5:24	求-矢澤	おーがすと地味に違くないか？
5:24	タイコウチ	でろの委員長茂野みたいになっとる
5:25	folma	がんばれ舞元
5:25	おたた	舞元ぶっちゃけ厳しすぎる
5:26	あかあか	Aリーグは魔境
5:26	桃野パピコ	Bリーグ抜けた気でおりますわ
5:27	アインズによろしく	ハジキにカット打ちつければ勝てるかも
5:28	ハチミツ	チャイカが最注目選手であることに変わりない
5:28	zale	多田もにじさんじはいってもろて
5:29	ロート.	でろーんとこ以上にやばいのが重い球やら奪三振持ちやらいる社のとこ
5:29	Koo //	でろーん、パワヒ持ち広角持ちいるからなぁ
5:29	B. D.	舞元上がって来たら奇跡だが
5:30	ミランダ・力一【りきいち】		￥100
5:31	うどんこねっと	リゼ様がワンチャンやな
5:31	焼きナス	舞元勝てるかぁ
5:31	ゆのいろ	舞元とかノーチャンスなんだよなあ
5:31	心刃	​舞元には勝てるつもりなの草
5:31	eland19	にじ農はもう…
5:31	のびのび	舞元どうやろなぁ・・・
5:32	LEON	椎名さんまだ
5:34	バーガー丸山	舞元はかなりよわいなあ
5:35	sou	舞元は
5:35	なだきょう	草
5:36	アキパン	草
5:36	シャムねこ	草
5:36	ハロ丸	草
5:36	しゃけねこ	草
5:36	るみねん	草
5:37	なすかわしんさく	ｗｗ
5:38	?!	草
5:38	がらなちゃん	草
5:38	かそく	舞元、お前と戦いたかった…
5:39	ねこわん	草
5:39	うにあ	舞元なら！！
5:39	eico	GALS対決もみたい
5:39	WRyou_Italy	舞元はまだ三年の夏が残ってるだろ！
5:39	misty2452	でろーんは内野守備がやや不安だけど全体的に特能が強すぎる
5:40	もにぎり	草
5:40	くもむら	V
5:41	ジーク	舞元最弱まである
5:41	笹かまぼこ	草
5:41	MiA	舞元はもう…
5:41	タシロタカヒロ	エキシビジョンやな舞元
5:42	松井、	ほんまか？
5:42	tete ya-ya	舐め腐ってて草
5:43	アニマルレーシングワイルド	草
5:43	ハコノクラゲ	舐めてんねぇｗ
5:44	木刀	草
5:44	有機物	舞元は不遇だからな…
5:45	たべっちかにっち	舞元頑張ってほしさはあるｗ
5:45	ぐだのすけ	草
5:45	かおう_____ta	舞元…がんばれ…
5:45	ぷるるん	草
5:45	ガリレオ	舞元は運がなぁ…
5:45	KeyKey	舞元は引きが悪すぎたな
5:46	rat hot	社つよそう
5:47	リンタイラン	舞元は厳しそy
5:47	伊豆半島	草
5:48	Gリスナー	舞元見たけど悲惨やった
5:48	アリチャーズキース	にじ高応援しとるからがんばれ～
5:48	琉世生高原	舞元が勝てないに
5:48	DKYM	なめくさってて草
5:48	いろはに	リゼ様のとこも強いぞ
5:49	ぎるがめっしゅ	草
5:49	boy blind	剣持はガチ
5:49	こねこ倫理観	なんたって★
5:50	taketo RONA	やめてさしあげろｗ
5:50	肉肉野菜	舞元は脱落するやろなー
5:50	粉粉	まあ去年あれで舞元勝ったし
5:51	蓬莱来訪	草
5:52	マラドーナに愛された男	まいもとは…
5:54	名無	王立強いよなぁ
5:54	京坂八島	本戦は、指示ないからね…
5:54	ケンフー	それで公式一回も勝ってないでしょ！
5:55	星野空	★しぃしぃ健屋の音声違うのにしなプロの音声になってるから他の名前も呼ばれるで
5:55	kamitama	リゼでろーんは強そうやねぇ
5:55	lotus	にじ農はなぁ
5:56	めたる王	優勝より舞元を倒したいのかww
5:56	復活昇竜	社は強くないぞ
5:56	モントブラック	慢心ゲーマーズ
5:57	民っち	いうて
5:57	からすめ	夏大会でピッチャー育つかどうかやぞ
5:57	マヤです	舞元がどうやってあそこから勝てると?
5:57	なや	草
5:57	リュ一	V関西強いよね
5:58	ゆの	剣ちゃん今日特訓運が良い
6:00	うにあ	剣持もキャッチャーＢだっけ？？
6:01	クーラー	
6:01	ひまみずお	さっきキャッチャー
6:02	エリス	剣持もキャッチャーついたというスパイからの情報あるぞ
6:02	ぽぽぽぽぽぽ	ヘル高とVR関西が大分やばい
6:02	大野智	剣持今日一気に強くなった
6:02	水野ユウト	こっからの成長次第だねえ
6:02	kbf kbf	しいな
6:03	Rain	転生二人引いてるからねぇ
6:03	もんぬサマー	転生がなんだ、こっちは天才だ
6:03	じんわた	V西とヘル高が強すぎて舞元が…
6:05	みなみ	普通に足下掬われるぞ
6:06	うーかー	しぃしぃまだ半分行ってないしヨユーよ
6:07	砂	舞元だけ転生天才いないからなぁ
6:09	羊羽ケイト	顔はいじらんの？
6:09	桃園あい	あとかざちゃんがキャッチャーB引いたよ
6:10	かれーうどん沼太郎	舞元は運が悪すぎて…
6:10	B K	俺らのユードリックを信じよう
6:11	taketo RONA	天才ひいとったな
6:11	カロ	リゼはとにかく夜見がやばい
6:12	うっかり助兵衛	黒井しばのキャラクリめっちゃ笑った
6:13	エルベル	高津河田がね
6:14	タシロタカヒロ	神田が居ねえ
6:15	立里貞	赤星誰やっけ
6:15	matutake	投手でいうとこっちのチーム明確に弱点あるのがなぁ
6:16	走るレモン	現状、にじ農の一人負けだからなぁ
6:16	桃purée	しぃしぃもゆうてつよいぞ
6:17	抹茶抹茶	にじ農はもう無理だぞ
6:17	ああ	剣持は進行度同じくらいかな今
6:19	梶田纏	王立ヘルエスタも隙無く強い
6:20	かぶときんぐ	スコヤの目難しそう
6:20	まめ	舞元は去年も言うて勝ち目なかったから…
6:20	くまねこ	もちさんとこは転生高津も来たし投手良くなりそうね
6:21	うにあ	転生二人はつよいな
6:21	Ta. Ko	舞元が勝ち進んだら不正を疑う
6:21	LEON	すこやさん抑え候補の人か
6:22	ダックスフント	しぃしぃ今日も素敵やで！
6:23	ガリレオ	こっちは天才だからな
6:23	しいたけうまし	舞元キャッチャー＋2あるからなぁ
6:24	もこもこありえす	本番どうなるかわからんのがパワプロよね
6:24	レディ	天才引いてるから割とどっこい
6:25	。 nomn	でろーんって春の甲子園行くんだよね？
6:25	チンパンジー	威圧感もち多いみたいだからピッチャーに闘志つけた方がよさげ
6:25	RC314	剣持は今の秋大会次第やね
6:25	松山ケンイチ	天才ひいたやろ～
6:26	T・レックス	いうて初年度天才キミだけやで
6:27	hady _	赤星はましろ
6:31	黎明卿新しきボンドルド	おとつい
6:31	PPP	「お"""う"""がすと」じゃね？
6:32	ハヤオ	赤星はましろ
6:32	なだきょう	まぁまぁよ
6:32	ぐだのすけ	草
6:32	ケンフー	昨日は寝てたろ
6:33	松井、	草
6:33	M H	ぐんかん
6:33	ぷるるん	まあまあ
6:33	オクラトラ	ゆめお先発だと百合に挟まるゲーミングになりそう
6:33	アキパン	舞元に怒られるぞ
6:34	心刃	草
6:34	たべっちかにっち	そこまで弱くもないよねｗ
6:34	うにあ	ｗｗ
6:34	かそく	草
6:35	エルベル	もう鳥取に転生OBは一人しかいない
6:35	黎明卿新しきボンドルド	草
6:35	名無	リゼアンジュも中々にやばいんよなぁ
6:35	みなみん	草
6:35	gÖzaじゃぎあ	舞元…
6:36	伊豆半島	草
6:36	のっぺりミント	ユードリックとチャイカと言うかなり強い駒あるから大丈夫よ
6:36	餡ころ餅ゆっくりーむ	草
6:36	じんわた	社は投手陣が厚い、剣持はこれから
6:36	ふくざわゆきち	草
6:37	WRyou_Italy	舞元・・・w
6:37	覚夜-かぐや-	3年目でもいいから転生こないかなぁ
6:37	kbf kbf	舞元はなぁ！！
6:38	えすこんじ	草
6:38	YAMA	舞元…
6:38	AMZON COM	まぁ1年天才は大きなアドバンテージよな
6:39	?!	草
6:39	あん九ろ	草
6:39	うどんこねっと	舞元の３倍はある
6:40	ぷりっつPretz	舞元
6:40	加藤	舞元泣いてるよ
6:40	ターニングポイント	せやね
6:40	manio _AKG	草
6:41	ラザフォードアーネスト	実際十分だぞ
6:41	さちくろ	舞元かな…
6:41	Ketaけた	草
6:42	ピカタマン	赤ないしなぁ
6:42	あるは/ Alfa uhi	赤特ないだけで強い
6:42	こねこ倫理観	舞元に謝れ
6:42	うにあ	まあまあよ
6:42	もにぎり	草
6:42	sou	舞元泣いてるぞ
6:42	ハロ丸	舞元…
6:42	Nh	舞元がね…
6:43	がらなちゃん	2年目全体で最強だよ
6:43	taketo RONA	舞元…ｗ
6:44	eico	リーダー引っ張ってくれ
6:44	めたる王	悪くなかったねぇ
6:44	suke tome	今年勝たないときついね
6:45	ネリー・モノ	舞元…
6:45	zale	ユードリックなんて半分スカウトレベルにつよいぞ
6:45	O_to_99	この企画初期からの参加者では？？？
6:46	ガリレオ	強いよ
6:46	青いザリガニ	弱いはないね
6:47	ロート.	舞元は初年度引き悪かっただけであとは特能取りまくってるし運かなりいいよ
6:47	タシロタカヒロ	赤星はでろーんのましろ
6:47	有機物	そうやぞ
6:47	ソーセン	弱小の新入生なんてオールGありえるから
6:50	ぜろぱか	草
6:50	かおう_____ta	舞元はなぁｗ
6:50	京坂八島	最初のメンバーは、強かった
6:51	黎明卿新しきボンドルド	天才畑のせいで麻痺してるなw
6:51	エマノン	飛び抜けてないけど平均高い
6:51	misty2452	普通に弱点ないからね
6:52	たくとく	33万人いっとるやん、おめやで
6:52	枢木まいと	転生には及ばずとも普通に使えるレベルよ
6:52	アッシマー	草
6:53	あるは/ Alfa uhi	椎名さんところ先輩が弱すぎたからね
6:54	Ketaけた	舞元…
6:54	桃purée	見劣りしちゃうね
6:54	桃野パピコ	リーダーはバケモノやし
6:55	砂	舞元に怒られるわそら
6:55	のりおくん	聖シャもいい感じになってるな
6:55	佐藤太郎	おーがすとの方がかわいいだろ！（）
6:55	RC314	六人中一番星多いみたい
6:56	ぐだのすけ	舞元；；
6:56	うにあ	弱く感じるだよ
6:56	キカイジマ	星の平均値でいったら椎名さんが一番強いよ
6:56	ぽぽぽぽぽぽ	チャイカが怪物すぎて
6:56	立里貞	まあ去年よりはね
6:57	シャムねこ	舞元...
6:57	マンダマンタロウ	椎名さんには運があるから
6:57	うっかり助兵衛	投手がいいの来ないね
6:57	えびリンプ	舞元、、、
6:58	Komiva VA	一人で舞元の２人分くらい
6:58	ルキルキ	舞元泣いちゃうよ
6:58	RAITO	弱くはない
6:59	ふぉるす	チャイカのせいで感覚がバグってるんよ
6:59	桃園あい	平均値はトップだよ椎名さん
6:59	じゃが	舞元が弱いだけだ
6:59	LEON	椎名さん普通に良引きやね
6:59	まめ	舞元泣いてるよ
7:00	PPP	あれで弱いって言ったら舞元社が泣くぞ
7:00	ソーダ	舞元
7:00	ヘィヴンダックス	初戦負けなのにな
7:00	1984	舞元に比べれば大抵強い
7:02	ガリレオ	舞元は泣いていい
7:02	民っち	豪運の監督よ
7:03	かそく	去年が派手過ぎた
7:03	クラゲ.	舞元がかわいそうなのは珍しいからね
7:03	たこぱ	★威圧感持ちが増えたので、チャンスがあれば闘志の特能つけて
7:04	サバ吉	リーダーで価値観がおかしくなってるんや
7:04	ハチミツ	舞元の配信みてもろて
7:04	ジーク	舞元は底レベルなので
7:04	松山ケンイチ	舞元一勝もできないまである
7:04	見上げ入道だいだら	舞元のところの
7:05	心刃	​舞元が悪い意味でやばすぎる
7:05	くさなぎ	あそこ最弱候補では
7:06	ユウ	２年の平均★ランキング1位だよ？
7:07	taro nemu	赤得ないだけで爆アド
7:07	プンたろ	リーダーが異常なだけ
7:08	ミヤコ	おじさんをいじめるな
7:11	餡ころ餅ゆっくりーむ	普通に使えるで
7:11	梶田纏	舞元基準だと他の全員強いからな
7:11	ダックスフント	(舞元に比べたら)強い！
7:12	kamitama	しぃしぃは初年度公式戦0勝がどこまで響くかやねぇ、2年目は大事
7:12	宮フェイク	リゼのとこの夜見は
7:12	悠	しぃしぃは公式戦で勝ちが少ないのがねぇ
7:13	小笠原きむのすけ	舞元の目には何でも強く映るわな
7:13	なや	舞元…ｗｗ
7:14	うにあ	じゅうぶんよじゅうぶん
7:15	バーガー丸山	野球はひとりでやるもんじゃないぞ！
7:15	ねこさん1号	青特欲しいね
7:15	Dream Air	でも舞元は逆境〇やし...
7:16	ピカタマン	舞元は泣いていい
7:17	みんちあさん	舞元がよわよわなだけや
7:18	闇風拓	天才に比べては行けない
7:19	うちや	舞元は椎名さんの配信見て裏でゲロ吐くほど泣いてる
7:19	レディ	野球は一人じゃ勝てないぞ
7:20	boy blind	チャイカはかなりぶっ壊れ
7:20	有機物	星25は逆にくじ運強いまである
7:22	yurei	チャイカ＝３舞元
7:23	zale	おまかわ
7:26	民っち	ユードリックのキャッチャーも強いしね
7:26	アキパン	舞元が毎打席ホームラン打てばええねん！
7:27	ぽぽぽぽぽぽ	ハジキもやばいぞ
7:29	Mr. paintball	チャイチャイの前にランナー溜めとけばなんとかなる
7:29	けもー	一人打っても点は続かないぞ
7:30	tata knt	約１名除いて戦力にはなるレベルはある
7:30	エビ	健屋ほんと可愛いよね
7:31	牛タン将軍	赤ないだけでも良いんだよなぁ
7:31	のりおくん	リーダーとユードリック有能すぎた
7:33	さちくろ	やきうはチームプレーよ
7:34	うにあ	キャラつくらんとな
7:34	BBあの	1
7:35	ぐりあお。	今年勝てなかったらやばいね
7:36	悠	でろーんは二年に天才がいたから試合に勝ちやすかったからね みんなが成長できた
7:37	こまち	ちっちゃ
7:38	モントブラック	スク水健屋・・・
7:38	凝固	レイヤーが…！！
7:38	ソーセン	裏にいる
7:38	Ga wagi	チャイカさん
7:38	PPP	舞元泣きながら椎名の配信見てたのか
7:39	kamitama	夜見はチャイカ以上かもしれん
7:39	シャムねこ	マミってて草
7:40	ハチミツ	増えろ！スク水ファンアート！！！
7:40	ユウ	【２年生平均★ランキング】６チーム中１位
7:40	くまねこ	金魚坂ちゃんは守備捕球が高いからすぐにショートで使えるのも良いところ
7:40	かそく	かわいい
7:40	松井、	すこやかわいい
7:41	黎明卿新しきボンドルド	リーダーユードリックのレジコンビが大分強いと思う
7:41	タシロタカヒロ	チャイカはにじさんじ甲子園最強になる可能性が高い
7:41	manio _AKG	顔がいい
7:41	DKYM	胸しか見えんが
7:41	ちゃぽた	すこやさんかわいいよね
7:42	アキパン	かわいい
7:42	あるは/ Alfa uhi	先輩が使い物にならなかった分、初年度から経験値積めた現２年生が強いね
7:43	加藤	チャイカハジキユードリック愛園さんの強打ラインができれば全然行ける
7:43	ごくごく民	えっろ
7:44	松山ケンイチ	かわええ
7:44	しょう	かわいいな
7:44	Yuuki	かわいい
7:45	suke tome	すこやかわいいな
7:45	伊豆半島	かわいい
7:45	発草	かわいい
7:45	KeyKey	ハジキも化けたなあ
7:45	sakutaro	色合いは似てる
7:45	かおう_____ta	白いなぁ
7:46	うにあ	かおがいい
7:47	ぐだのすけ	かわいい
7:47	かぶときんぐ	顔ちっさ
7:48	えびリンプ	顔ちっさ
7:48	牛タン将軍	並べると色似てるな
7:48	ハヤオ	かわいい
7:48	テンてん	しぃしぃ顔デカ！
7:48	ゆきち	かわいい
7:49	Virra	色合い似てんなあ
7:49	遥かカナダ	色味似てていいね
7:49	ハコノクラゲ	ほんま顔がいい
7:49	pelle	かわいい
7:49	ガリレオ	かわいい
7:50	バーガー丸山	すこやかわいい
7:50	黎明卿新しきボンドルド	配色似てるね
7:50	せんべい	瀬戸さんは来年？
7:51	ケンフー	そうか？ｗ
7:51	だし濃厚きつねうどん	かわいい
7:51	まっぴー	今日は立ち絵だすのか！たすかる
7:52	るみねん	顔がいい
7:53	かずき	かわいい
7:53	リンタイラン	顔がいい
7:53	boy blind	なんだかんだ二年の頭でこのまとまり方は悪くないのでは？
7:53	yasu fuji	えろかわいい
7:53	めたる王	健屋可愛くね？
7:54	kbf kbf	椎名さんと見た目シナジーあるくね？
7:54	you you	二年目で公式勝てば一番強くなる可能性あるよ
7:54	リョコウバト	色合い似てるね
7:54	まめ	エロ枠
7:54	カルノたつのすけ	かわいい
7:54	ぽぽんた	かわいい
7:55	lee	表情がエロい
7:55	うどんこねっと	えろえろ
7:56	木の葉のたぬき	チャイカ一人でっていうてＤに負けましたがな
7:56	闇風拓	歯がいい
7:56	わたり	かわいい
7:56	もこもこありえす	健屋ほんま顔ええなぁ
7:57	-せらふぃ	嘔吐龍スコヤ・カーナだ
7:58	あかるる	椎名さんに顔のサイズ以外似てない？
8:00	夕モリ	色見似てんなこの二人
8:00	みゃおん	椎名さんと色味合ってる
8:01	桃園あい	マジです
8:02	うっかり助兵衛	というか、チームに人型しかいないのって楽だなって
8:03	たくとく	スク水のファンアートやばかったｗ
8:03	ラビちゃん	すこやもスク水だぞ
8:04	ぷりっつPretz	え、そうなんや
8:04	M	リゼはさっき公式戦でノーヒットノーランコールド勝ちしてた
8:04	うにあ	平均高くてよかった
8:05	名無	チャイカを舞元
8:05	meo w	顔が小さい
8:06	もにぎり	へえ
8:07	桃野パピコ	女の子はちゃんと作ってあげてね
8:08	ガリレオ	そらそうよ
8:08	シャムねこ	顔ちっさ！
8:08	AMZON COM	こんな子がいたら入部者殺到しそう
8:09	reno	もうえろい
8:10	R Y	ま！
8:10	taketo RONA	スコヤのスク水FAありがとう
8:11	アキパン	並べると椎名さんとすこや親和性あるな
8:12	タイダー	隣の顔のでかさが引き立つ
8:12	PPP	顔のパーツが特徴的だな
8:12	心刃	へー
8:12	チークαlpha	チャイちゃん曰く「あのチャイカ
8:13	matutake	ただ試合勝ち抜けるかで成長するか否かが別れる
8:13	蓮華	俺の推し獲得してくれてありがとう	￥250
8:14	ろととと	顔でかいね
8:14	Ura Ken	健屋顔小さいね
8:15	がらなちゃん	飛び抜けて弱いのがいない
8:15	B. D.	へー
8:16	ぐりあお。	コラボして欲しい
8:16	T・レックス	色合いそっくり
8:18	tata knt	☆が高いから初期値高い
8:20	野々村	存在がピンク
8:21	加藤	お下げが良い
8:22	エアコンのリモコン	椎名さんと色味にてる
8:23	you you	これが遠近法ですか？
8:23	うにあ	４３かな？？
8:23	雪中花_	すこやもスク水にされてしまうのか
8:24	のりおくん	地雷がいないからな
8:25	有機物	眉毛ピンクにして差し色にする？
8:25	うどんこねっと	おさげのほうがっぽい
8:25	かぷ	おさげだね
8:26	shuya S	眉毛がわるい
8:26	zale	そっちだ
8:26	ふふーん	顔小さくね？
8:27	kou	草
8:27	たべっちかにっち	色だけ姉妹感あるｗ
8:27	えすこんじ	おさげのが近い？
8:27	kamitama	そっちかなぁ
8:27	ラザフォードアーネスト	４３の方がぽい
8:28	アキパン	眉毛w
8:28	小笠原きむのすけ	赤星とか高津いるのに平均トップなのか、すげーな
8:28	Nh	顔小さい
8:28	KeyKey	飛び抜けたのは居ないけど平均的にわるいのいない
8:28	凝固	眉毛のせいはある
8:29	とおのマン	肩幅同じくらいじゃね？
8:29	まつまえ	43やね
8:30	ゆの	４３がまだ近い
8:30	うにあ	まゆげのせいかも
8:30	餡ころ餅ゆっくりーむ	もありそう
8:31	くものいと	眉毛が太すぎる
8:31	ボウガン	43のほうがしっくりくる
8:32	エマノン	43かね
8:32	ai fox	いもと
8:32	みんちあさん	チャイカとおそろいはやめて、まじやめて
8:32	gÖzaじゃぎあ	眉毛がブスやね
8:34	えいの	しぃしぃと色そっくりだな
8:34	ぐだのすけ	草
8:34	ゆウ	眉毛やろ
8:34	Ketaけた	ピンクもあり
8:34	てぃれもん	草
8:35	ぽぽぽぽぽぽ	申し訳ない草
8:35	WRyou_Italy	43
8:36	もにぎり	眉毛のせいはある
8:36	ねこさん1号	草
8:36	心刃	まゆげやな
8:37	しきとう	メイク前じゃん
8:37	ドンノリ	しぃしぃと色合いが似てる
8:37	透	太眉
8:38	テルユウ	謝罪草
8:38	にくきん	椎名さんと色味似てるね
8:38	ソーセン	下の方だしね
8:39	加藤	自覚はあるんかい
8:39	オクラトラ	草
8:40	ふくざわゆきち	目を変えれば印象かわる
8:40	kbf kbf	ごめん、だよね
8:40	Rain	43の方が近いね
8:41	凝固	謙虚大福
8:42	篝火カガリビ	このチームで申し訳ない
8:43	ジーク	申し訳ないは草
8:43	リンタイラン	申し訳ないw
8:43	ヘィヴンダックス	こんなところに入れてしまった
8:44	ASAKA	椎名さんのグランドレベルが上がってくれれば普通に強いで
8:44	Metallic	草
8:44	you you	謝れてえらい
8:44	木綿豆腐	目付きでなんとかせなー
8:46	taketo RONA	草
8:46	matutake	その台詞は剣持が言うべき
8:47	suke tome	にじ高のスク水ファンアートお待ちしております
8:49	きりり	しいしい顔デカくね！？
8:50	Malta	草
8:50	ぐりあお。	そう言う気持ちあるんや
8:50	lee	お前の推し地獄にいるぞ
8:51	゙驚天動地	草
8:53	立里貞	つり目な気がする
8:53	yasu fuji	色はそっくりなんだけどな・・・
8:55	たなかツァラトゥストラ	あやまっとるやないか
8:56	ようつべ太郎。	右の人顔大きいですね
8:57	松井、	今回でスク水のイラスト増える
8:58	chi -	ばばあやん
9:01	まつまえ	ハジキのリスナーか
9:06	うーかー	ダンロンにいそう
9:06	time13 inthattime	割りと似てる
9:07	しろやま	このチームですまん
9:10	カニクリームコロッケ	かおでか
9:11	asa	眉毛変えただけでそれっぽくなってきた
9:11	加藤	眉は髪色より濃い目にするといい感じ
9:11	名無	ゲーミングを作った人とは思えない丁寧さ
9:13	うどんこねっと	地獄から這い上がるんや
9:13	マンダマンタロウ	俺の推し天才にしてくれてありがとう
9:13	ASAKA	草
9:13	バーガー丸山	すこやと姉妹みたいだな並ぶと
9:14	こまち	かわいいね
9:14	蝶華/tyouka	可愛いよな
9:14	83ヘチマ	お前の推し炎の中にいるぞ
9:15	えびリンプ	かわいい
9:15	かそく	ほんと顔がいい
9:15	うにあ	かおがいいのよかおが
9:15	遥かカナダ	目好き
9:16	しょう	ぽい
9:16	ケンフー	健屋のスク水イラストヤバいのあった
9:16	みんちあさん	ええいスク水ファンアートはまだか！
9:16	だし濃厚きつねうどん	かわいい
9:17	ソフィ	かわいい
9:17	のりおくん	目はツリ目やね
9:18	かぶときんぐ	なんべん言うねん
9:19	ダックスフント	かわいい
9:19	覚夜-かぐや-	かわいい
9:19	facepalm	顔でかいのは元からや
9:20	シャムねこ	もうかわいい
9:21	スケルトン	かわいい
9:22	めたる王	かわいいなぁ！
9:22	けつばん	とりあえず目ピンクにするか
9:23	kbf kbf	ちょっと細い目
9:26	かおう_____ta	13かな
9:26	灯火	１３ぽい
9:26	matutake	少し怪しげな雰囲気もある
9:26	はいどれ	ぶっちぎりで顔がいいな健屋
9:26	加藤	13かな
9:27	エマノン	5とか？
9:27	とおのマン	顔が良すぎる
9:28	がらなちゃん	かわいい
9:28	小笠原きむのすけ	13かな
9:28	うっかり助兵衛	13かな？
9:30	ラザフォードアーネスト	実際健屋はデビュー時めっちゃバズったっしょ
9:31	AMZON COM	こんな子がスク水になってくれるんですか！？
9:31	アトム	右の人顔でか
9:33	Malta	かわいいね
9:33	ヨーグル・ト・ソース3世	１３かな
9:34	くさなぎ	椎名さんは体が小さいんやぞ！！こんな頭のデカイ女の子が居るわけないだろ！！！
9:34	牛タン将軍	13じゃね？
9:34	うどん丼	13
9:35	あかあか	かわいい
9:35	ちゃぽた	すこやすこ
9:35	べべべ	13
9:35	にわにわ	下まつげ結構しっかりしてるよね
9:36	kou	13?
9:39	Bell	１３いいとおもふ
9:40	cana bob	実際可愛い
9:40	ああ	13
9:41	アケやん	なんで参考がそんな困った顔なの？ｗ
9:42	T・レックス	6がすき
9:44	nobu	これかぁって言ってた奴が良い
9:44	zale	31小さくしたら
9:44	_ chami	13あたり？
9:47	なすかわしんさく	いいね
9:49	ビサウ	ようやくおなごのすく水が見られるぜ
9:49	きり	21大きくとかも
9:50	おっくー	かわいい
9:50	ネリー・モノ	１８もよさそう
9:51	ちなまる	あーぽい
9:51	オクラトラ	１２もすき
9:51	うにあ	13もええね
9:53	こまち	ぽい
9:55	B. D.	13雰囲気あるかな
9:55	yasu fuji	あーいいかも
9:56	かぷ	13はそれっぽい
9:56	うにあ	おおお
9:57	。。。。	ぽい！
9:57	えびリンプ	ぽい
9:57	gÖzaじゃぎあ	ぽい
9:57	にゃん	タイプ普通は？
9:57	pipo popo	いいね
9:57	かそく	ぽい
9:58	松井、	かわいい
9:58	PPP	髪型の自由度さぁ･･･
9:58	asa	いい感じ
9:58	肋骨の6本目	似てる
9:58	名無	あぁ良い
9:58	ai fox	っぽい
9:58	かわ3	いいね
9:59	マラドーナに愛された男	あーいい
9:59	袖口	ぽいわ
9:59	加藤	ええやん！
9:59	あかるる	ぽいぽい
9:59	みんちあさん	っぽい！
9:59	めたる王	ええやん
10:00	ソフィ	ぽい
10:00	エマノン	ええね
10:00	ぐだのすけ	おお～
10:00	けんばく	似てる
10:00	もこもこありえす	あーかわいい
10:01	間宮	かわいい
10:01	うちや	かわいい
10:01	うにあ	いい感じ！！
10:01	misty2452	もう似てる
10:01	pelle	ぽい
10:01	chi -	ぽくなった
10:02	じょに	いいね
10:02	ソーセン	おぉ
10:02	こでまり	ぽいぽい
10:02	snow crystal	いい
10:02	ブルガリア帝国	ぽいぽい
10:02	しゃけねこ	ぽい
10:03	ネムイ	ぽいね
10:03	けつばん	ええやん
10:04	kamitama	ぽいぽい
10:04	ふくざわゆきち	ぽい
10:04	もにぎり	っぽい
10:04	雪中花_	いいね
10:04	まつまえ	ぽい
10:04	you 1111	ナースだしマスクつけようか
10:04	ぼたもっちん	かわいい
10:04	うえきばちこ	ぽいですね
10:05	はいどれ	目を離したらすげぇ似てきた
10:05	イッヌ	15でしょ
10:05	うどんこねっと	目に髪がかかってるイメージある
10:07	サイバン	かわいい
10:07	るたろー	かわいい！
10:07	テラかすてら	なんか幼すぎる？
10:07	ヤンデレ大天使	もう似てる
10:08	有機物	髪むっずいな
10:08	あるる	かわいい
10:08	Tながおか	ぽいね
10:08	にわにわ	引きで見たらすごいぽいかもしれん
10:08	matutake	可愛い
10:09	シャムねこ	いいね
10:09	サキ	ええやん！
10:09	うどん丼	いいね
10:09	ソーセン	ぽい
10:10	高校覇怒	ポケ
10:10	Siori	おお
10:10	ユウ	こうみるとしいしいと腱屋さん色合いそっくりなんやね
10:12	アッシマー	いいね
10:12	ひじガクガク	ぽいふる
10:12	RAITO	いい感じ
10:13	笹かまぼこ	いいね
10:14	ネリー・モノ	ぽい！！
10:14	かずき	ぽいぽい
10:14	加藤	スク水えちちちちち
10:14	うにあ	いいですねえ！！
10:14	アニマルレーシングワイルド	いい感じだ
10:15	eico	メイキングうまいなあ
10:15	DIE転イ吏 URIERU	￣｜ス｜ッ｜コ｜ヤ｜ド｜ッ｜コ｜イ｜￣
10:15	アトム	ええやん！
10:15	ようつべ太郎。	髪これ以外ないかな
10:16	ニコフ	いいね
10:16	土ノ子	ぽい！
10:18	kbf kbf	あとはガスマスクつけて、と
10:18	はららん!!	っぽい
10:19	桃園あい	でもスク水着るんだよね…
10:20	taro nemu	キャラクリのプロ
10:20	kou	口があればいいのにな
10:21	うにあ	いいのないねえ
10:22	エマノン	マスクw
10:23	ぽぽぽぽぽぽ	アイラインが良い感じに似てる
10:24	yasu fuji	ほくろつけられたらなぁ
10:24	ヨーグル・ト・ソース3世	まゆげピンクでもいいかも
10:25	ひがしのそら	すぐつけたがるｗ
10:25	Giorno Giovanna	このジョルノジョバーナには夢がある
10:26	ケンフー	いらんいらんｗ
10:26	you you	頭の十字架欲しいが
10:28	立里貞	マスクつけよう
10:29	kamitama	ひげつけるか
10:29	星野空	体系やせナンだ…
10:30	じょに	ばちこりカワイイ
10:31	桃野パピコ	ゲーミングだけはやめろ
10:31	taketo RONA	ゲーミングつける？
10:32	ボウガン	まともにキャラメイクしてて泣きそう
10:32	めたる王	いらんいらんww
10:32	凝固	なんかつけたい‪w
10:33	遥かカナダ	ゲーミング健屋
10:33	ガリレオ	ゲーミングすこや
10:33	あいざわうえお	ゲーミングスコヤ
10:33	松山ケンイチ	リゼが甲子園いきそう、しぃしぃがんばって～！
10:34	健屋花那【にじさんじ】KanaSukoya	かわいい！ありがとうございます！
10:35	京坂八島	いらないでしょ
10:35	ハヤオ	椎名さんキャラメイクうまいな
10:35	桃purée	付けたがり
10:36	がらなちゃん	シンプルにかわいい
10:36	Levia	ガスマスク似合いそうではある
10:36	LEON	装飾品つけたがるの草
10:36	うどんこねっと	にてるにてる
10:36	ソーセン	取りあえず何かつけたがるやん
10:36	ネムイ	付けなくてもいい
10:37	ふくざわゆきち	巨乳だからガスマスク
10:37	Kuroster	幼女すこやだかわいい
10:37	もこもこありえす	一応別衣装が眼帯
10:38	うっかり助兵衛	眼帯かメガネはたまにしてた
10:39	かそく	似てる！
10:40	まっぴー	別衣装でなんかつけてたような
10:40	matutake	眼帯でナースとか？
10:41	๑真琴	なんか付け足そうぜ
10:41	。。。。	帽子被ってるから髪下ろしてる感良い
10:41	黎明卿新しきボンドルド	すぐなんか付けたがるの草
10:41	ふりっつ	早かったな
10:43	なだきょう	体形かえて
10:44	ケンフー	ひげのほう
10:45	うにあ	ガスマスクしかなくね？？
10:45	ミヤコ	しいなさん作るの上手なったな
10:45	かわ3	ガスマスクだろ
10:46	蝶華/tyouka	マスクあるよ
10:46	ちゃぽた	ガスマスクしか…
10:46	餡ころ餅ゆっくりーむ	おるやんけ
10:47	心刃	すこやおるやん
10:47	うどんこねっと	ヤンキーマスクはある
10:48	えすこんじ	（ガス）マスク
10:48	たこやきたいやき	マスクあるで
10:49	RAITO	ゲーミングで草
10:49	がらなちゃん	ヤンキーマスクなら…
10:50	ダルマン	ガスマスクなら
10:50	rat hot	なんでもつけたがるやん
10:51	名無	ゲーミングスコヤすこ
10:51	さかりく	マスクは夢追が着けとる
10:51	YAMA	すこやもようみとる
10:51	zale	新入生がかわいすぎる
10:52	おたた	ガスマスクなら
10:52	ああ	眼帯とか
10:53	taketo RONA	それガスマスクやｗ
10:53	ヘィヴンダックス	一般通過健屋
10:53	み	ガスマスクある
10:53	ケンフー	すこやおる
10:54	ふぉるす	あらご本人
10:55	?!	いちおうあるで
10:55	gÖzaじゃぎあ	すこやもようみとる
10:56	梶田纏	ヒゲでなかったっけ？
10:57	Bell	マスクはあるよ
10:59	yasu fuji	衣装にあるぞ
10:59	桃野パピコ	キル・ビルか
10:59	kbf kbf	いちごちゃん！？
11:00	心刃	衣装だな
11:00	無雨	やめとけ
11:00	星野空	しぃしぃ健屋の音声治したほうがええで
11:00	ぜろぱか	おっ、本人も来とる
11:01	クレシアン	眼帯衣装があるんや
11:01	がらなちゃん	眼帯衣装あるね
11:02	さしにちbt	新衣装
11:02	たけあき	ガスマスクある
11:02	うどんこねっと	ゴスロリ衣装で眼帯つけてたか
11:02	田中一郎	眼帯の衣装もあるからじゃない？
11:02	アトム	ガスマスク
11:03	kuro鴉りんりん	マスクあるで。でろーんもつけてる。
11:03	有機物	新衣装で眼帯あったか
11:03	桃purée	すこやようみとる
11:04	you you	衣装で眼帯あるよ
11:04	PPP	スパナついてなくて草
11:04	凝固	衣装に眼帯のやつあるからじゃね？
11:04	west	新衣装でしてたから
11:05	かずき	すこやさんおるやんけ
11:05	あいざわうえお	マスク（ガスマスク）
11:06	Ketaけた	白​眼帯あり
11:06	ハコノクラゲ	衣装にあるからね
11:06	ゆの	新衣装でもってる
11:06	青いザリガニ	眼帯の衣装あるから
11:07	シェルティ	衣装で眼帯あるよね
11:07	こでまり	眼帯差分あるからな
11:08	立花銀千代	別衣装眼帯やん
11:08	とり	衣装にある
11:08	だだだんだだ	別衣装？
11:08	ボウガン	新衣装で眼帯あるから
11:08	うにあ	眼帯か
11:09	cana bob	アイパッチかな？
11:09	たすく	眼帯も衣装にあるよ
11:09	もにぎり	違う衣装であるから
11:09	かおう_____ta	眼帯の衣装あった！
11:09	秋野優	眼帯衣装あるね
11:10	うどん丼	他の衣装にある
11:11	mika lux	新衣装が眼帯やった
11:11	流しのベーシスト	ゴスロリで眼帯つけてるから
11:11	matutake	眼帯してる時はあるねゴシックで
11:11	華弾	衣装で眼帯衣装ある
11:12	立里貞	ワイ眼帯フェチ
11:13	WRyou_Italy	新衣装に眼帯ある
11:13	あん九ろ	すこや喜んどる
11:14	松井、	すこや本人おるね
11:14	フラッド	でろーんもマスク付けてるぞ
11:14	かわ3	草
11:14	えびリンプ	草
11:15	Tacosi	草
11:15	asa	ゴスロリ衣装で眼帯つけてるから
11:15	みゃおん	眼帯の衣装あるで
11:15	Rain	草
11:15	あい	普通にマスクもあるぞ
11:15	なすかわしんさく	草
11:15	心刃	草
11:16	リンタイラン	眼帯は新衣装であった
11:16	がらなちゃん	草
11:16	ひろかわ	ゴスロリが眼帯だね
11:16	Metallic	草
11:16	ぺぺろんちーの	草
11:16	こまち	草
11:17	サバ吉	草
11:17	ジャギメット	別衣装に眼帯ある
11:17	rosugi	草
11:17	ケンフー	ひげの方にマスクあるよ
11:17	ぐだのすけ	すこやもよう見とる
11:17	しょう	草
11:17	kbf kbf	ヒゲは先生だろ！
11:17	ふりっつ	草
11:18	toy2	草
11:18	まっぴー	おるやんけ！
11:18	ラクタムβ	顎ひげ
11:18	ひがしのそら	草
11:18	伊豆半島	草
11:18	民っち	ぐんみちの髭大好き
11:19	kamitama	草
11:19	うにあ	せんせいはひげだよ
11:19	こねこ倫理観	草
11:19	Nh	グンドリック
11:21	うりす	草
11:21	高撫ばたこ	本人おったな今
11:21	てぃれもん	まーた髭生やすのか
11:21	taketo RONA	草
11:21	楪*	草
11:22	ukurai	草
11:22	ふくざわゆきち	草
11:22	えすこんじ	知 っ て た
11:22	るたろー	草
11:22	しろやま	草
11:22	マラドーナに愛された男	衣装でしてたね
11:23	碓氷ドラグライド	草
11:24	サイバン	草
11:25	しょう	髭剃り出すからな
11:25	うにあ	ｗｗ
11:26	牛タン将軍	草
11:26	Rinka	草
11:26	ヘィヴンダックス	10
11:27	?!	草
11:27	アッシマー	草
11:27	gÖzaじゃぎあ	草
11:27	ダックスフント	配信で剃る！
11:28	ネムイ	草
11:28	ボウガン	擦っていこう
11:29	まっぴー	草
11:29	なだきょう	草
11:29	ハヤオ	草
11:29	WRyou_Italy	前回のぐんみち：肌の色５ 髪の毛６６ まゆ毛８ 目（つり目）１８ ひげ２３
11:30	たべっちかにっち	草
11:30	AB CD	眼帯衣装あるよ
11:30	ダルマン	草
11:30	透	草
11:31	不破	草
11:31	じょに	ぐんみちならOK
11:31	なや	草
11:32	あかあか	草
11:32	kbf kbf	粘着アンチおるな
11:32	ガリレオ	いいね
11:32	覚夜-かぐや-	草
11:33	ターニングポイント	一生擦るの草
11:33	ねこさん1号	草
11:33	のびのび	草
11:33	ラザフォードアーネスト	剃り忘れてただけだからしゃーない
11:34	゙驚天動地	本人おるで
11:34	焼きナス	草
11:34	ごりじゃくそん	草
11:34	うこ	草
11:34	ぜろぱか	草
11:34	cana bob	こすっていくう！
11:35	Yuuki	ぐんみちにヒゲはいるよな
11:35	うどんこねっと	ぐんみちヒゲは絶対
11:35	めたる王	本人おるやんけw
11:35	うーかー	去年のグランドスラム達成者だぞ
11:37	桃園あい	ヒゲ剃り配信してたしな
11:37	folma	草
11:38	Love Love	🧔
11:38	高校覇怒	やられる方が悪い
11:38	こでまり	スパナないやんけｗ
11:40	みんちあさん	【悲報】ぐんみち、ヒゲ予告！
11:40	民っち	そのネタ擦れるのほんと天才
11:41	篝火カガリビ	草
11:41	川原太一	永久にこする
11:42	うにあ	ｗｗ
11:42	west	BBAだからね
11:42	野々村	群道逆さ絵みたいにしよう
11:43	シェルティ	まぁぐんみちなら
11:44	Dizi	男性ホルモン濃いのかな
11:44	アキパン	草
11:44	くらげ	ひげはジョリジョリこすっていく
11:44	豚男	女子小学生じゃん
11:45	B. D.	本人やめろいってもやるｗ
11:46	ソーセン	ぐんみちに髭はある
11:47	うりす	美人だねぇ
11:48	黎明卿新しきボンドルド	飽きるまで擦っていけ
11:48	桃野パピコ	謎の固い意志
11:49	zale	リアルであった椎名さんが言うなら生えてるな！
11:50	RAITO	本人おるやんけ！
11:51	マンダマンタロウ	郡ジョリ美玲
11:51	うどんこねっと	あーえっち
11:52	ぽぽぽぽぽぽ	前のうっすら生えてたやつ笑う
11:52	もにぎり	まあ産毛やろ
11:53	eland19	ちゃんと剃ってるのに…
11:53	kbf kbf	えっろ
11:53	T・レックス	どうみても人妻
11:54	うにあ	大人につくろうぜ！！
11:54	matutake	巴さんは目で雰囲気出そう
11:54	Mt, FB	健屋スパナついとらんやん
11:54	くさなぎ	エロいやつはヒゲでマイルドにしろ
11:55	taketo RONA	人妻の風格
11:55	kamitama	むずそうだな
11:55	pelle	人妻
11:58	るみねん	色気がすごい
11:58	Ketaけた	優しい顔
11:59	加藤	ロング少ないねんな
12:00	ぐだのすけ	ほんと美人さんやなぁ
12:00	たこぱ	ヘルエスタ巨人軍のピッチャー降ろしがエグ過ぎる ☆民は闘志付けろを言い続けてくれ
12:00	立里貞	垂れ目やな
12:01	AMZON COM	髭あると大物感がすごい
12:02	松井、	えっち
12:03	星野空	本人いて草
12:06	ターニングポイント	髪型難しいなこれ
12:06	てんてき	ぐんみちのヒゲ有り介錯一致です
12:07	ドンノリ	★すこやさんにスパナ付けてあげて
12:07	黎明卿新しきボンドルド	変態人妻女ァ！
12:07	みなみ	すこやにスパナないなw
12:08	加藤	人妻(未婚)
12:13	うにあ	人妻ですねこれは・・・
12:13	もこもこありえす	これは
12:14	Tomo Tomo	椎名さん三大擦りネタ。ぐんみちのヒゲ・こんな配信がしたかった・あと一つは
12:14	うどんこねっと	６４がいい
12:14	マラドーナに愛された男	もう人妻
12:16	16 garey	今来た。甲斐田いて安心した
12:17	べべべ	それだ
12:17	みんちあさん	64やな
12:17	ふくざわゆきち	たしかに
12:18	京坂八島	それかな
12:18	。。。。	良い
12:18	ゆの	６４あり
12:18	川原太一	初見の人にはびっくりする方もいるかもしれませんが、こいつは殆どのライバーにスパナを付けていません
12:19	うにあ	64いいね！
12:19	M H	三つ編み
12:19	ダックスフント	変態人妻女さん！
12:19	LEON	64
12:19	you you	ストレートないんよな
12:19	suke tome	人妻っぽいので
12:20	YAMA	それじゃね
12:20	いろはに	68
12:20	伊豆半島	64あり
12:20	なだきょう	64かなぁ
12:20	心刃	あり
12:22	zale	あー近い
12:22	加藤	団地妻感
12:23	考えない葦	64かな
12:23	ひろかわ	あり
12:23	もにぎり	色気の化け物
12:24	なすかわしんさく	すこやさんいたんかｗ
12:24	Eden Heaven	最初の方にいいのなかった？
12:25	ラザフォードアーネスト	白雪さんスク水着たらどうなってまうの・・・
12:26	manio _AKG	未婚で人妻で未亡人
12:27	しーわらcw	ありやね
12:27	小笠原きむのすけ	64が一番エロい
12:27	京林	難しいね
12:27	心刃	さっきおったで
12:28	pelle	64
12:29	ラクタムβ	草
12:31	ぐだのすけ	草
12:31	ろととと	椎名さんのスパナつけないのはいつもの
12:31	ネムイ	草
12:32	suke tome	草
12:32	まっぴー	草
12:32	まめ	やきうするときは結ぶやろな
12:32	こまち	草
12:32	なすかわしんさく	ｗ
12:32	かずき	草
12:32	餡ころ餅ゆっくりーむ	草
12:32	うにあ	それはいいわ
12:32	たくとく	草
12:32	Keys	草
12:32	ソフィ	草
12:33	Virra	草
12:33	kamitama	草
12:33	Nh	草
12:33	リョコウバト	草
12:33	こねこ倫理観	草
12:33	クレシアン	草
12:33	ぺぺろんちーの	草
12:33	てぃれもん	草
12:33	心刃	草
12:33	Ketaけた	草
12:33	アキパン	草
12:34	にわにわ	草
12:34	ちなまる	草
12:34	ターニングポイント	草
12:34	松井、	草
12:34	菜結	草
12:34	きゃぷぼー	草
12:34	ojim q	は？
12:34	けつばん	グウェルはまあいいよ
12:35	Metallic	草
12:35	ケンフー	ゲーミング気にしてやれ
12:35	いぜな	草
12:36	篝火カガリビ	草
12:36	A kame	野球するときは髪を束ねるだろうから、あり
12:36	正義。	草
12:36	窮鼠	グウェル
12:37	サバ吉	草
12:37	ガリレオ	まぁグウェルはいいか
12:37	ひがしのそら	草
12:37	えびリンプ	草
12:37	Rinka	草
12:37	どすこい太郎	ぐんみちとおなじになってまうけどそれがいいよなぁ
12:37	ぽんぽんぺいん	気にしなかったｗ
12:38	suke tome	スタッフにつけてもらおうぜ
12:38	エミール.T	草
12:38	がらなちゃん	草
12:38	LEON	ゲーミングスルー草
12:39	はいどれ	グウェルの扱い・・・
12:39	水陽	草
12:39	John Smith	草
12:39	みなみ	草
12:39	砂	今更かよw
12:40	裏ガンキン	草
12:40	寝すぎた	グウェルは気にされないの草
12:40	カモン	扱いの差w
12:40	蝶華/tyouka	可愛い女の子だからね
12:40	碓氷ドラグライド	草
12:41	゙驚天動地	草
12:41	しゃけねこ	草
12:42	うどんこねっと	ゲーミングはどうでもいい
12:42	雪中花_	草
12:42	ふぉるす	ゲーミングの扱いよｗ
12:42	アッシマー	草
12:42	you 1111	グウェルはいいか
12:42	うこ	草
12:43	三世サルモネラ	椎名さんはつけない
12:44	rosugi	すこやさんは気にせんとな
12:46	しろやま	グウェル；；
12:46	gÖzaじゃぎあ	人で対応変えるなｗ
12:46	夕モリ	草
12:47	うにあ	ゲーミングはいいよ
12:47	マツリ	グウェル…
12:47	/ライ/	草
12:47	華弾	えらい
12:47	高撫ばたこ	マジで殆どスパムつけない
12:48	だべ	忘れそうだな
12:48	ヘィヴンダックス	グウェルならいいか
12:48	cana bob	草
12:48	83ヘチマ	グウェルはどうでもいい
12:48	民っち	グウェルにはむしろ付けないのが優しさ
12:49	遥かカナダ	あ
12:50	うどん丼	64
12:50	流しのベーシスト	グウェル気にしないは草
12:51	taro nemu	あり
12:51	たべっちかにっち	つけないやつやんｗ
12:52	eico	ゲーミング・・
12:52	無雨	あり
12:52	心刃	あり
12:53	kou	わすれそう
12:53	ろろ	グウェルは気にしない
12:53	立里貞	白雪
12:53	cana bob	残念ながら当然
12:53	ブルガリア帝国	ほんまござ？
12:53	zale	ゲーミング1軍投手なのに・・・
12:54	taketo RONA	まぁ本来スパナって目立たせる用じゃないからな
12:54	かそく	束ねるのいね
12:54	kamitama	６４は雰囲気あるが・・・
12:55	プンたろ	それは忘れるやつ
12:55	野々村	絶対忘れるパターンのやつ
12:55	おっくー	ゲーミングで草
12:55	だし濃厚きつねうどん	かわいい
12:55	B. D.	グウェル・・まぁいいか
12:55	けもー	64あり
12:56	とおのマン	絶対忘れてそう
12:57	アリチャーズキース	グウェルは別に
12:57	るみねん	ゲーミングウェルェ...
12:58	Hutaba_2208	草
12:58	リーチ一発	グウェルはスパナじゃなくてスパム
12:58	T1 T1	グウェルて誰？
12:59	佐藤太郎	差別が酷い...！
12:59	misty2452	グウェルはコメントの色ゲーミングしろ
12:59	心刃	草
12:59	ネムイ	ゲーミング差別
13:00	うどんこねっと	６４
13:01	わたり	草
13:01	桃野パピコ	あとでって前も言ってたぞ
13:01	加藤	活躍→スパナ
13:02	16 garey	グウェルもつけてもろて
13:02	おたた	草
13:03	ぐだのすけ	グウェミングｗ
13:03	秋人	グウェーミング
13:03	名無	クズで草
13:04	枢木まいと	グウェルはいいけど健屋には付けないとだめだぞぉ
13:04	yasu fuji	活躍したらｗ
13:04	かおう_____ta	グウェミングｗ
13:04	野菜レタス	ゲーミングとかふざけた名前してるしなあいつ
13:04	Virra	グウェーミング
13:04	クレシアン	ややこしい
13:05	チークαlpha	後でつけるはつけないやつ
13:05	kbf kbf	グウェミング誰だよ
13:05	エミール.T	グェミング
13:05	リンタイラン	グウェルはええか
13:05	松井、	ちょっとずつ戻すか
13:05	フイム	グウェールミングｗ
13:06	師匠	ちょっと寄せてやるんかｗ
13:06	民っち	グウェーミング草
13:06	もにぎり	草
13:06	woody __	草
13:07	なすかわしんさく	ｗ
13:07	iroha ao	草
13:07	ゆきち	草
13:07	83ヘチマ	活躍したらスパナつけてやらんでもない
13:08	うにあ	だって活躍しないもん
13:08	オクラトラ	よけい誰だよ
13:08	。。。。	名前呼ばないから活躍しないのでは？
13:08	aki	グウェーミング
13:08	Siori	草
13:08	ぷりっつPretz	進化したらね
13:08	きかんほうさん	草
13:08	ぷるるん	そうだな
13:09	ふくざわゆきち	草
13:09	はいどれ	グウェミングまぁまぁ強いだろがい！
13:10	なだきょう	グウェミングｗ
13:10	うどんこねっと	ハラハラさせやがるからな
13:10	ひがしのそら	活躍次第で草
13:11	しょう	草
13:11	まつまえ	グウミング！？
13:11	LEON	グウェミング
13:11	ふぉるす	名前のせいで活躍しないんじゃないかなぁｗ
13:11	ケンフー	活躍してもそれかよ
13:11	Lycheeee	グウェーミング
13:12	小笠原きむのすけ	炎上してばっかだしな
13:12	うりす	そこはグウェルにしたれやｗ
13:12	tata knt	グェミングは草
13:12	桃purée	グウェーミング
13:12	うーかー	グウェミング
13:13	闇風拓	ぐぇーミング草
13:13	エマノン	グウェミング
13:13	凝固	ネイティブ
13:14	アトム	草
13:15	かずき	なぜか打たれるだよな
13:15	まっぴー	そのままでいてほしいと思う
13:16	ソーセン	ゲーミングは大体焦げ臭い
13:16	ぽぽぽぽぽぽ	グウェル、贅沢な名だね。あんたはゲーミングだよ。
13:16	you you	ゲーミング何故か打たれるんよな〜
13:16	Tacosi	グウェルミングｗｗ
13:17	ふぇなんとれん	ゲーミングw隠語かな？w
13:17	ONE STAR	草
13:17	陣内	草
13:17	牛タン将軍	言いにくそう
13:17	有機物	グウェミングはキメラなんよ
13:18	てぃれもん	草
13:18	京林	ちょっとずつ近づくのか
13:19	夕花	活躍しないからな
13:19	ようつべ太郎。	ゲーミングさん隠し赤得ついてるから・・・
13:19	XH	はいゲーミング差別
13:19	Malta	草
13:19	もいふぉい	グウェミングいいね！
13:20	モントブラック	なにそのカエルがつぶれたような名前
13:20	Yuuki	グウェルにはしないの草
13:20	ラビちゃん	さらに言いにくくするな
13:21	オイルヒーター	元に戻れず
13:21	のびのび	ゲーミングなぁ・・・なんでやろなぁ
13:21	うにあ	おーー
13:21	アッシマー	草
13:21	゙驚天動地	わされるやつやん
13:22	めたる王	格差がw
13:22	マツリ	後でつける！(つけない)
13:23	うりす	左右反転する？
13:23	A kame	あーやっぱりありだな
13:24	うにあ	なんかいいね！！
13:24	リョート	当然ライフ先生はついてなかったな
13:25	ジョージマッケンジー	助っ人にいそう
13:25	あおむし	草
13:25	Ketaけた	目の色
13:31	-せらふぃ	能力値は悪くないのにね
13:32	けつばん	もう結構それっぽい
13:33	帆楼	グウェミング・オスカル
13:33	Virra	かわいい
13:34	リーチ一発	垂れてる？！
13:35	オオハシさん	50か51か
13:36	ひじガクガク	たれ目だね
13:36	なすかわしんさく	おお！うまい！
13:36	あかるる	もう人妻っぽい
13:36	yasu fuji	巴さんのスク水ってやばない？？
13:37	マラドーナに愛された男	細いね
13:37	ニコフ	ゲーミングは戦犯の歴史があるからなあ
13:37	川原太一	ていうか、にじさんじ内つけてる人の方が少ないでしょ
13:38	しょう	タレ眉
13:38	ぽ	ゲーミングの呪いや
13:39	ダルマン	もう似てきた
13:41	マイコ	胸がたれてる？
13:41	pelle	未亡人感がえぐい
13:43	嘔吐物処理班	ここみ最強
13:44	覚夜-かぐや-	たれめ
13:44	ダックスフント	垂れ眉かわいい
13:45	こねこ倫理観	目離したらそれっぽくなる
13:45	ケンフー	遠いなあ
13:45	伊豆半島	いいかんじ
13:45	うにあ	目の色やね
13:45	魑魅魍魎	夢追が大炎上でもしないと活躍できるほどの登板機会ないからなぁ
13:46	matutake	雰囲気ある
13:47	ミヤコ	グウェルは今日練習頑張ってたよ
13:48	きかんほうさん	グェミング…なんか光ってそう
13:48	サイバン	眉毛いいね
13:49	アリチャーズキース	あとは目をエッチにするだけ
13:49	kbf kbf	メカ
13:50	アキパン	タレ目だね
13:51	Kuroster	そして垂れ目
13:51	うどんこねっと	ぽいぽい！！
13:51	ゆの	ぽい
13:51	16 garey	かわいい
13:51	なだきょう	ぽい
13:51	かわ3	ぽい
13:51	Ketaけた	ぽいぽい
13:52	凝固	ぽいね
13:52	さかりく	それだ
13:52	T・レックス	それだ！
13:52	如月優空	胸が？
13:52	時計。	ぽい
13:52	ぽぽぽぽぽぽ	わかる
13:52	アトム	ええやんー
13:53	テンてん	ぽい
13:53	こをたく	これや！
13:54	zale	もう似てる
13:54	こまち	ぽいぽい
13:54	taketo RONA	すげぇぽい
13:54	はんぺん	それだ
13:54	透	いいかんじ
13:54	ぽいぽい	色っぽい
13:55	有機物	それだ
13:55	雪中花_	ん～？
13:56	三人	それっぽい
13:56	かおう_____ta	ぽいぽい
13:56	「 mike 」	ぽい
13:56	LEON	女性ライバーの時のキャラメはガチなの草
13:57	心刃	ええやん
13:57	たべっちかにっち	っぽいねｗ
13:57	しゃけねこ	ぽい
13:57	牛タン将軍	それ答えだね
13:57	pipo popo	ぽい
13:58	梅鷲	ぽいね
13:58	ぐだのすけ	いいね
13:58	華弾	ぽい
13:58	ガリレオ	6めっちゃぽいね
13:59	しょう	っぽい
13:59	道銃	それや
13:59	RAITO	6
13:59	エアコンのリモコン	ゲーミングはチャイカタイプで本番だけ活躍してほしい
13:59	ヨーグルト	人妻やんけ。
14:00	みんちあさん	６で確定やろ
14:00	うにあ	たれめよね
14:00	ソーセン	人妻じゃん
14:01	たこやきたいやき	エロくていいな
14:02	るたろー	ぽい！
14:06	ラザフォードアーネスト	もうそれじゃん
14:07	がらなちゃん	6ぽい
14:07	ハチ#凛fam	ちょっと大きくしたら良さそう
14:07	snow crystal	おおお
14:08	蝶華/tyouka	それやな
14:08	うどん丼	ぽい
14:08	kiri	えっちなたれ目にしないと
14:08	楪*	ぽい
14:09	Yuuki	こっちやね
14:09	餡ころ餅ゆっくりーむ	36いいな
14:09	ふぉるす	ぽいねぇ
14:09	まめ	えっちな目
14:09	加藤	ｴｯ
14:09	かそく	ぽい
14:10	うにあ	いいね！！
14:10	まつまえ	ぽいぽい
14:10	ちなまる	ぽいな
14:10	夕花	垂れ目
14:10	けんばく	いいね
14:10	間宮	ぽい
14:11	なすかわしんさく	いいね！
14:11	?!	人妻感ある
14:11	テルユウ	おばあさんみたい
14:12	スケルトン	これはエロい
14:13	AB CD	いいね
14:14	Siori	いいね
14:15	洗濯テレビ	完璧やん
14:15	ろととと	人妻っぽい
14:15	kbf kbf	人妻目
14:15	あゆさ	人妻感
14:15	ロート.	まつ毛あるとぽいな
14:16	覚夜-かぐや-	ぽい
14:16	SC77	エロさを出していく
14:16	gÖzaじゃぎあ	人妻感でてる
14:17	だべ	いいね！
14:17	リンタイラン	色気あるね
14:17	ケンフー	でもこれ誰って言われてもわからなそう
14:17	yasu fuji	未亡人感ぱねぇ
14:17	ラビちゃん	これは人妻
14:17	つめたいおひや	色気すごくて笑う
14:17	たべっちかにっち	めっちゃ似てる
14:17	エマノン	タレ目可愛いの少ないんよねえ
14:17	manio _AKG	似てる
14:18	カントク脱出成功せず	雰囲気出てるな
14:18	WRyou_Italy	えっろ
14:18	矢瀬	似てきたな
14:18	あかるる	えっちだ・・・
14:19	carpaccio	oo
14:19	湯葉醤油	いいね
14:19	しょう	似てる！
14:19	アニマルレーシングワイルド	えっろ
14:20	おちょぽ	いいやんいいやん
14:21	AMZON COM	すごい渋い打ち方しそう
14:21	もこもこありえす	眉毛調節次第かねぇ
14:23	うにあ	オレンジなのか
14:23	るみねん	ちょっと大きすぎる気が
14:23	Nh	一気にぽくなった
14:24	うどんこねっと	赤かなあ
14:24	オクラトラ	人妻っぽい
14:25	オオハシさん	分かる分かる
14:25	うちや	でもスク水
14:25	名無	いい
14:25	A kame	あーよき
14:25	PPP	3？
14:26	リーチ一発	ぽい
14:26	のむのむ	ぽいね
14:28	。。。。	目が下すぎる
14:28	藤田T	3
14:28	心刃	10？
14:28	アケやん	これは人妻
14:29	加藤	赤より3とかが良いかな
14:29	うにあ	いいねえ！！
14:29	you you	なんかアラフォーの匂いがするな
14:30	アリチャーズキース	もうちょい離してもいいかも
14:30	柚葉	似てる
14:30	かずき	いいね
14:31	雪中花_	人妻や
14:31	ひろかわ	赤
14:31	華弾	壇蜜み
14:31	Ketaけた	いいね
14:32	pipo popo	完璧
14:32	ヤンデレ大天使	これは未亡人
14:32	もにぎり	ぽいね
14:32	シャムねこ	ふーん
14:32	むーさん	似せるの上手いな
14:32	Yuuki	めっちゃ似てる
14:32	うにあ	わるくない！！
14:33	伊豆半島	いいやん！
14:33	みぃ	よき
14:33	ゆきと	ぽい
14:33	ヨーグルト	やば
14:33	kake kake	キャラメイク上手になってる
14:33	なだきょう	ええやん！
14:33	いろはに	いいね
14:33	あかあか	いいね！
14:33	心刃	いいね
14:34	おたた	ぽいぽい
14:35	るたろー	いいね！
14:35	まっぴー	ぽいね
14:35	ふくざわゆきち	ぽいわ
14:35	こまち	いいね
14:37	裏ガンキン	えっちだ
14:37	ぽぽぽぽぽぽ	一気に似てきた
14:37	ダックスフント	ぽいぽい！
14:37	三世サルモネラ	うまいな
14:38	こでまり	いいねー
14:39	matutake	目ちょっと上かも
14:39	かおう_____ta	いいねー
14:39	凝固	これは変態人妻女
14:39	民っち	帽子が緑なのも合ってる感じするな
14:40	じだらく	もうちょっと目上じゃない？
14:40	Tacosi	似てきた
14:40	うどんこねっと	目の印象が強いな
14:40	考えない葦	人妻感あるわ
14:40	kamitama	もうちょい目は濃いかんじもするが
14:40	アッシマー	いいね
14:41	エアコンのリモコン	だがスク水である
14:41	カルノたつのすけ	すげーそれっぽい
14:42	ぐだのすけ	いいねぇ
14:42	あゆさ	いや団地妻か？
14:43	たなかツァラトゥストラ	人妻代表
14:44	さかりく	いい
14:44	えびリンプ	うまい
14:44	B. D.	よき
14:44	eico	オレンジなのか
14:45	BBあの	体型
14:45	aki	いいねえ
14:45	chi -	離れすぎ？
14:45	牛タン将軍	ええやん
14:46	立里貞	SM
14:46	ゆきと	これはいい
14:46	かずき	良き良き
14:46	kou	近い
14:46	テンてん	ええやん
14:46	桃園あい	いい感じ
14:46	蕎麦てんぷら	いいね
14:47	taketo RONA	なんか江ロい
14:47	レアル	目もっとちいさそう
14:47	闇風拓	うまい！
14:47	わたり	いいねえ
14:47	すみのふ。	いいねぇ
14:47	松井、	これは人妻
14:47	うにあ	ありよ！！！
14:48	M H	美人やな
14:48	加藤	目の色3とかどう？
14:50	T・レックス	似てる
14:50	toyo da	エッ
14:50	きむたけ	ぽいねぇ
14:50	ろろ	ぽい！
14:51	門悶々	あ～やっぱ椎名うまいわ
14:51	pelle	エロい
14:51	16 garey	色っぽい
14:52	うこ	おお！すごい、
14:52	葉セロリ	キャラメイク◯
14:52	なすかわしんさく	似てる
14:52	夕モリ	やっぱキャラクリうまいな
14:53	ソーセン	ぽい
14:53	taro nemu	うますぎ
14:54	京坂八島	体型
14:54	kiri	ちょっと目を離すといい感じかも
14:55	ぷりん#凛fam	
14:55	うにあ	それがいいわ
14:56	サスケ	エロい人妻
14:56	しーわらcw	人妻感
14:56	蝶華/tyouka	ええやん
14:57	オクラトラ	キャラクリはやいな
14:57	Toparise	めっちゃうまい
14:57	ぎるがめっしゅ	いいねぇ
14:58	リンタイラン	しぃしぃキャラメークうまい
14:58	近所のおっ	おー
14:58	オオハシさん	なんだろうこの人妻感
14:59	ミヤコ	髪むずいなぁ
14:59	ぐだのすけ	草
14:59	kbf kbf	変態人妻女だ！
15:00	だし濃厚きつねうどん	ぽい
15:00	XWG	夜の甲子園って感じ
15:00	みんちあさん	袖の色もっと肌色に寄せてほしいなー
15:01	Metallic	草
15:02	ようつべ太郎。	つけちゃえ
15:02	アキパン	勝手にｗ
15:02	しょう	わかる
15:02	松井、	草
15:02	ua kz	キャラメイクに定評のある椎名！！
15:03	京林	草
15:03	かおう_____ta	草
15:03	まっぴー	わかる
15:03	うどんこねっと	勝手には草
15:03	かそく	草
15:03	ヒケラカス	何故この才能をチャイカとユードリックに活かさなかったのか
15:03	餡ころ餅ゆっくりーむ	わかる
15:04	taketo RONA	ひげやめろｗ
15:04	たこやきたいやき	わかる
15:04	テルユウ	草
15:04	けんばく	草
15:04	かわ3	ヒゲでできんかなぁ
15:06	WRyou_Italy	わかる
15:06	小笠原きむのすけ	相変わらずキャラメイク上手いんだよな
15:06	ヘィヴンダックス	また理想押し付けだした
15:07	アリチャーズキース	美人やわ
15:07	ダックスフント	わかるぅ～
15:08	モントブラック	ぽいぽいぽぽいぽいぽぽいぽーい
15:08	アカうぃん	草
15:09	桃野パピコ	わかるけど
15:09	なや	草
15:09	Nh	皆スク水なんだよね…
15:09	青いザリガニ	わかる
15:10	kamitama	先生とかぶりそうだからその髪型でよし
15:10	うにあ	ほくろないもんあ
15:10	るみねん	ないの惜しいなぁ
15:11	kbf kbf	性癖漏れ出てますよ
15:11	ハチ#凛fam	んなもんないよ！
15:11	黎明卿新しきボンドルド	幸薄そう
15:12	湯葉醤油	髭はいらんw
15:12	川原太一	女の子のキャラメイクだけ上手いな
15:13	ぷるるん	わかる
15:13	?!	草
15:13	うっかり助兵衛	ちょい叶と被ってる
15:15	森中 梢（こずえ）	なみだぼくろめちゃわかる
15:15	yasu fuji	髭で探すのは草
15:16	アキパン	それはもうオリキャラなんよ
15:16	三人	キャラメイク○ユニホームセンス
15:17	のびのび	イメージキャラメイクはあり
15:17	うにあ	これでいい！
15:19	英雄猫	いいよいいよ
15:20	くさなぎ	エロいからヒゲでマイルドにしろ
15:21	きかんほうさん	エプロンあったら完璧なんだが
15:23	ネリー・モノ	わかるけど草
15:25	クレシアン	眼帯つけるか
15:26	テンてん	すーぐ付けたがる
15:26	京坂八島	体型ー
15:28	ケンフー	すこやいいでしょ
15:28	ふぇなんとれん	この選手……すけべ過ぎる！！
15:28	PPP	グラサン欲しい
15:28	白雪 巴/Shirayuki Tomoe【にじさんじ】	ありがとうございます‥♡
15:29	まっぴー	もっかい見直す？
15:29	ネムイ	まともで良かった
15:29	たださん	良い感じ
15:29	ボウガン	まともにキャラメイクしてて感動するわ
15:30	ふりっつ	絶対試行はするの好き
15:31	うにあ	髪型のせいよこれは
15:32	のむのむ	ゲーミング
15:33	アニマルレーシングワイルド	キャラメイクうまいな
15:34	ガリレオ	すこやさん結構ぽいよ
15:35	kbf kbf	神谷浩史おらん？
15:35	けつばん	すこや結構好きだよ
15:36	しょう	めいろちゃん来た
15:36	あかるる	でもかわいいぞ
15:36	ラクタムβ	金魚さん
15:37	K. u	すこや眼鏡付けてもいいんじゃない？
15:37	透	金魚さん
15:38	うりす	きんぎょさん
15:38	はんぺん	下っ端じゃん
15:39	LEON	すこやさん結構ぽいと思うけど
15:39	黒わっちゃん	健やさん
15:39	とおのマン	金魚さん
15:39	立里貞	赤いアイマスクつけさそう
15:41	ケンフー	いたぞ！
15:41	Levia	スク水枠の子だ
15:41	ライそん	金魚はんはええぞ
15:41	湯葉醤油	健屋もかわいくてええけどなぁ
15:42	牛タン将軍	巴さんおるやん
15:43	餡ころ餅ゆっくりーむ	みんな見とるねぇ
15:43	蓮華	巴さん！！
15:43	taketo RONA	スク水枠
15:43	BBあの	本人おるやんけ
15:43	こまち	金魚さん
15:43	こげまりも	巴さんもようみとる
15:43	うこ	巴様もようみとる
15:44	Mr. paintball	やっぱグウェルが
15:44	桃purée	ともえさんもおる
15:44	リョコウバト	白雪さんもおる
15:44	あるは/ Alfa uhi	巴さんおるねぇ
15:44	うどんこねっと	金魚きたー！
15:46	焼きナス	金魚さん
15:46	アキパン	白雪さんおった
15:46	ぐるくん	見てるね
15:46	ふくざわゆきち	笹木作ればめいろちゃんになる
15:47	名無	めいろちゃん可愛いよなぁ
15:47	モントブラック	下っ端ちゃん
15:47	たこやきたいやき	白雪さんも見とるやん
15:47	Vざんまいつばき	めろちゃんきた
15:47	えびリンプ	下っ端金魚さん
15:48	リンタイラン	お、本人来た
15:48	高撫ばたこ	巴さんもきた
15:48	川原太一	巴さんもよろこんどる
15:48	yasu fuji	巴さぁん！
15:49	みんちあさん	スク水枠期待の新人ヤッター！
