-1:05	ふぉるす	ツイート
-1:04	archer	ついえら
-1:04	しょう	ついえら
-1:04	けもー	休み前後は予定立てるとタイミング逃すかもだから
-1:04	Rei_ S2	
-1:03	アルマ	
-1:01	アカリーヌ	
-1:01	生ビーム	ついえら
-1:01	瓦斯灯	
-1:00	焦げパン	ついえら
-0:58	ねこさん1号	えらちゃん
-0:58	さくめる	ついえら
-0:57	かわ3	ツイート
-0:56	パティエ	
-0:56	あるは/ Alfa uhi	ついえら
-0:56	たくみん	
-0:54	Rio Rio	こんばんは、初見です。
-0:51	なつめ大尉	
-0:49	burton	
-0:48	神琴-MIKOTO-	
-0:48	Suzuya	つい
-0:47	りんりん太子	ツイえら
-0:46	はんぺん	
-0:45	ネムイ	ツイート
-0:45	time13 inthattime	
-0:45	アカうぃん	ツイート
-0:43	accelアクセル	ツイート
-0:41	リュー之助	ついえら
-0:41	く〜じょ〜じょ〜たろ〜	ついえら
-0:37	しろしろ	
-0:37	長沢雄一	
-0:36	ダックスフント	しぃしぃつい
-0:32	たべっちかにっち	
-0:32	がむせっか	
-0:32	まさなる	
-0:32	蓮華	
-0:32	洗濯テレビ	
-0:27	Rinka	ついえら
-0:25	唐揚げ定食	
-0:23	てらま	
-0:18	なはと。	
-0:18	reno	
-0:12	ぱにゃにゃん琥珀	
-0:12	ナメクジ	
-0:11	ryu yan	
-0:03	ファイナルあっき	
-0:01	ぽぽど	
-0:01	ななかな	ツイート
-0:00	おはぎ	きちゃ
-0:00	ねびゅらねびねび・	
0:03	Rei_ S2	
0:05	K9 M	ついえらぁ！
0:07	83ヘチマ	
0:10	ふくざわゆきち	適当な時間に配信じゃなくなとるやん！
0:11	みなと	
0:11	かおう_____ta	
0:11	ダックスフント	１週間ぶりのしぃしぃを受け入れる準備はできてるぞ！
0:12	しぃ・カーニバル	
0:12	John Smith	きちゃ
0:12	つなつな	
0:12	pankys	
0:12	スケルトン	
0:12	わっとぅー	
0:13	suke tome	しぃしぃ！？
0:14	ちなまる	まにあった
0:14	ひこわさ	
0:16	zais nonowa	ちゃんとお休みとれてえらい。
0:17	凝固	
0:17	博多の塩	
0:18	ファイナルあっき	
0:18	かわ3	
0:18	ねこわん	
0:20	桃花	おはしいな～
0:20	ななかな	
0:21	Rinka	きちゃ
0:22	カービィ	
0:22	しぃ・カーニバル	
0:23	もこもこありえす	
0:23	ぼんじゅ	
0:23	ターキー	間に合った
0:24	Rei_ S2	
0:24	アルマ	
0:25	まどぶち	おはしいなー
0:25	ちべち	きちゃ！！
0:25	みんちこ	
0:25	リュー之助	
0:27	むぎま	
0:27	きりみんちゃん kirimin-chan	
0:27	manio _AKG	
0:27	なおみNo.1	おはしいな
0:28	うさみ	
0:28	ろろ	
0:30	ひがしのそら	
0:30	夢たんぽ	
0:30	あやまいぶき	おはしいな〜〜
0:30	ちょこみんと	おはしいな〜
0:30	さくめる	
0:31	Yuuki	きちゃー！
0:31	ふふ	おはしいなー
0:31	KeyKey	
0:31	瓦斯灯	
0:31	みんとくん	
0:32	まぐえふ	
0:32	とおのマン	
0:32	らっきょ	
0:32	yuyu sasa	
0:32	Rコディーノ	
0:32	マリア	
0:33	こねこ倫理観	おはしいな〜
0:33	静岡	
0:33	みやぴ	おはしいな〜
0:33	83ヘチマ	ぶつ切り待機
0:33	かめむし	おは大福〜
0:33	榎だよ	
0:33	Kino Suzuki	
0:34	マングース	おはしいなー
0:34	スネカジリ72	おはしいな〜
0:34	ベクトル	お久しいなー
0:35	アズキ8	
0:36	s i	
0:36	Mine	
0:36	rosugi	おはしいな〜
0:36	モヤシーズキングダム	
0:36	ろととと	おはし
0:36	しょう	
0:37	くま	
0:37	中野	
0:37	ヒナリP	
0:37	tamonization	おはしいな～
0:37	川原太一	
0:37	こたつ	
0:38	こまち	おはしいな
0:38	すまんも	
0:38	うどんこねっと	きちゃあああああああ
0:38	彼ピッピ	おは天使
0:39	あるは/ Alfa uhi	おはしいな～
0:39	心刃	
0:39	エーピー	
0:39	fulひゅーる	
0:40	taketo RONA	おは1週間
0:40	田中	
0:41	神琴-MIKOTO-	
0:41	蓮華	
0:41	かそく	
0:41	Dogs	
0:42	こますけ	
0:42	とろんべー	久
0:43	ただのゲーム好き	こんばんしいな
0:43	はいどれ	
0:43	洗濯テレビ	
0:43	ねこさん1号	きちゃ
0:43	くま	
0:44	SUNSAN :	おはしいな
0:44	WAKU	おはしいなー
0:44	あんのうさぎ	
0:44	狐影	こんばんしいな～
0:45	akira	
0:45	卍ぎる卍	
0:45	くろねこ	
0:46	さちくろ	ん？
0:47	ぎるがめっしゅ	
0:48	かん太郎999	
0:48	わっとぅー	
0:49	ねびゅらねびねび・	おはぶつ切りか？
0:49	ポッピン	
0:50	凝固	久々の生しぃしぃだああああ！！
0:50	AMZON COM	1週間ぶりのぶつ切り待機
0:50	フリスト	おはしいな～
0:50	カラ割り職人	おはしいな
0:51	徳川家康	おはクズ
0:51	ニコフ	おはぶつ
0:51	うどんこねっと	
0:51	Rei_ S2	ぶつ切り待機
0:51	ろか	
0:51	リンタイラン	
0:52	鬼頭亀次郎	
0:53	藤色	
0:53	かもめ	おはしぃな
0:56	村田ネギ	
0:57	なつめ大尉	
0:57	えいの	
0:57	Ketaけた	
0:57	えびチリ	おはしいな～～～
0:58	ろろ	
0:59	まさなる	
0:59	ぼたもっちん	おはしいな
1:00	洛水佑馬	
1:00	ターキー	おはしいな〜
1:00	もか	
1:01	檻神	
1:01	搾りかす	おはしいな
1:02	かんころ餅	おはしいな〜
1:02	accelアクセル	
1:02	ネムイ	
1:03	ほくりん		￥5,000
1:04	Ei NAGOMI	おは天使ぃしぃ
1:04	はばばば	おはしいな〜
1:04	kana	
1:05	ぐだのすけ	
1:05	かるた3110	きちゃーー！！
1:05	おはぎ	おはしいな〜
1:05	Rei_ S2	
1:06	野球ロボット	おはぶつ切り
1:06	かざ	
1:06	Taku.	
1:07	アカうぃん	
1:07	Cymbals21	お久しいな〜
1:07	抹茶抹茶	ぶつ…ぶつ…
1:07	ぜろぱか	おはしいな～
1:07	伊呂波カズマ	
1:07	ターキー	ぶつ切り待機
1:08	松明calat	
1:08	さちくろ	
1:09	N ghost	
1:09	山田慎之介	
1:09	*417 Kyo	
1:10	きのみ	おはぶつぎり
1:10	しょう	ぶつ切り待機
1:10	うさみ	ぶつ切り待機
1:11	ファイナルあっき	神
1:11	Suzuya	
1:11	taketo RONA	目覚まし助かる
1:11	あやまいぶき	はいかわいい
1:12	Yukimura Kaise	
1:12	クラリス	おはしいな〜
1:12	心刃	きちゃ〜
1:12	みずでっぽー	おはしいなー
1:13	ねるね	ぶつぎりきちゃああああああ
1:13	t i i t	きた
1:13	アカリーヌ	
1:13	ただのゲーム好き	ぶつ切りしそう
1:13	SonoNa R	
1:14	83ヘチマ	音でっか
1:14	あこまぐ	おはぶつ切り〜
1:14	rat hot	
1:14	わっちゃん	ぶつ切り待機
1:15	リョコウバト	おは
1:15	秦こころ	おはしいな
1:15	イープカ	おひさ
1:15	川原太一	おはぶつ切り〜
1:16	なや	
1:16	さくめる	ぶつ切り待機
1:16	しゃけねこ	
1:17	John Smith	休み明けだし流石にぶつ切りじゃないだろ
1:17	えいの	おはぶつ切り
1:17	ガリレオ	ぶつぎりを聞ける喜び
1:17	くま	おはぶつ切り〜
1:19	m m	
1:19	あこまぐ	ここすき
1:20	ちなまる	神
1:20	まさなる	一週間休んだらもうぶつ切りせんやろなぁ
1:21	マングース	ぶつ切り！？
1:21	館橋水奈都	おはしな
1:21	こまち	おはぶつ切り〜
1:21	ねこわん	ぶつ切り待機
1:22	森啓	
1:22	カービィ	
1:23	Yuuki	ひさしぶりのぶつ切りだー！
1:23	するとしようか、王の話を	久々
1:23	はいどれ	久々のぶつ切りきちゃああ
1:23	t	やっぱこれだね
1:23	まぐれが	
1:23	よういち	ぶつ切り待機
1:24	がむせっか	
1:25	pocky 2	秋休み後だし、さすがにフェードアウト
1:25	薄荷	おはジリリリリ
1:25	nicolemon43	OP
1:27	ほくりん	
1:28	てらま	1
1:29	網野さん	おはしいなー
1:29	やみい/朝日奈樒	おはしいな〜
1:30	藤色	
1:30	桃花	１週間ぶりのぶつ切り！
1:30	ファイナルあっき	神
1:31	リュー之助	
1:31	Nori Nori	
1:33	ライチ	
1:33	野球ロボット	いいopや.....
1:33	Rei_ S2	
1:34	83ヘチマ	かわいい
1:34	ロ一ツェ	ぶつぎりに飢えていた
1:35	朝の向日葵	休み明けだから流石にぶつ切りせんやろなぁ
1:36	たべっちかにっち	
1:36	りんりん太子	
1:37	ワタル	おかえりいいい
1:38	ノガミ	
1:40	とあーるのらねこ	おかえり(*´▽｀)
1:40	ぱにゃにゃん琥珀	おはしいー
1:40	ryu yan	ぶつ切り待機
1:40	nicolemon43	ブツ切らないだと
1:40	ほけきょ	ご飯たべた？
1:41	みなと	さすがに
1:41	せせせせせ	休みの間にフェードアウトの技術習得してる
1:42	もんぬサマー	おはしい〜
1:42	すまんも	ぶつ切り助かる
1:43	オギ	ぶつ切りなんてする訳ないじゃん
1:43	ぽぽど	
1:43	クロ	
1:45	Dogs	久しぶりのぶつ切り
1:46	川原太一	事務所でフェードアウト習ってきたやろぉなぁ！
1:46	PPP	はよしろ
1:47	アカうぃん	ぶつ切り
1:47	ぽたもげ	
1:47	くま	ぶつ切り助かる
1:47	ダックスフント	ぶつ切りだぁ！
1:47	ラクタムβ	
1:48	八代Badguy	
1:48	Cymbals21	ぶつ切り待機
1:49	Rio Rio	おはしいな〜
1:50	アカリーヌ	おはしい〜
1:50	ぜろぱか	1週間ぶりのぶつ切り待機
1:51	hina niji	おはしいな〜
1:51	B. D.	そろそろかな
1:51	。えむし	おはしいな〜
1:51	あこまぐ	もう流石にぶつ切りはないだろうな
1:52	ふくざわゆきち	
1:52	83ヘチマ	おはおかえり
1:53	あるは/ Alfa uhi	準備してから準備中流すのか
1:53	kamitama	一週間休んでたらぶつぎり治ってるやろ・・・
1:55	じーる	おはしいな～
1:56	がる	
1:59	pocky 2	真空！！ぶった切り！！
2:00	光	おはしいな
2:00	luka melo	おはぶつぎりー
2:00	Tacosi	フェードアウトするんやろなぁ…
2:02	青狸	久しぶりだ
2:05	かるた3110	おはぶつ切り〜？
2:05	。あおい	椎名居なかったのか
2:05	reno	恐ろしく速いぶつ切り
2:05	みずなぎ	もはや私たちはぶつ切りを待っている
2:06	*417 Kyo	ジリリリリ
2:07	ナメクジ	
2:08	はくさん	もはや癖になってる
2:08	ほけきょ	おはしい〜ブツッ
2:08	ぼろ	おはぶつぎり
2:08	ぎるがめっしゅ	
2:10	かざ。	しぃしぃ！？
2:10	つゆちゃん	おはしいな〜
2:10	とろんべー	
2:11	poinsettia 88	まさかね
2:11	kiri	おはぶつ切り～
2:12	狐かんな	おはしいな〜
2:12	アッシマー	おはぶつ切り〜
2:13	たべっちかにっち	
2:14	幸せな都市の王様	おかしいな
2:18	rosugi	まさか
2:19	わっとぅー	二週目！？
2:20	グラスホッパー	おはぶつ切りー
2:20	!とーくん!	ひさ
2:20	ちなまる	ぶつ切りフェイントきちゃあ
2:20	黎明卿新しきボンドルド	
2:21	ルイ	わざと頭でかく描いてるだろこれ
2:21	カルピス	休んでる間に研修受けてぶつ切り治るやろ
2:21	こねこ倫理観	おはフェードアウト
2:22	川原太一	長ない？
2:22	pocky 2	ブツ切りを焦らされている！？
2:23	ターキー	まさか
2:24	らっきょ	おはぶつ切り～
2:24	mr nsk	今日こそはフェードアウトするんやろなぁ
2:26	せーや	しぃしぃ！？
2:29	空腹のまろん	寝た？
2:30	ryu yan	これが聞きたかったわ
2:30	ミネストローネ軍曹	フルだとぉ！？
2:30	カレーオムライス	おはぶつ切り〜
2:30	B. D.	ばかな・・・！
2:30	じーる	初めてここまで聴いた
2:31	ダックスフント	ループするんか！？
2:33	ふりっつ	剣持の真似するな
2:34	はくさん	
2:34	Yuuki	
2:34	αネス	おはぶつ切り
2:34	くま	もしかしてフェードアウトしていく
2:35	かもめ	あれ？
2:36	民っち	
2:36	網野さん	おはぶつぎり〜
2:36	まつまえ	フルじゃん
2:36	アカうぃん	！？
2:36	color game	おはしいな
2:37	Komiva VA	おはクズ…！
2:37	ターニングポイント	
2:37	川瀬.	！？
2:37	ケンフー	こんばん
2:37	こねこ倫理観	！？
2:37	村田ネギ	
2:38	まあライオン	!?
2:38	Rinka	おはしいなー
2:38	yukibow	おは秋
2:39	みなと	草
2:39	博多の塩	いないが！？
2:39	ぐだのすけ	！？
2:39	Metallic	
2:39	かおう_____ta	うそだろ…！？
2:39	ぽぽど	
2:39	ほけきょ	！？
2:39	mr nsk	？！
2:39	もぐらぐら	おはしいな
2:39	Rei_ S2	なんだと！？
2:39	わっちゃん	！？
2:39	83ヘチマ	しぃしぃ！？
2:39	ととろろろ	いなくて草
2:40	するとしようか、王の話を	しぃしぃ！？
2:40	りんりん太子	しぃしぃ！？
2:40	めんとす	キリがいい
2:40	ルイ	いねえ
2:40	ただのゲーム好き	！？
2:40	カービィ	
2:40	うにあ	
2:40	ふくざわゆきち	草
2:40	もんぬサマー	！？
2:41	とおのマン	！？
2:42	もこもこありえす	切りどころ上手い
2:42	ラクタムβ	しぃしぃ！？
2:43	桃園あい	はい
2:43	Metallic	草
2:43	がむせっか	草
2:44	黎明卿新しきボンドルド	フェードアウトしただと！？
2:44	うさみ	しぃしぃどこ？
2:44	PEACE YOU	おはぶつ切り。じゃないだと…
2:44	ロ一ツェ	！？
2:45	はばばば	！？
2:45	るみねん	草
2:45	ターニングポイント	草
2:45	sion li	草
2:45	きのみ	泣いてる
2:45	うにあ	しいなさんん！！
2:46	かるた3110	おはぶつ切らない？？
2:46	えいの	
2:46	マングース	！？
2:46	みなと	しぃしぃどこ…？
2:47	s i	!?
2:48	y梅	草
2:49	ぷりぷりプリン	
2:49	ぺぺろんちーの	しぃしぃ！？
2:49	ヲリヲン	！？
2:50	がる	なな！？
2:50	てかみ	草
2:50	ぐだのすけ	草
2:50	なつめ大尉	！？
2:50	tsukihi ao	草
2:51	アルマ	草
2:51	モリンフェンUR	いないじゃん
2:51	RyuDe	！？
2:52	taketo RONA	しぃしぃ！？
2:52	John Smith	しぃしぃどこ？
2:53	獅子枝夕帆 -ししえだ ゆうほ-	！？
2:53	shikaku	帰ってきてないじゃん
2:53	木目	久々
2:54	イマガセ	草
2:54	kamitama	
2:54	わんさな	しぃしぃ！？
2:55	カレーオムライス	草
2:55	ただのゲーム好き	しぃしぃ！？
2:56	ASAKA	開幕芸
2:56	dekarucha	おい大丈夫かｗ
2:56	ネムイ	え？
2:56	フナムシ	しぃしぃどこ
2:56	かわ3	
2:56	t	1週間で記憶を初期化するな
2:56	モヤシーズキングダム	
2:56	ぼんじゅ	
2:57	ロクヨン	?
2:57	ターキー	上手に
2:57	アッシマー	！？
2:58	tete ya-ya	おはローカルIP～
2:58	アルラ	なんだなんだ
2:58	檻神	ぶつ切らない！
2:59	凝固	切るタイミングを計りやがった！
2:59	彼ピッピ	体失った
2:59	狐かんな	虚空から声が
2:59	ながねぎ	フェードアウトを学んできたか
2:59	color game	草
3:00	大空	見えねえ
3:02	くま	右しいな？
3:02	鴉紅	どこ？
3:03	とろんべー	
3:03	B. D.	
3:03	せせせせせ	霊体になったのか
3:03	コーバァー	化けたか
3:04	ライチ	本人が除霊されちまったか･･･
3:04	たくみん	ごりらになってもた
3:04	トムリン	草
3:04	kamigataneguse	
3:04	徳川家康	草
3:05	luka melo	まだ帰ってきてないの！？
3:05	蓬莱来訪	椎名さんどこ？
3:05	hachikou_orz	草
3:06	ニコフ	まだ出かけてるんか？
3:06	さくめる	草
3:06	::	そんな姿に
3:07	まっちゃん	ついにクビになった？
3:08	村田ネギ	仕込みかと思ったらだたの不手際で草
3:08	Cymbals21	帰ってきてなくて草
3:08	Zhi	
3:08	ロ一ツェ	ゴリラしかいねぇー
3:08	こまち	配信初心者か？
3:08	ワタル	なんだ体はまだ旅行先か
3:09	きしろう	自らゴリラとなったか
3:09	ねこわん	草
3:09	ながねぎ	椅子がしゃべった！！
3:09	青狸	いきなり！？
3:10	estrellST	
3:10	Suzuya	
3:10	めんとす	えぇ
3:10	タカティン	霊能力者やね
3:10	じひつ	まだ休み中か～
3:10	氷織	どこいった、、？
3:11	nicolemon43	嘘つけー！
3:11	H B	
3:11	うどんこねっと	iPhoneXに入力してくださいってかいとるぞ
3:11	放浪者	帰ってきて早く
3:12	めろんぱん	
3:12	のむ	あてぃしどこ！？
3:12	Ketaけた	WIFI繋がった？？
3:13	Luore / ルオレ	
3:14	はんぺん	アイツに配信乗っ取られとる
3:14	秋鹿	透明しぃしぃ
3:14	つけ麺つけ麺僕つけ麺	椎名さんついに幽霊になったんか
3:15	榎だよ	アイツに取り込まれたか
3:15	RyuDe	ゴリラになっちゃったんか
3:15	ひがしのそら	草
3:15	AMZON COM	お前が喋ってるのかゴリスナー
3:15	凝固	ゴリラしかおらん！
3:15	まめ	アプリが鈍ってる
3:16	エーピー	草
3:16	taroh tanaka	草
3:16	カービィ	せっかくうまくOPから移ったのにｗ
3:16	s i	顔面整形か!?
3:16	めたる王	椎名唯華の消滅
3:16	がる	しぃしぃはまだ帰ってこない😢
3:16	kiri	本人除霊
3:17	tarou heppoco	一週間でサルっぽくなった？
3:17	常識じゃない常識	ゴリラになった
3:18	スコッチ	真ん中にしぃしぃいるよ
3:18	黎明卿新しきボンドルド	放置されすぎてアプリ君も不機嫌に
3:18	rat hot	男の人～！
3:18	Metallic	草
3:18	まさなる	クビだぞ
3:19	あこまぐ	なんだ、今日はゴリスナーの配信化
3:19	Dogs	1週間やってなかっただけで
3:19	しゃけねこ	草
3:19	茶茶白	しいしい～
3:20	ぽたもげ	幽霊かな？
3:20	狐影	しぃしぃどこー？
3:20	かずよし	GIFだそ
3:20	民っち	アプリのアップデートは？？？
3:20	sayyoh	1
3:20	しょう	アプリバグった？
3:20	みそ吉	顔黒くなったね
3:20	Mine	くび？！
3:20	yuruezweb	あいつの顔がよく見える
3:21	しょうぐん-ゆっくり実況-	バカには見えないしいしい来た
3:21	Asumii	解雇か
3:21	とらやま	修行の成果
3:21	伊呂波カズマ	草
3:21	するとしようか、王の話を	にじ
3:22	川原太一	アカウント権限なくなったな
3:22	海老天	これは草
3:22	がむせっか	
3:23	アッシュ	にじさんじBAN
3:23	さくめる	クビ
3:23	time13 inthattime	イスこんな形だったのか
3:24	メトメット	草
3:25	ろま。	オープニングぶつ切りしないから椎名さんがぶつ切りされた説
3:25	ちなまる	草
3:25	ガリレオ	おさらばしいな～(解雇)
3:25	ゆーたん	ゴリラに転生した？
3:26	博多の塩	しぃしぃ帰ってきて〜〜
3:26	おまっちゃん	１週間で配信を忘れる大福だー！
3:26	洗濯テレビ	和風サノスのせいや
3:26	ぺぺ	だれ？
3:27	体操体操	椎名の霊圧が・・・消えた？
3:27	gunkan _com	オープニングと一緒にフェードアウトしてて草
3:27	青狸	行きなりクビ！？
3:27	ぐだのすけ	草
3:27	フナムシ	椅子が喋ってる！
3:27	ミネソタ郎	ぶつ切りと共に消えた椎名
3:27	B. D.	かわいい
3:27	みやぴ	草
3:27	みなと	イスになっちまったか
3:27	蓮華	椅子？！？！？
3:28	コーバァー	草
3:28	HIROX	BAN
3:28	米田ねねね	しいなごりみたいになったな
3:28	豆豆	・－・
3:28	フローラル香	そうですか
3:29	ととろろろ	声かわいいゴリラですね
3:29	ねこわん	ゴリラになったか
3:29	カービィ	草
3:29	kiri	椅子になってもうた
3:30	うにあ	椅子になってしまった！！
3:30	X翔琉X	右じゃね？
3:31	やとーふ	霊能力！？！？
3:31	ぷりっつPretz	
3:31	こまち	草
3:31	Tacosi	そんな姿に…
3:31	y k	なんだ椅子か
3:31	わっちゃん	草
3:32	ショウタム	草
3:32	魏小瑜	草
3:33	タイダー	顔小さくなったね
3:33	ほけきょ	ゴリラかな
3:33	83ヘチマ	椅子かわいい
3:34	たべっちかにっち	よゆみマジックか！？
3:34	しょう	椅子の姿
3:34	Yuuki	草
3:34	狐かんな	6
3:34	はくさん	椎名さんもゴリラになってしまったか
3:34	ヨッシー	椅子ぃしぃ！？
3:35	よういち	こんな姿になってしまって…
3:35	こますけ	
3:35	あるは/ Alfa uhi	顔小さくなった？
3:35	気まぐれウッチー	しぃしぃにじさんじクビってマ？
3:35	kamitama	新衣装顔まで変わってるやん
3:35	鴉紅	霊につれてかれたか...
3:35	kbf kbf	こんれーなー
3:36	かおう_____ta	草
3:36	獅子枝夕帆 -ししえだ ゆうほ-	草
3:36	わんさな	ゴリラになったか…
3:37	村田ネギ	椎名透明バグ
3:37	ぺそ	転生したら椅子だった件？
3:37	うさみ	ホラゲのせいで呪われた？
3:37	みなと	夜見のせいにするな
3:38	生ビーム	本当に一週間休み？サボったんじゃない？
3:38	hide shine	おっチャーハンの出番か？
3:38	ぜろぱか	椎名唯華の消失
3:39	ふくざわゆきち	草
3:39	わっとぅー	
3:39	黒七星	こんな姿になって…
3:39	RyuDe	夜見のマジック！？
3:39	taketo RONA	夜見を巻き込むなｗ
3:39	うにあ	夜見マジックされたな…
3:40	ダックスフント	しぃしぃ～！椅子になったんか
3:40	世界の荒巻	あんまり変わってないよ
3:40	t	椅子の顔が本体ってマジ？
3:40	さとまる	今日は頭小さいね
3:40	エビフライ。	チャイチャイみたいに中にいるのか？？？
3:40	りんりん太子	おは椅子～
3:41	めんとす	おのれ夜見
3:42	しろくま	マジックなら仕方ない
3:42	もこもこありえす	夜見巻き込まれてて草
3:42	野菜レタス	ゴリラがなんか喋ってる
3:42	和山かーく	顔付いてるしええやろ
3:42	ASAKA	マジックの域超えてるだろ
3:42	てかみ	イスになっちまった！
3:43	あかるる	なイスぅ！
3:43	マザロザ	椅子が喋ってるのか
3:43	みずなぎ	夜見さん！？
3:44	ねるね	夜見最低だな
3:44	ふぉるす	アイツくんが主役に
3:44	神戸しゃれ	まじかよ夜見
3:45	Roukyu 0621	夜見のせいにすな
3:45	PPP	マジかよ最低だな
3:46	トーチG	椅子に顔あるからワンチャン大丈夫
3:46	てへぺろぺろぺろ	
3:46	かおう_____ta	顔四角くなったな
3:47	桃園あい	除霊失敗！！！
3:47	もちピザ	スタジオに置いてきたな」
3:48	t	顔四角くなった？
3:48	either 2	こんれーなー？
3:48	民っち	夜見のせいにするのに頼りすぎやろ
3:48	ぺぺろんちーの	出オチがあるとは
3:48	PEACE YOU	よゆみ；；
3:48	けるる	椎名消失マジック
3:49	K9 M	顔ちっちゃくなったやん！
3:49	のりおくん	これから椅子系Vtuberとして生きていこうな...
3:49	大誤算	ゴリラマジック
3:49	きと	えぁ〜
3:49	パーでチョキに勝つ	顔小さくなったね！
3:50	クロヤマ	にじ
3:50	みこしば	イスにされちまったか
3:50	Asumii	じゃあ夜見が悪い
3:50	かわ3	椎名さん日焼けしたね
3:50	83ヘチマ	顔小さいな
3:50	ua kz	ゴリラに憑依したな
3:52	Siori	更新？
3:52	kbf kbf	どうせなんかアプデしてないんだほ
3:52	エーピー	
3:52	とみー	顔四角になった？
3:53	やとーふ	えーやねん
3:53	ボウガン	これがヴぁーちゃるゆーちゅーばーなんだよなぁ
3:53	pocky 2	とりあえず机から降りてもろて、しぃしx
3:53	ディレ	ごりら座らせとこ
3:53	幸せな都市の王様	新衣装は草
3:53	Mine	おわった・・・；；
3:53	n pa	おうんお
3:53	yamato *	今日は鼻の穴でかいな
3:54	25日の夜	いつも通りやん
3:54	はち	
3:54	ケンフー	直前に準備するからだよ
3:54	かんぱち	こんなに顔でかくなって…
3:54	心刃	アプデとか？
3:55	朝の向日葵	椎名さんどこ…？ここ…？
3:55	リョコウバト	にじさんじアプリ不調の時期あったなそういえば
3:55	わんさな	今の方が可愛いね
3:56	カレーオムライス	チェアしいしい
3:57	ゆうた	椅子になったんか
3:57	hanamura yousuke	すげぇマジックだ
3:58	kamigataneguse	しぃしぃちょっと見ない間に黒くなったなあ
3:58	accelアクセル	まだお休みか
3:59	くのっぷ	キーボードの横におるやん
3:59	KeyKey	背もたれあいつやったんか
3:59	野球ロボット	顔小さくなった？
3:59	マングース	ゴリスナー配信！？
3:59	t i i t	もう椅子でもいいかな
4:00	神琴-MIKOTO-	立ち絵も無いんか？
4:00	Ei NAGOMI	椅子ったか
4:01	taketo RONA	充電かいｗ
4:01	315アルバ	ｷｬｧｧｧｼｬﾍﾞｯﾀｧｧ
4:01	mr nsk	雪見だいふくの画像貼っとけばバレへんで
4:01	みかん	こんイスイスー
4:02	ゆーたん	大丈夫か椎名、四足歩行になったのか
4:03	ken ken	今日はもうこれでいいんじゃね？
4:03	蒸虾仁MusuEbi	椎名ゆ椅子
4:03	ルイ	焦った〜（未解決）
4:04	Mine	
4:04	はいどれ	椅子変身マジック！？
4:05	クロヤマ	レジスタンスへの報復ついにきたか？
4:05	ゴリシスタン	夜見マジックで椅子に…
4:06	うにあ	アプデし忘れ？？
4:06	アズキ8	にじ3Dならどうや
4:07	ンゴ君	しぃしぃの透明バグ引きずってるの草
4:07	こっとこと	いすしぃしぃ
4:08	佑	椅子かわいいな
4:09	うりす	草
4:09	rnz ORANGE	そのままでいいんじゃね
4:09	ほけきょ	こんなことある？
4:09	Astra Tempest	ゴリラ配信
4:11	まっちゃん	しぃしぃ日焼けした？
4:11	さちくろ	今日は、ぇあ椎名さんってマジ？
4:11	ToMas	・＿・
4:12	chitosan	顔四角くなったね
4:12	彼ピッピ	透明化
4:13	酒瓶	こんれーなーされたか
4:13	プリッツトッポ	草
4:14	y梅	あせったーじゃないがｗ
4:14	ユードリックの互除法の使い手	ついにクビか
4:14	とおのマン	アプデきてたとか
4:14	体操体操	椅子が本体やったんか
4:15	HIROX	スタンド攻撃を受けた？
4:15	鴉紅	ゴリラ椎名...？ 椅子椎名...？
4:15	クコの実	鼻の穴目立ってるよ
4:15	騎士タマネギ	椅子系
4:16	No.66	椅子にオーバーソウルした
4:16	マンジカブラ	今日はこれで行こう
4:16	ふくざわゆきち	こっちのセリフだぞ
4:16	するとしようか、王の話を	アプデか？
4:17	カレーオムライス	これはこれで有り
4:17	なや	草
4:17	あこまぐ	クビやで
4:18	yuni yakkun	椅子に吸い込まれたんか
4:18	かん太郎999	こんチェアー
4:18	yuyu sasa	とりあえず・・・立ち絵のやつだしたら？
4:19	アッシュ	充電のせいやん…
4:19	しょう	クビにされたのか
4:19	たるたる	おはしいな
4:19	ヨッシー	顔小さくなった？
4:19	くま	みないうちにスマートになったね
4:19	おにくnick	多分何かあったのは椎名さん
4:19	のっぺりミント	あらま、霊圧が消えた？
4:20	최승연	こんにちは
4:20	まさなる	大福の画像貼っとこう
4:20	物憂げな	初見、右のゴリラが椎名由花？
4:21	suke tome	立ち絵でいいよ
4:23	凝固	主語がデカい
4:23	じーる	立ち絵でも出しとこう
4:23	kbf kbf	椎名さんの良いかは大抵良くない
4:24	Msk0kinme	静止画でもええぞ
4:24	hachikou_orz	いやしぃしぃだけだ
4:24	リュー之助	草
4:25	either 2	しいしい→・＿・
4:25	グラスホッパー	まだ焦り続けてもろて
4:25	うさみ	透明になる能力を手に入れちゃったか…
4:26	すだち	めっちゃ椅子と目合う
4:26	アカリーヌ	しぃしぃ今日もかわいいな！
4:26	まと	ゆがみんになろう
4:26	かおう_____ta	まつ！！
4:26	うにあ	アプデ来てそうだね
4:27	大福船長	にじさんじないなった
4:27	まあライオン	とりあえず立ち絵置いといたら？
4:27	タカティン	イス可愛いな
4:28	みなと	はいよ
4:28	ぜっトンインパルス	待ちましょう
4:28	榎だよ	おっけー
4:29	ほくりん	ゆっくりでええよ
4:29	n pa	しぃしぃがいないんですけど
4:29	川原太一	もう、立ち絵出しとけば？
4:30	しぃ・カーニバル	
4:31	まこも	椅子かわいーすね
4:31	鴉紅	何かあったのはあなたでは？
4:32	hanamura yousuke	ぇあ椎名
4:32	リューケン	もう大福の画像でもいいよ
4:32	するとしようか、王の話を	ダメだったら立ち絵か
4:33	タイダー	ゲーミングチェアしぃしぃ
4:33	みこしば	ふわっち視点
4:33	ししゃ	頑張れ〜
4:34	ガリレオ	
4:34	伊呂波カズマ	立ち絵行こう
4:34	なや	草
4:34	ぴーくぅいー	なんか日焼けした？
4:35	チェリオー	しぃしぃ日焼けしたは草、黒焦げやんけ
4:35	めんとす	がんばえ〜！
4:35	X翔琉X	鼻でかくなりましたか？
4:36	おはぎ	いすぃすぃ
4:37	ヒナガラス	メタモンみたい
4:37	心刃	除霊失敗したからか？
4:37	めもら	少し見ない間にずいぶん変わったね
4:37	しょう	いいよ
4:37	リューコー	初めまして。このゴリラが椎名唯華さんですか？
4:38	うにあ	立ち絵はないんか？？
4:38	もこもこありえす	おけ
4:38	民っち	アプリの更新とかな気もする
4:38	ほけきょ	別の人もうつらん？
4:38	青狸	ゴリラがしぃしぃ！？
4:39	Rei_ S2	
4:40	生ビーム	椎名さんがいない間ににじさんじ変わっちまったな…
4:40	ぼんじゅ	お前、消えるのか
4:41	ダックスフント	このイス、アイツ君の腹かっぴらいたみたいよね
4:42	ねりごまnerigoma	立ち絵出しとこ
4:42	さとまる	●＿●
4:42	pocky 2	OK気のすむまで戦ってくれ、立ち絵になっても大丈夫だよ
4:43	めたる王	今日のゴリラはかわいい声してんなw
4:43	AMZON COM	ちょっと顔小さくなった？
4:44	のりおくん	画面広くなったね...
4:45	ケンフー	つないで
4:45	みやぴ	がんばれ〜
4:46	かそく	ゴリラになっちゃった
4:46	こねこ倫理観	おはチャーハン
4:46	tete ya-ya	なぜ用意しないのかｗｗ
4:47	taketo RONA	イチゴ大福置いてもろて
4:48	くま	アイツくんとゴリスナーの対談か
4:49	mosh	人狼から透明バグは草
4:49	yamato *	かくれんぼか！頑張って探すわ
4:50	ミシキ	いちご大福貼り付けるべ
4:50	John Smith	静止ぃしぃでも良いけど
4:50	アライブ	イス可愛い
4:50	すまんも	しぃしぃ色黒になったね
4:51	うどんこねっと	ﾌﾝﾌﾝ
4:51	マリア	ゴリラとあいつのコンビ配信
4:51	ふぉるす	ふんふんふん
4:51	きと	代わりに俺ら座らせて
4:52	カレーオムライス	ピンクと黒にイメチェンしたんですね
4:52	akuboyasu	cute gorilla vtuber
4:52	t	待つのはお陰様で得意やぞ
4:52	83ヘチマ	しぃしぃがんばれ
4:53	ジーク	他のライバーに確認しな
4:53	ryu yan	椎名今日も可愛ぜ！椅子だけど
4:53	ろろ	はーい
4:53	ととろろろ	まあ一週間待ったし誤差よ
4:53	うさみ	とりあえず立ち絵で誤魔化す？
4:54	na ke	ゲーミングしぃしぃかわいい
4:55	タールタッツ	今日の配信者は俺たちゴリスナー
4:55	hachikou_orz	アプデで椅子になったのか
4:55	フローラル香	アイツくんって背骨あったんだ
4:55	マンジカブラ	今日は透明化の薬飲んだってことにしよう
4:56	藤田T	ちぇあ～
4:56	ぽぽど	しぃしぃ髪切った？
4:56	川原太一	なんか、四足歩行になってんな
4:57	狐影	しぃしぃの魂がごりらに？
4:58	するとしようか、王の話を	お待ちぃ！
4:59	kaiei[かいえい]	
5:00	桃野パピコ	白くて丸ければ何でもええよ
5:00	おにくちゃん	鼻整形しましたか
5:01	yuyu sasa	大福画像推し多くて草
5:02	you	まさかこの椅子が新衣装？
5:02	Rei_ S2	そこのゴリラつないで
5:03	かおう_____ta	よるみ許して
5:03	しぃ・カーニバル	あいつに乗っ取られたか。
5:03	ヒロ	ゴリラになってしまったか
5:04	カービィ	（・＿・）
5:06	滑りやすい靴	なんか顔ちっちゃくなった？
5:07	さゆり〔・`ω・ ́〕	ちょっと遅れたらしぃしぃおらんが
5:07	グラスホッパー	しばらく見ないうちに透明度がすごいね。見えないもん
5:07	Yuuki	大丈夫かな？
5:08	神琴-MIKOTO-	リアルにおさらばしいなは困る
5:08	アルラ	椅子の背もたれ可愛いね
5:08	83ヘチマ	ふんふん助かる
5:08	けんばく	
5:08	玉子豆腐	ゴリラしぃしぃ
5:09	かんぱち	ぇあ～
5:09	ほけきょ	夜見わるいな〜
5:10	なや	草
5:10	Ei NAGOMI	部屋広くなったなぁ
5:10	taketo RONA	ぇあ～
5:11	するとしようか、王の話を	ぇあ〜
5:11	タイダー	画面広くね？
5:12	うにあ	運営アプデなんか
5:12	ゼロ君	ꉂ
5:12	ふぉるす	うぇあ～
5:12	ねりごまnerigoma	なぜ配信前に確認しないのか
5:12	のりおくん	もう一週間待つか
5:12	かわ3	あてぃし〜；；
5:13	うどんこねっと	ゲーミング椅子しぃしぃ
5:13	ねるしー	おはしいな
5:14	ターキー	だ
5:15	ぐだのすけ	草
5:15	archer	顔四角くなったね
5:15	yuyu sasa	えええ？
5:16	コーバァー	え〜うぇ〜
5:16	とあーるのらねこ	えぁ～
5:16	放浪者	ぇあ〜
5:16	ぺぺろんちーの	椅子でもええわ
5:17	たくみん	えぁー？
5:17	リョコウバト	ぇあ〜
5:17	OGI. PTRB	いまきたら透明人間と化してて草
5:18	川原太一	新衣装ですか？
5:18	アジ	透明バグやん
5:18	塩飴	・
5:18	AMZON COM	えぁ~
5:18	ネムイ	草
5:18	ケンフー	え？じゃないが
5:18	kaniko	よく分からんが、レイヤ最善にしたら直るとか？
5:19	しゃけねこ	草
5:19	Rei_ S2	ぇあ〜
5:19	かそく	ぇあ〜？
5:20	time13 inthattime	ぇあ〜
5:20	Magnet trout	えぁー？
5:21	パーでチョキに勝つ	部屋綺麗だね
5:21	もこもこありえす	ぇあ〜
5:21	のむ	おさらばしぃな〜ってそういう
5:21	空腹のまろん	椎名さん遊びすぎだろ真っ黒じゃん
5:21	PPP	マジで変な椅子だなこれ
5:21	オルマン	
5:21	suke tome	アプリ捨てよう
5:22	ぼたもっちん	草
5:22	pocky 2	このゴリラ🍙みたいな頭してるな
5:23	みなと	うぇあ～
5:23	ととろろろ	アプデしてないとかじゃないん
5:23	彩玉	こんな姿に...
5:23	まさなる	うぇあ〜
5:23	Kyou Yozakura	Chair-chan
5:23	フナムシ	なにもしてないのに壊れた！
5:24	たこ	3dは？
5:24	wa	ぅえ～？
5:26	nobu	今ぇあ～って言った？
5:27	カレーオムライス	実はイスの裏にいるってことにしよ
5:27	くのっぷ	ぇあ～
5:27	鬼頭亀次郎	ぇあ〜〜？
5:27	ひがしのそら	草
5:27	西アマネ	草
5:27	t i i t	とりあえず立ち絵で乗り切るかあ
5:27	ぐだのすけ	ぇあ～
5:28	プリッツトッポ	ぇあ～
5:28	kamitama	休みで浄化された説
5:28	さちくろ	なんだろにじさんじアプリにアプデでも入ったんかな
5:28	83ヘチマ	マネに聞いた
5:28	you you	マネージャーに電話して見れば？
5:28	Metallic	草
5:29	うどんこねっと	ぇあ～？？
5:29	獅子枝夕帆 -ししえだ ゆうほ-	ぇあ～
5:29	じゃいるーだ	ぇあ～
5:29	じーる	えあ～？
5:29	なはと。	ぇあ〜
5:29	Tacosi	ぇあ～
5:29	kbf kbf	ぇあ〜
5:29	n pa	本当に謎ですね
5:29	yuyu sasa	ぇあ～
5:30	カービィ	ぇあ～
5:30	あかるる	もっと溶けた感じの声で
5:30	みやぴ	ぇあ〜
5:30	おはぎ	えぁ〜
5:31	y梅	ぇあ～
5:31	ちくわぶ	lea~
5:31	mr nsk	今日画面広くね？
5:31	Suzuya	ぇあ～？
5:32	蓬莱来訪	よゆみ！？
5:32	きのみ	えぇあ～
5:33	Ka Ko	幽霊になっちゃった？
5:33	たつぞー	しぃしぃ日に焼けたね
5:34	幸せな都市の王様	草
5:34	光	うぇあ
5:34	野球ロボット	ぇあ～
5:35	干されたスライム	ヘッドレスト可愛いなぁ
5:35	RyuDe	ぇあ～
5:35	るみねん	ぇあ～！？
5:35	鴉紅	スタッフ～？？
5:35	モグ	ぇあ～
5:35	ニコフ	えぇいぃああ
5:35	ねこわん	うぇあ～
5:36	えびてん	ぇあ～
5:36	榎だよ	ぇあ〜
5:36	しゃけねこ	えぁ
5:36	きゃた	えぁー
5:37	さゆり〔・`ω・ ́〕	ぇあ～
5:38	まつまえ	ぇあ～
5:38	うさみ	接続方法変わったとかあるの？
5:38	にゃーわん	偽えぁー
5:39	プリッツトッポ	立ち絵ですますか
5:39	マンジカブラ	エアサーバーは別企業だろ
5:39	taketo RONA	ぇあ～(疑問)
5:39	神戸しゃれ	ぇあ
5:39	ねるね	うぇあ～
5:39	ピヨ	ぇあ～
5:39	ラクタムβ	ぇあ～
5:40	ろろ	草
5:40	ルキルキ	そこはマネージャーに連絡してもらって
5:40	Yuuki	運営の人か誰かに聞くしかないか？
5:40	かわ3	ぇあ〜
5:40	くま	もうイスとして生きていこう
5:40	ふくざわゆきち	これ今日の人狼もアイツ君が出るのか…
5:41	搾りかす	ぇあ～
5:41	すだち	草
5:41	青狸	ぇあー！
5:41	めたる王	えあ～
5:41	Ei NAGOMI	ぇあ～
5:41	yamato *	ずっと、え〜
5:42	ななやん	ぇあ～
5:42	kaniko	ぇあ～ｗ
5:42	こますけ	air
5:42	スケルトン	ぇあ〜
5:43	ケンフー	うるせえｗ
5:43	騎士タマネギ	ぇあ〜
5:44	てへぺろぺろぺろ	えぁ〜は草
5:44	Righm「ライム」	今来たけどしぃしぃもゴリラになったんか
5:44	しゃけねこ	草
5:44	しょう	草
5:45	コーバァー	うぇあ〜
5:45	ぼろ	ぇあ～
5:46	村田ネギ	一度卒業して復帰すれば直るはず
5:46	s i	ぇあ～
5:47	tsukihi ao	つら・・・
5:47	Gorilla	ぇあ～
5:47	のりおくん	ぇああぁぁぁぁ～～！？？
5:47	やみい/朝日奈樒	ぇあ〜
5:47	Rinka	ぇあ〜？
5:47	チェリオー	そこにゆがみんがいるじゃろ？
5:47	ととろろろ	いちからつぶれた？
5:47	yuyu sasa	あぷで？
5:47	dekarucha	ぇあ～
5:48	ぴーくぅいー	air
5:48	nep	アプデ？
5:48	エーピー	ぇあ〜！？
5:48	アライブ	ゆがみんくる？
5:48	玖似	アプリのアプデとか？
5:48	上田信太朗	夜見！？
5:48	みこしば	グルグル目の夜見さんが笑ってそう
5:49	ながねぎ	アプデか？
5:49	さなちゃにすと	しぃしぃぃぃぃぃぃ
5:49	幸せな都市の王様	ぇあ〜
5:50	まるおごるた	今きた。ゴリラになっとるやん
5:51	まっちゃん	自然さが足りない
5:51	B取る	夜みぃみぃ！？
5:52	taketo RONA	ぇあ～(驚愕)
5:52	きと	・＿・ ぇあ〜
5:52	はくさん	ぇあ〜
5:52	燈波-hina-	透明感増したね
5:52	カイ	エアしぃしぃ
5:53	kaiei[かいえい]	ぇあ～
5:54	pocky 2	更新とか入った？
5:54	洛水佑馬	ぇあ～
5:55	かんぱち	宇宙人狼の透明化パッチ当たったままか
5:55	零月詩夜	これが霊能力か
5:55	PPP	養殖物のぇあ～やめろ
5:56	KAI	アプデとか？
5:56	Ren	カメラ映る事故期待
5:56	青狸	問い合わせしてみる？
5:57	ぜっトンインパルス	夜見ちゃんうつってる
5:57	リョコウバト	マネージャーに連絡した？
5:57	ソーセン	なんか今日画面広くね？
5:58	あかるる	ぬぁ～
5:58	のっぺりミント	ぇあ〜
5:59	アルラ	マネージャーさん助けて
5:59	イープカ	量産型ぇあ〜
5:59	笹かまぼこ	ぽつぽつ同じこと言ってる人いたよね
5:59	放浪者	椎名船降りろ
6:00	Rei_ S2	アプリの不調？
6:00	しょう	そこら辺は俺らもわからん
6:00	【米】	あれ？いない？
6:01	抹茶抹茶	クビ！w
6:01	ぱんさん	取り憑かれたか
6:01	Dogs	ぇあ～
6:02	ふりっつ	個人勢になっても応援してます
6:02	桃野パピコ	とうとう排除されたか
6:02	あるは/ Alfa uhi	んなああああ
6:03	ヨッシー	Air
6:03	kbf kbf	イヤホン半分抜けてるんじゃね
6:03	ほけきょ	パスかえられたか
6:03	yuyu sasa	ゆがしぃ！？
6:03	Suzuya	gifる？
6:03	土星人専属歴戦王uketukejo〜〜	ゆがみん
6:04	かおう_____ta	だれかー
6:04	たべっちかにっち	なぜなんだぁ！？
6:04	さぶりみなる	立ち絵でいいのでは？
6:04	Kon Kon	ぇあ〜
6:04	さゆり〔・`ω・ ́〕	よゆみにきこうぇあ～
6:05	七原かなた	GIFしいなの出番だな
6:05	韋駄天134	俺には見える
6:06	するとしようか、王の話を	どおしてだよおおおおおおお
6:06	のりおくん	いちから破壊されたって知らないの？
6:06	ふぉるす	立ち絵出しとくか
6:06	s i	透明バグ?
6:07	コーバァー	アプデは？
6:07	なや	いったい何が起きたんだ
6:07	民っち	こういう時マネさんの出番なんかな
6:08	うにあ	アプリアプデきてそう
6:08	かるた3110	どうしてだよぉお
6:08	みなと	またやるみたいね
6:08	とおのマン	しぃしぃ・・・
6:08	村人exe	アプリから削除されたか
6:09	ケンフー	何も言われてないわけないでしょ
6:09	オルマン	おー！！
6:09	tete ya-ya	ただのyoutuberですか？
6:09	うりす	んなぁ～
6:10	ねびゅらねびねび・	バグであくあちゃん出てきそう
6:10	冷麺	可愛くなりましたね
6:11	Ei NAGOMI	ほぅぇあ～？
6:11	のしの	笹木の不憫属性うつった？
6:11	Tacosi	椅子で出るしかない
6:11	グラスホッパー	お？
6:11	あるは/ Alfa uhi	そうなん！・
6:11	ひがしのそら	そうなの？ｗ
6:12	tom cat	一旦画面閉じて調整しては？事故も怖い
6:13	リュー之助	立ち絵配信か
6:13	ぐだのすけ	宇宙人労あるねぇ
6:13	えしゃ	おかえりぃ
6:13	うにあ	それはやばいね
6:13	酒瓶	めぅ･･･
6:13	ろま。	宇宙人狼？
6:14	朝の向日葵	宇宙人浪すき
6:15	めたる王	配信あんのか
6:15	めんとす	宇宙いけねぇよ
6:15	ななしのごんべ	にじ3dでやったら？
6:15	うさみ	立ち絵担当になる可能性あるな
6:15	彼ピッピ	にじさんじに消された
6:15	ヒナガラス	ぇあ〜
6:15	かわ3	それまでに誰かに聞いてもろ手
6:16	ぎるがめっしゅ	ぇあ〜しぃしぃ
6:16	yuyu sasa	誰かに聞いてもろて
6:16	心刃	レイヤーが違う説
6:17	春光雪	slackに連絡とかきてないん？
6:17	榎だよ	やば
6:17	まあライオン	まあ立ち絵でもなんとかなるやろ
6:17	Yuuki	それはまずい
6:17	びび	カメラ映ったよ
6:17	カービィ	宇宙人狼コラボあるもんな
6:18	pocky 2	運営さんに聞けるなら1時までに聞いた方がいいね
6:18	Cymbals21	コラボあんのにな
6:19	パーでチョキに勝つ	クビかー
6:20	のむ	代わりにあいつに喋ってもらおう
6:21	こねこ倫理観	後ろの棚の顔もアイツなの今知った
6:21	鬼頭亀次郎	しぃしぃドコォ
6:21	suke tome	立ち絵でええ
6:21	ダックスフント	どおしてなんだよぉぉぉ！？
6:21	みやぴ	宇宙人狼楽しみ
6:21	フナムシ	1時までに治らないとクビか
6:21	エルナ	解雇処分
6:22	ねこわん	宇宙人狼あるのにｗ
6:22	さちくろ	動く椎名さんがみてえよ
6:22	伊吹疾風	おはしいな
6:22	taketo RONA	冷凍しぃしぃ
6:23	アズキ8	透明化ばぐ出ちゃったかあ
6:23	川原太一	りつきんが3Dの中、椎名さんは2Dとはさすがやな
6:24	うにあ	人狼あるねえ
6:25	とおのマン	マネージャーに聞いておきな！！
6:25	光	アプデしてもろて
6:25	きと	おさらばしいな〜
6:25	kbf kbf	あもんご
6:25	鴉紅	その間にスタッフに聞こう！
6:25	神戸しゃれ	へー
6:25	かんぱち	やっちゃー
6:26	かそく	たのしみ
6:26	オルマン	まじかー！！！たのしみー！！！！
6:26	t i i t	宇宙人狼か
6:26	もぐらぐら	おお
6:26	ふぉるす	宇宙人狼たのしみ～
6:26	Rei_ S2	宇宙人狼たのしみ
6:27	めたる王	おお！
6:27	Ren	マジか！！
6:27	コーバァー	宇宙〜
6:27	ランナナオ	こっちでも透明化バグは草
6:27	るみねん	おお！
6:27	tete ya-ya	チャーハンだそ
6:27	Iraii	where are you?
6:28	なはと。	宇宙人狼たのしみ！
6:28	ぴーくぅいー	除霊しよ
6:29	なや	たのしみ
6:29	かもめ	にじ
6:29	すまんも	楽しみ
6:31	ずしりしかかたん	え、ゴリラさんがいる
6:31	榎だよ	おおお
6:31	蓬莱来訪	たのしみ！
6:31	ぼたもっちん	楽しみや〜
6:31	かめむし	楽しみ！
6:32	まーぼー	しぃしぃ…(T ^ T)
6:32	yukibow	ぇあ～
6:34	大福船長	チャイカさんに代理で行ってもらおう
6:34	ターニングポイント	楽しみですわ
6:35	さとまる	にじさんじに切られたか
6:35	しゃりとみそ	いつも立ち絵のライバーもおるから、、、
6:35	黎明卿新しきボンドルド	しぃしぃが見えないバグ再発
6:35	焦げパン	ゆがみんでいこう今日は
6:35	ジーク	ド深夜にコラボ始まるの珍しいね
6:35	アルラ	楽しみ
6:36	青狸	おお、楽しみ
6:37	ディノバルドの尻尾	椅子がしゃべりよる
6:37	ちもん	楽しみ！
6:37	そのうち寂聴	いない…
6:37	ジリバンザイガス	最高！
6:37	ねこさん1号	椎名唯華、諦めました！
6:38	ぜっトンインパルス	透明人間系バーチャルライバーとして再デビューしよう
6:38	Mine	かわっちまったな
6:39	kamitama	おぉ同じメンツだったか
6:39	のしの	透明になってるだけとか
6:40	ネムイ	楽しみ
6:41	すぎもと	たのしみ
6:41	ろととと	楽しみ
6:42	s i	しぃしぃ透明バグやん
6:43	John Smith	あれ枠あるの？
6:43	フナムシ	封印されたにじ3Dは？
6:43	さちくろ	でっか
6:44	taketo RONA	顔でっか
6:44	83ヘチマ	でっか
6:45	生ビーム	いっそ1時にこの状況説明したら教えてもらえるかもなｗ
6:45	rosugi	コラボ前にきづいてよかった
6:45	あいうえお	野良猫さんの配信みたいになっちまう
6:46	yuyu sasa	でっか
6:46	すまんも	透明バグまだなおってなかった
6:46	pocky 2	心のきれいな人にはしぃしぃが見えてます
6:46	KeyKey	でかい！
6:46	ターキー	ゴリしぃ！？
6:47	みずなぎ	ぇあー
6:47	ケンフー	でっか
6:47	kaniko	ゆがみんで試そう」
6:47	ノガミ	画像裏か画面外にいるとか・・・
6:48	ガビバラ	たまには椅子も悪くない
6:48	ぜろぱか	楽しみやな
6:48	ふりっつ	もうでかい
6:48	するとしようか、王の話を	珍しい立ち絵やな
6:48	ちなまる	顔でか
6:50	くま	<
6:50	ニコフ	１Dしいな
6:50	sayyoh	久しぶりに静止画椎名さん
6:50	みこしば	でかっ
6:51	くーさん	え？しぃしぃそこのかわいいゴリラ？笑
6:51	たこ	宇宙人狼は枠欲しいね
6:51	凝固	ちゃんとにじ3D持って帰ってきた？
6:51	青狸	立ち絵でやるしかないのか
6:52	うさみ	人狼までにマネさんあたりに問い合わせかな
6:54	あるは/ Alfa uhi	でっか
6:55	野球ロボット	でっか
6:55	フナムシ	顔でか
6:55	かんぱち	でっか
6:55	うにあ	アプデなんかったんかなあ
6:56	yamato *	違和感ないわ
6:57	めたる王	とりあえずおかえりw
6:58	ふくざわゆきち	腹立つ顔で草
6:58	のしの	ぺらっぺらやんけ
6:58	こねこ倫理観	机の上に乗るな
6:58	archer	にやにやしとるわ
6:58	榎だよ	おかえり
6:58	ぬい	静止ぃしぃ！？
6:58	ケンフー	なんか連絡来てないの？
6:59	niryuu	顔でっか
6:59	Rei_ S2	かわいい
6:59	コーバァー	でっか
7:00	まーぼー	無双楽しみだw
7:00	ターキー	おはしぃな〜
7:00	Metallic	草
7:00	みやぴ	あらら
7:00	tsukihi ao	草
7:00	マンジカブラ	顔でっか
7:01	うにあ	かなしいなあ・・・
7:01	もこもこありえす	そういやにじ
7:02	エーピー	草
7:02	カレーオムライス	新人さんかな
7:02	白の落書き	なんか草
7:03	オルマン	机の上に座っとるやんけ！
7:03	さとまる	机に座らないで
7:03	抹茶抹茶	かおでっか
7:03	わっとぅー	かわいい
7:03	ゆうた	草
7:03	ふぉるす	はじめまして…ですね…
7:03	ろととと	ムカつく顔してんな
7:04	PPP	経験リセットはえーよ
7:04	りんりん太子	机の前にいるｗ
7:05	ねりごまnerigoma	机の前に立つな
7:05	kbf kbf	幸先悪いっすね
7:05	きりみんちゃん kirimin-chan	しぃしぃ人形
7:06	心刃	机の上に乗ってて草
7:06	ねこわん	立ち絵ｗ
7:06	しょう	これが
7:07	さぶりみなる	顔でっか
7:07	ずしりしかかたん	
7:07	るたろー	草
7:07	さちくろ	かわいい
7:07	彼ピッピ	ヘラヘラしてる
7:08	なはと。	画面狭くなったな
7:08	桐生亘	初見の人が未見で帰ってしまうｗ
7:08	Ketaけた	でっか
7:08	スバルキング	むしろずっと初心者だった説
7:08	pocky 2	おかえり～
7:08	83ヘチマ	旧
7:09	K N	うっかりデバッグしてしまうとはさすが
7:09	幸せな都市の王様	でっっk
7:09	s i	でかいなぁー
7:09	ねるね	草
7:10	うにあ	なんでなんだ！！
7:10	もちピザ	物憂げな顔してんな
7:10	あかるる	この立ち絵初めて見た気がする
7:10	かわ3	カチカチ大福
7:10	マザロザ	いいやん
7:10	桃花	久しぶりに見た気がする
7:11	ユーリンチー	机に乗るな
7:12	Mine	なんでなんで～
7:12	みそ吉	猫に教えてもらうか
7:12	アッシュ	草
7:12	といろ	また顔成長した？
7:13	みなと	なんでぇあ～
7:13	かおう_____ta	なぜだあああああ
7:13	さゆり〔・`ω・ ́〕	にやにやしてんなぁ
7:13	eKa	来たら静止画で草
7:13	ひがしのそら	ほんまござ？
7:14	アカリーヌ	おかえり
7:14	Ei NAGOMI	かわいい
7:14	燈波-hina-	机乗ってる
7:14	アジ	表情を失った椎名
7:15	sora	おはしいな〜
7:15	館橋水奈都	なにわろてんねん
7:15	ケンフー	でもどうせいつも顔動かないし変わらんな
7:15	ディレ	顔でか！
7:15	ダックスフント	カチカチしぃしぃ
7:16	ぐだのすけ	草
7:16	たなか	しぃしぃ動いて！！！！
7:16	水木あやせ	かわいい
7:16	taketo RONA	なんか面白い顔
7:16	やとーふ	草
7:16	光	おかえり
7:17	ぜっトンインパルス	静止画しぃしぃこんばんは
7:17	アルラ	とんでもなく小さくなってるとか無い？？
7:17	ガリレオ	なにわろ
7:18	桃園あい	椅子より顔でかくね？
7:18	Metallic	草
7:18	グラスホッパー	かわいい
7:18	みやぴ	かわいい
7:19	神戸しゃれ	ブラック企業だ
7:19	のりおくん	蝋人形しいな
7:19	村田ネギ	邪悪な笑みに見える
7:19	民っち	休みの代償デカすぎる
7:19	ヒナガラス	画面せま
7:19	おにくnick	いちからこわ
7:19	木目	まぁ間空くと色々変わってそうではある
7:20	しぃ・カーニバル	顔でっかw
7:20	よしなにー	一週間フレンズかな？
7:20	かるた3110	静止ぃ！？
7:20	大福船長	よく見るとこのヘッドホンじゃ無理そうだな
7:20	青狸	不憫だ
7:21	かんぱち	時代に取り残されちまった
7:21	kiri	1週間の代償よ
7:21	のしの	腹話術？
7:21	さくめる	おかえりー
7:22	本間ひまわり - Himawari Honma -	アプリ再インストールしなあかんやつやで
7:22	野菜レタス	はじめまして、ですね・・・
7:22	カルピス	しぃしぃ人形
7:22	よういち	Wifi切れてたりして
7:22	リョコウバト	他のライバーも映らなかった報告あったよ
7:23	Yuuki	つれぇわ…
7:23	するとしようか、王の話を	これが休んだ弊害かぁ
7:24	t i i t	はじめまして……ですね……
7:24	獅子枝夕帆 -ししえだ ゆうほ-	マネキン座ってんな
7:24	ほけきょ	浦島太郎や
7:24	やねうら	悲しい；；
7:24	さとまる	顔が大きくなってね？
7:25	あかるる	原神・・・；；
7:25	まつまえ	古い人になっちゃったな
7:25	ソーセン	なんか表情硬くて怖い
7:26	ミシキ	そんなことある？
7:26	kbf kbf	いつもの事やん
7:26	スケルトン	じゃあギル様もう動かないじゃん
7:26	ou k	にへら
7:29	オルマン	おバァバァ！？
7:29	y梅	1週間でｗ
7:29	榎だよ	草
7:30	アライブ	顔はいい
7:31	かもめ	ヘラヘラしやがって
7:31	ターニングポイント	原神だいぶ差が出来てそう
7:31	ryu yan	顔でっかいなぁ
7:31	スバルキング	動いてませんよ
7:31	みこしば	ついていけるだろうかこの世界のスピードに
7:32	しぃ・カーニバル	敗北者？
7:33	あこまぐ	草
7:34	てらま	こっち見ないで
7:34	kaiei[かいえい]	ひまちゃん！
7:35	yuyu sasa	草
7:35	藤田T	あれから2年だしね
7:35	かんぱち	草
7:35	まっちゃん	証明写真みたい
7:35	wa	配信準備してないだけでは？
7:35	ぐだのすけ	ひまちゃん！
7:36	タカティン	野良猫
7:36	フナムシ	ひまちゃん！
7:36	ダックスフント	乗るしかないこのビッグフェイスに
7:36	うさみ	あいだに剣持とコラボしてたのにね…
7:36	ずしりしかかたん	ひまちゃん？
7:37	taketo RONA	ひましぃてぇてぇ
7:37	dekarucha	マ？
7:37	pocky 2	そんな大掛かりなんか？
7:37	グラスホッパー	まじか
7:37	オルマン	そうなのか！
7:38	鴉紅	ポンポンポン♪
7:38	ぴーくぅいー	ほんひま！
7:38	さちくろ	ひまちゃんありがちょー！
7:38	たこ	ほんほんひま
7:38	しょう	草
7:39	Mine	なんと
7:39	みやぴ	そうなんか
7:39	うにあ	ひまちゃん！
7:39	カービィ	ひまちゃん助かる
7:39	kngkkk	椎名は置いてきた。この先の戦いにはついていけないだろうからな
7:40	すだち	草
7:40	朝の向日葵	やさしいござぁ
7:40	ちなまる	再インストールはめんどいな
7:40	sora	ひまちゃん優しい
7:40	神戸しゃれ	有識者だ
7:41	kamitama	ひまさん！
7:41	ラクタムβ	教えてくれた
7:41	やとーふ	ひまちゃん！？
7:41	蓮華	ひまちゃん！
7:41	大福船長	ひまさん！！
7:41	ケンフー	たすかる
7:41	83ヘチマ	ひまちゃん！
7:41	リュー之助	ござ！？
7:41	がる	さすひま
7:42	MiA	一週間でこれとかギル様以下じゃん
7:42	y梅	さすひま
7:42	ふぉるす	ひまちゃん助かる
7:42	ふじやま	ぽんぴま！
7:43	パーでチョキに勝つ	右が椎名か？
7:43	るみねん	ありがとうほんひま
7:43	ざいり	ひまちゃん
7:43	リンタイラン	さすひま
7:43	AMZON COM	さすひま
7:43	桃purée	ひまちゃんたすかる
7:44	ぜろぱか	ひまちゃん！ありがてぇ
7:45	彼ピッピ	ひまわりちゃんありがとう～
7:45	ぼたもっちん	ひまさん！
7:45	Suzuya	ひまちゃん！
7:46	うどんこねっと	ほんひまきたあああああ
7:46	館橋水奈都	ほんひま！？
7:46	藤色	本間さんや
7:46	ぬい	さすがぽんぴま
7:46	ターニングポイント	ありがてぇ
7:47	半窓	またな
7:47	mida	ひまちゃんもよう見とる
7:47	ASAKA	わりと重大で草
7:47	あかるる	サンキューぽんぴまん
7:47	かおう_____ta	そうなんか
7:47	あこまぐ	そんなことある?
7:47	桃園あい	ぽんぴまんおる
7:48	しょう	優しいござ
7:48	リョコウバト	ひまちゃんありがとう！
7:48	めんとす	ひましぃはあったな
7:48	チェリオー	目瞑ったやつが一番好きやなぁ
7:48	はくさん	さすがひまちゃんだ
7:48	シーベルJAPAN	ひまちゃ
7:49	ハチ#凛fam	センキューひまちゃん
7:50	PPP	今やらんのかい！
7:50	豆豆	サンキューほんぴまん
7:51	ざいり	優しい
7:51	グラスホッパー	なんだそのバカにしたような顔のデカさは
7:51	桃花	なるほどね
7:52	ゆうた	さすひま
7:52	かざ	さすひま！
7:53	Asumii	びびってんな
7:53	niryuu	ひまちゃん！？
7:53	まっちゃん	ひましぃてぇてぇ
7:53	おるかず	ひまちゃんありがとう
7:54	ヤンバルクイナ	ほんひまありがとう！
7:55	ほけきょ	夜見に聞いてみよ
7:55	t	これはゲマズの絆
7:55	ターキー	解決かな？
7:56	うにあ	ひまちゃんたすかる
7:56	t i i t	ひまちゃんおはござ〜(・ヮ・🌻)
7:56	おにくnick	ひまさんは頼りになるなぁ
7:57	かるた3110	さすござ
7:57	n pa	そんなバカなことあるんか
7:58	shi yo	運営の通知読んだ？
7:58	ヒナガラス	さすひま
7:58	こあらん	ひまちゃんもよーみとる
7:58	搾りかす	ひまさん
7:58	reno	ほんまござか？
7:58	てへぺろぺろぺろ	ひまっさん！
7:58	yuyu sasa	さすがああ
7:58	ぽぽど	ござござしてきた
7:59	鬼頭亀次郎	これはござパン
7:59	pocky 2	ひまパイセン！？
8:00	wa	サンキューひまちゃん
8:00	のっぺりミント	ほんひまアシスト
8:00	ぷりぷりプリン	（・ワ・
8:01	冷麺	ホンマ有能
8:02	MiA	ありがとうひまちゃん
8:02	kaniko	ほんひま助かる
8:02	ずしりしかかたん	今しなさい！
8:02	うさみ	ひまっさんないす！
8:02	B取る	ひまさんありがとう
8:03	さくめる	さすひま
8:03	うりす	さすひまやでぇ
8:03	結城明日奈	頼りになるで
8:04	とうな	さすひま！
8:04	Mine	ひまっさん ありがてぇてぇ
8:04	83ヘチマ	ござパン必要やな
8:05	川原太一	顔固まってますよ。大福外に置きっぱなしにしてましたか？
8:05	もこもこありえす	こりゃ連絡聞いてなかったな
8:05	きりみんちゃん kirimin-chan	ひまさん
8:05	伊呂波カズマ	おはござ
8:05	洛水佑馬	さすひま
8:05	まー。	さすひま
8:06	ネムイ	ひまさんありがとう
8:06	しぃ・カーニバル	ありがとうひまちゃん
8:06	たなか	ひまさくさんありがとう
8:06	ルキルキ	ありがとうなーひまちゃん
8:06	プリッツトッポ	サンキューひまちゃん
8:06	まあライオン	やさしい
8:07	あかるる	本間さんと呼べ！！
8:07	みやぴ	さすひま
8:07	エーピー	ひまさん
8:08	ねこわん	ぽんぴまんありがとう
8:08	とあーるのらねこ	心がござござしてきた…
8:08	もちピザ	かんざき
8:09	ケンフー	かんざきだよ
8:09	濡れた動名詞	すいませんひまさん
8:10	エルナ	さんきゅーほんひま
8:11	y r	ぽんぴまん！
8:12	アカリーヌ	１週間休むとこうなるとは
8:12	either 2	サンキューひまちゃん
8:12	Suzuya	しんざきはあかん
8:12	かんぱち	しんざき
8:13	ryu yan	ひまちゃんありがとう！
8:14	鴉紅	流石ほんひま
8:14	ku rage	びびってるな？
8:15	ASAKA	闇に飲まれよ
8:15	うにあ	やってるんだなｗｗ
8:16	ラクタムβ	草
8:16	黎明卿新しきボンドルド	かんざき
8:16	ろろ	草
8:16	木目	そんなめんどくさいことせにゃならんってことは大型アプデでもあったんか？
8:17	ぐだのすけ	草
8:17	みなと	せやな
8:18	めたる王	草
8:18	カレーオムライス	ござパンお見舞いしてやってください
8:18	よういち	かんざきやぞ間違えんな
8:18	Tacosi	草
8:18	ひがしのそら	草
8:19	smile I	ひまわりの姉貴
8:20	taketo RONA	せやろなぁｗ
8:20	ジーク	しんざきさん！？
8:20	オルマン	しんざきは草
8:20	ンゴ君	しんざきは草
8:21	蓬莱来訪	椎名さんだけだな……
8:21	玖似	やっぱり連絡みてないじゃないか
8:22	こなべ	ひま先輩...!
8:22	yuyu sasa	草
8:22	川原太一	Theひとごと
8:22	かおう_____ta	草
8:22	むぎま	ござパンしてって
8:23	おにくnick	草
8:23	体操体操	脳内が立ち絵を動かしてる
8:23	うどんこねっと	ぽんぴまん
8:23	がる	おまえもちゃんとしなっ！
8:23	ほけきょ	おかしいしい
8:23	民っち	てんきゅーぴまさん
8:23	t i i t	ちゃんとw
8:23	イマガセ	かんざきやぞ
8:23	haichu 0519	俺もそれで治ったよ
8:24	まーぼー	さすひま
8:25	ふぉるす	せやなｗ
8:25	うにあ	一週間やってないせいで
8:26	ダックスフント	みんなえらい！
8:26	もこもこありえす	ラインドライブ
8:27	えだまめ	さんきゅーござ
8:27	中野	ディスコ見逃した？
8:28	はくさん	リハビリだ
8:28	グラスホッパー	多分、しぃしぃがちゃんとしてないだけやぞ
8:28	まさなる	ぽんぴまん助かる
8:29	伊吹疾風	草
8:29	かそく	浦島太郎だ
8:29	niryuu	体がカッチカチになる
8:30	カレーオムライス	ござござしてきた
8:30	さゆり〔・`ω・ ́〕	ぽんぴまん～
8:31	ロースト	草
8:31	ヒナガラス	草
8:33	ゆ〜ゆ〜	ひまちゃんさすが
8:33	manio _AKG	草
8:34	ふじと	しんざき草
8:34	かおう_____ta	遊ぶのも大事だよ！
8:34	さくめる	いいねー
8:35	かわ3	満喫してんねぇ
8:36	OGI. PTRB	ほんひませんきゅー
8:36	kuririku k0606	こんばんは初見です
8:37	あひるんるん	ええなｗ
8:37	うさみ	誰かと遊んだりしたの？
8:37	Metallic	草
8:38	タコクラゲ	草
8:38	either 2	ぽんぴまんamoung us でしいしいボコっていいよ
8:38	ケンフー	そんな遊んでたん
8:38	するとしようか、王の話を	遊びで疲れた？
8:39	カービィ	充実してんねぇ
8:39	かんぱち	ライバーおる？
8:39	Ketaけた	いいねぇ～
8:40	狐かんな	たのしんでたんだなー
8:40	蒼。		￥500
8:41	ぐだのすけ	夜寝るなら健康的では
8:41	伊吹疾風	よく寝れてえらい
8:41	狐影	リハビリしぃしぃ
8:41	アルラ	誰だ
8:41	ちなまる	あそびすぎたか
8:41	凝固	ライバーおるな？
8:42	榎だよ	草
8:42	光	草
8:43	まつまえ	ライバーのサブ垢か？
8:43	ほくりん	遊べて
8:43	たくみん	草
8:43	kaiei[かいえい]	パワプロの収録は…？ｗ
8:44	Metallic	
8:45	リョコウバト	語部とかギル様どうなっちゃうんだ
8:45	みやぴ	誰ぇ
8:46	かおう_____ta	
8:46	かそく	えらい
8:46	民っち	充実しててよかったねぇ！
8:47	さちくろ	楽しかったならよかったよ～
8:47	Rei_ S2	遊べてえらい
8:47	taketo RONA	ライバー紛れてんな
8:47	うにあ	満喫してるねえ
8:47	KeyKey	ほんまござ？
8:48	狐影	ちゃんと遊べてえらい
8:48	しょう	遊びも大事
8:48	pocky 2	おー
8:49	ながねぎ	ならよかった
8:49	kbf kbf	ずーじつ
8:49	あかるる	夜見がおせぇからなぁ～
8:49	オルマン	
8:51	t i i t	当社比でしょ
8:52	なはと。	おかえりなさい！	￥1,220
8:53	うにあ	記憶あるか？？ｗ
8:53	アッシマー	えらい
8:53	Meiska Reyhan	
8:53	カレーオムライス	何してたん？
8:54	もこもこありえす	なによりや
8:54	生ビーム	楽しめてえらい
8:55	ryu yan	よかったよかった！
8:55	りんりん太子	よかったよかった
8:55	スバルキング	どこ行ってたんや
8:55	唐揚げ定食		￥100
8:56	みなと	充実してたならなにより
8:56	かざ	ええやん
8:57	Tacosi	いいね
8:58	t	野良ライバーもおるな
8:58	ダックスフント	いっぱい遊べてえらい！
8:58	ぐだのすけ	いいねぇ
9:00	うにあ	収録したんだよね
9:01	かおう_____ta	おおー！
9:02	PPP	初めの方のこと覚えてなさそう
9:02	ろととと	満喫してらっしゃる
9:03	桃野パピコ	頑張ってきたんやな
9:03	黒白	おせぇーな
9:03	のしの	陰キャがリア充するとこうなるんだよ
9:03	するとしようか、王の話を	パワプロの収録とかな
9:03	taketo RONA	パワプロ楽しみですねぇ
9:04	かるちゃん	りりくらでもあそんだみたいね
9:04	木目	そりゃ単に疲れすぎなだけではｗ
9:08	REF	そりゃ疲れるわな
9:08	ぐだのすけ	りりくら仲いいねぇ
9:08	うにあ	おーそうなんだ
9:08	DKYM	お、椎名さんおかえり
9:08	あるは/ Alfa uhi	収録ぶじに終わった？
9:09	博多の塩	いいねぇ！
9:09	ゆうた	満喫えらい
9:10	Rei_ S2	おおー
9:10	kuririku k0606	仕事女優ですか？
9:10	ぜろぱか	満喫したようで何より
9:10	さくめる	いいねぇ
9:11	葛原かるま	いいね〜
9:11	たくみん	おー
9:12	まあライオン	ほう
9:12	5869 jd8rd	ええやん〜
9:12	kbf kbf	りりくらって何だ
9:13	reno	パワプロどうやった？
9:13	うにあ	りりくらと遊んだんか
9:13	ガリレオ	りりくらか
9:14	フナムシ	りりくらってなんだ？
9:14	かおう_____ta	りりくらってなんだ…？
9:15	KeyKey	りりくらってなんだ...？
9:15	担当P神崎蘭子	初スパ！これからよろしくお願いします！	￥610
9:16	ふぉるす	りりくらってなんだ…？
9:16	もこもこありえす	りりくらで遊んだか
9:17	ねるね	りりくらってなんだ
9:17	川原太一	エピソードトーク溜まったな
9:18	のしの	ぴえんの呪いかな
9:20	ターキー	収録期待
9:20	セガリオン	温泉行った？
9:20	うどんこねっと	リリクラききてー！
9:22	クラウン	りりくらってなんだ･･･？
9:22	K’ z	草
9:22	イド	りりくらってなんだ？
9:23	こあらん	充実してたならよかった
9:23	kaiei[かいえい]	りりくらで遊んだんかｗ
9:24	n pa	楽しそうなしぃしぃ見れてこちらも嬉しい
9:24	光	いいね
9:26	神戸しゃれ	りりくらって…
9:28	かんぱち	りりくらってなんだ…？
9:29	よし	りりくらで遊んでたんだ！
9:30	大福船長	あのアイドルグループの！？
9:30	とおのマン	りりくらってなんだ・・・？
9:31	カービィ	草
9:31	なはと。	チーム原神ないなった
9:32	民っち	1
9:32	うにあ	まじかｗｗ
9:32	ふくざわゆきち	草
9:32	Metallic	草
9:32	かおう_____ta	草
9:33	ぐだのすけ	草
9:34	なや	草
9:34	かわ3	すご
9:35	おにくnick	すげぇ
9:35	かそく	草
9:35	めたる王	バレてらw
9:36	わーるはいと	りりくらってなんだ・・・？
9:36	taketo RONA	怖いなｗ
9:36	ちなまる	草
9:36	ヒナガラス	りりくらってなんだ
9:37	リンタイラン	ひえ〜
9:38	凝固	探偵おるねぇ
9:38	うにあ	特定してたんかｗｗ
9:38	Sekitoセキト	こわw
9:38	ぽんずひら	今北けど、しぃしぃ立ち絵？
9:40	するとしようか、王の話を	りりくらのメンバーアプデについて何か言ってなかったんか
9:40	みやぴ	草
9:41	ねこわん	りりくらってなんだ？
9:41	kbf kbf	りりオタすげえな
9:41	pocky 2	そいつ何もんだよｗ
9:41	kaniko	りりくら…
9:42	めんとす	こわい
9:42	るたろー	草
9:42	うさみ	推理探偵おるな
9:43	Yuuki	特定こわｗ
9:43	あきとん	鷹宮もそのエピソード言ってたわ
9:43	抹茶抹茶	怖くて草
9:44	スロスタ	りりくら好き
9:44	ケンフー	リオンさんが遊ぶって言うと大体椎名絡んでる説
9:45	はいどれ	りりくらって何だ・・・？
9:45	kuririku k0606	好きなアニメなんですか？
9:46	ぐだのすけ	そうねｗ
9:46	sora	りりくらってなんだ？
9:46	ねびゅらねびねび・	なかなか気持ち悪いな
9:47	かんぱち	草
9:47	ろととと	草
9:47	kaiei[かいえい]	ようわかるなｗ
9:47	こまち	草
9:47	Dogs	草
9:47	Mine	草
9:48	もこもこありえす	草
9:48	ぜろぱか	草
9:49	ろろ	草
9:49	kbf kbf	もう飽きたんかい
9:50	桃野パピコ	課金したのにー
9:50	りそな	配信休んでるタイミング的にそうだろうと思ってた
9:50	dekarucha	りりくらってなんだ...？
9:50	ちなまる	せやで
9:50	ぽぽど	いっぱい遊べてえらい	￥2,440
9:50	ネムイ	草
9:51	かわ3	チーム脱退やな
9:51	アッシマー	草
9:52	ながねぎ	原神老いて枯れてるぞ
9:52	Rei_ S2	草
9:52	みなと	草
9:52	Erishun	強いな
9:52	ふくざわゆきち	原神飽きてそう
9:54	アカうぃん	草
9:54	かおう_____ta	置いてかれちまったな
9:54	村田ネギ	もうみんな上のランクに行っちまった…
9:55	がる	もう置いてきぼりやあ
9:55	ケンフー	椎名２週間くらいしてなくね
9:55	フナムシ	チーム原神から外されたか
9:56	くのっぷ	何千人もリスナーいれば1人は当てるわな
9:59	ゆの	他の3人がやりすぎてる説はある
9:59	光	草
10:01	もこもこありえす	あっ
10:01	ku rage	裏切られたな
10:01	エーピー	草
10:02	とみさたん	りりくらってなんだ・・・？
10:02	うにあ	シーか！
10:03	かおう_____ta	おー！！
10:03	ろろ	おお
10:04	かんぱち	ディズニーしぃ
10:05	まさなる	ディズニーしぃ！？
10:06	あるは/ Alfa uhi	出先だとなかなか原神できんよね
10:06	プリッツトッポ	ハブられてんな
10:06	たくみん	もう追い付けんで
10:06	みなと	いいねぇ
10:06	タコスミス	おおお！
10:06	すまんも	いいなー
10:07	野出晃司	こんばんは。
10:07	ふぉるす	しぃ！？
10:07	さくめる	おおー！
10:07	心刃	おー
10:08	グラスホッパー	ディズニーしぃしぃ！？
10:08	黎明卿新しきボンドルド	ディズニーしぃ！？
10:08	OSAMU 036	固まってて草
10:08	つめたいおひや	ディズニーしぃ！？
10:08	83ヘチマ	ディズニーしぃ！？
10:08	さちくろ	いいねえ
10:09	うにあ	いいねえ！
10:09	かおう_____ta	いいねー！！！
10:09	伊吹疾風	アプリが起動しなくなってる人、他にもいたな
10:10	もこもこありえす	ディズニーしぃ！？
10:10	カービィ	いいね～
10:10	Rei_ S2	いいね〜
10:10	大福船長	ディズニーしぃしぃ！？！？
10:10	Ei NAGOMI	りりくらディズニー！！
10:11	ぐだのすけ	ででにー行ったんか～
10:11	えびてん	ディズニーしぃ
10:11	coral mix	やばす
10:11	エーピー	ディズニー
10:11	yuyu sasa	充実してんねえ！！
10:11	かわ3	せっこ！
10:12	みやぴ	いいねぇ
10:12	ryu yan	ええなぁ
10:12	ジョンドウ	ミラコスタ！？
10:12	ぜろぱか	まぁりりくらメンバー、配信率高い面子だから揃って休んでると分かりやすいか
10:13	pocky 2	おー人どのくらいいた？
10:13	5869 jd8rd	おー！
10:13	リョコウバト	おお！
10:13	セガリオン	おおー
10:13	りそな	泊まりかよいいな
10:13	するとしようか、王の話を	めっちゃ遊び歩いてるやん
10:14	reno	めっちゃ遊んでるｗ
10:14	ひがしのそら	いいね
10:14	sora	たのしそうやなー！
10:14	うりす	めっちゃ満喫したな
10:14	Tuna Ayua	いいね！
10:15	アルラ	いいなぁ
10:15	kngkkk	ディズニーしぃしぃ！？
10:16	ターニングポイント	ディズニー漬けやん。楽しそう
10:16	DKYM	めっちゃディズニーするやん
10:16	村田ネギ	ディズニーお泊りかー
10:17	アライブ	おお！
10:17	ながねぎ	ええやん
10:17	幸せな都市の王様	ディズニーしぃ！？
10:18	ミネストローネ軍曹	でぃずにーしぃ！？
10:18	めんとす	りりむがディズニー行きたがってたな
10:19	t	シーシーか
10:19	アズキ8	フルやんけ
10:19	木目	まぁみんないっつも配信してる面子だしちょっとでも休み入ると推測しやすそうではある
10:20	れーん.	いいな！おかえり〜
10:20	きゃた	うらやま
10:20	神琴-MIKOTO-	遊んでんねぇ！
10:20	しょう	いいねぇ
10:20	ceeope lh2	ディズニーしぃ！？
10:20	めたる王	泊まったんかw
10:20	ムラサキ	いいね！
10:22	るたろー	たのしそう〜！
10:22	ダックスフント	ディズニー漬けや！
10:22	zaqro/ザクロ	
10:22	ku rage	新エリア行った？
10:23	taketo RONA	ディズニーしぃしぃ！？
10:24	うどんこねっと	ディズニーしぃしぃ！１
10:24	かざ	満喫してるねぇ
10:24	檻神	めちゃくちゃ遊んだねぇ！
10:24	5869 jd8rd	ディズニーしぃ！？
10:25	かずき	ディズニーしぃ！？
10:25	アッシュ	ディズニーええな
10:26	ヘムヘム	りりくらyoutubeで調べてもわからんかった
10:26	のっぺりミント	千葉の夢の国は楽しいねー
10:26	うにあ	ホテルええやん
10:27	ちなまる	泊まりやってるんだ
10:27	すまんも	新しいエリアできたね
10:27	ぷりっつPretz	またりおんさんといったんか
10:28	ヒナガラス	最近ディズニー行ってる人多いな
10:28	ぜろぱか	いいなぁ
10:29	みなと	ほう
10:31	なはと。	ディズニーいいですね！
10:31	suke tome	へー
10:31	光	ディズニーしぃしぃ！？
10:32	さくめる	うらやまー！
10:33	するとしようか、王の話を	高そう
10:34	たべっちかにっち	ぴぃぴぃ！？
10:36	n pa	セレ女もディズニー行ってたみたいね
10:36	心刃	へー
10:37	氷織	いいな！
10:37	ふわふわ	今日立ち絵？
10:37	pocky 2	大人は56されちゃうんだ
10:37	まきな	ピーパータン？
10:38	AMZON COM	JKか？
10:40	さちくろ	超たのしんでんじゃん
10:40	ぐだのすけ	うらやましい
10:41	アライブ	今空いてるの
10:41	かんぱち	相変わらずじゃんけんつよい
10:42	KeyKey	ディズニーで泊まったんか
10:42	するとしようか、王の話を	またジャンケン勝ってる
10:42	DKYM	ええなー
10:43	もんぬサマー	ピーパータン！？
10:43	大福船長	ぴぃぴぃ！？
10:43	凝固	やはり運がつよい
10:44	れーん.	さす運
10:44	彩玉	床か
10:45	ふくざわゆきち	草
10:45	ta in	go toか
10:45	もこもこありえす	うおぉディズニーリゾートええなぁ
10:45	川原太一	「椎名は置いてきた。正直、椎名はこれからの戦いに着いてこれない」
10:45	Ketaけた	ディズニーしぃ！？
10:46	かおう_____ta	草
10:47	カルマver&	へー
10:47	yuyu sasa	草
10:47	博多の塩	草
10:47	ねるね	草
10:47	うどんこねっと	草
10:47	ちなまる	草
10:47	狐かんな	ベッドジャンケン
10:48	うさみ	草
10:48	くのっぷ	草
10:48	みなと	草
10:48	しろくま	草
10:48	かそく	草
10:48	Tacosi	草
10:48	ぐだのすけ	草
10:48	こますけ	草
10:48	Yuuki	草
10:48	はくさん	草
10:48	kbf kbf	草
10:48	すまんも	草
10:48	アンミツ	草
10:48	桃野パピコ	草
10:48	5869 jd8rd	草
10:48	ダックスフント	てぇてぇ空間や
10:49	ろととと	いいね
10:49	カレーオムライス	草
10:49	タコスミス	草
10:49	桃花	草
10:50	すだち	草
10:50	ふぉるす	草
10:50	きゃた	草
10:50	ターニングポイント	草
10:51	桃園あい	ディズニーに泊まれば遅刻しない
10:51	coral mix	草
10:51	Tuna Ayua	草
10:52	ポスポメ	高宮は床(´・ω・`)
10:53	メトメット	草
10:54	おにくnick	草
10:54	ネムイ	草
10:54	ひがしのそら	草
10:55	がらなちゃん	草
10:55	るたろー	草
10:55	リンタイラン	草
10:55	みやぴ	草
10:56	はいどれ	簡易ベッドは可哀想過ぎる
10:56	ちゃあ・てぃ	お嬢様なのに
10:57	匿名	俺もディズニー行ってたんだけど
10:57	セガリオン	草
10:57	archer	お嬢様なのにｗｗ
10:57	まーぼー	ベッドジャンケンw
10:58	dekarucha	草
10:58	としまるVTube大好き	お嬢様なのにw
10:58	桃purée	お嬢様なのに
10:58	もこもこありえす	女子会してるな〜
10:58	もんぬサマー	お嬢様なのに…
10:59	神戸しゃれ	あみゃしぃ
11:00	ちなまる	差ありすぎ
11:00	ゆうた	草
11:01	玖似	草
11:01	kaiei[かいえい]	リオン様…ｗ
11:01	S Murakami	キミ今日なんか薄っぺらくない？
11:01	とあーるのらねこ	お嬢がw
11:02	S朱	草
11:02	Dogs	草
11:02	なかむしか	草
11:03	木目	よりによってｗ
11:03	しらたま	ランドホテルか
11:03	ジーク	お嬢を簡易ベットで寝かせる図
11:03	XH	お嬢様…
11:03	えびてん	お嬢なのに…
11:04	とみさたん	みんなディズニーいくやん
11:04	ceeope lh2	お嬢様なのにそれでええんか笑笑
11:05	ぐるぐる	草
11:05	83ヘチマ	かわいそうで草
11:06	洛水佑馬	草
11:07	Suzuya	まさか
11:07	するとしようか、王の話を	アレでだったんか
11:08	Yuuki	してたね
11:08	うにあ	そうなんか
11:09	ちゃんみあ	鷹宮
11:09	misty2452	いつもごっついベッドで寝てるからええやろ
11:09	PPP	ホテルが一番の思い出かい
11:09	スケルトン	それかよw
11:10	ぐだのすけ	草
11:10	ほくりん	みんな同じ部屋やったんかぁ
11:10	猫の足	えぇ・・・
11:10	フナムシ	草
11:10	黎明卿新しきボンドルド	草
11:11	ねこさん1号	草
11:11	さゆり〔・`ω・ ́〕	だいじょうぶかよｗ
11:11	川原太一	アホや
11:11	葛原かるま	いいな〜その空間
11:13	カレーオムライス	go to
11:13	かずき	それかw
11:14	うにあ	それでか
11:14	ふぉるす	えぇ…
11:14	村田ネギ	草
11:14	ケンフー	わかるかよｗ
11:14	かんぱち	いたい
11:14	めたる王	骨折じゃなかったやつかww
11:14	うさみ	あれがそうだったんだ
11:14	ダックスフント	折れたかもなやつ
11:15	ひがしのそら	そういうことかｗ
11:15	光	草
11:15	タコスミス	それのせいかｗ
11:15	かおう_____ta	まじかー
11:15	心刃	そういうことか
11:16	もこもこありえす	そういう事か
11:16	とろんべー	それでか………
11:16	凝固	草
11:16	six king	あらら
11:16	さちくろ	よるみ・・・
11:16	狐かんな	つらい
11:17	ノベ	はしゃぎすぎで草
11:18	プリッツトッポ	痛そう
11:18	Roukyu 0621	それか
11:18	とみさたん	アレがそうなんか
11:18	じゅうに	草
11:18	Rei_ S2	それでなんか
11:18	さくめる	かわいそう
11:18	ちなまる	折れてはないらしいけどね
11:18	つけ麺つけ麺僕つけ麺	あらら
11:19	リンタイラン	不憫；；
11:20	pocky 2	ホネ日々はいっちゃったり？
11:20	かもめ	草
11:22	ターキー	かわいそう
11:22	うりす	お嬢大丈夫か？
11:22	たべっちかにっち	草
11:23	まつまえ	それでか
11:24	sora	優しいお嬢様やな
11:24	みやぴ	かわいそうに
11:25	ぽたもげ	草
11:25	カイ	痛ぇあ～
11:25	RyuDe	そうやったんか
11:25	ニコフ	ただの怪我ｗ
11:26	あぬびす	来たら顔固まっとる
11:26	木目	そりゃ簡易は狭かろうにｗ
11:27	ねぎたま	そのせいかよ
11:29	チェリオー	悟らせないところがまさに夜見
11:29	taketo RONA	骨は大丈夫だったんだっけ
11:30	えっちあーる	そゆことか
11:31	こねこ倫理観	草
11:32	けんばく	ホント運悪いな
11:32	B. D.	1室なのか
11:34	kaiei[かいえい]	夜見そういうことなんかｗ
11:35	うどんこねっと	よゆみ…
11:36	カレーオムライス	一応折れてはないらしい
11:38	黎明卿新しきボンドルド	ぇあ〜（悲鳴）
11:38	するとしようか、王の話を	可哀想で草
11:38	Tacosi	いてぇあ～
11:38	sora	あれま
11:40	Yuuki	かわいそうｗ
11:40	ねびゅらねびねび・	ぇあ〜
11:40	かずき	草
11:42	うにあ	夜見なにがあったんや
11:43	あるは/ Alfa uhi	かるｗｗ
11:43	彼ピッピ	可哀想
11:44	tk tkr	大丈夫か?
11:45	カービィ	それが原因だったんかｗ
11:45	アンミツ	可愛い
11:45	カイ	痛ぇあ～
11:45	うりす	よゆみ。。。
11:46	n pa	お嬢様なのに。。。
11:46	まさなる	今の夜見か
11:47	ハチ#凛fam	骨折ではなかったって言ってたから一安心なんよ
11:47	coral mix	まあ折れてなかったようで何よりだ…
11:47	なや	そういうことだったのか
11:48	かそく	そんなあっけらかんと
11:48	彩玉	寝相わるいんか
11:49	manio _AKG	いてぇあ～
11:49	民っち	軽く言うのに実は大ごととは
11:50	ちなまる	ベッドにぶつけたんか
11:50	Suzuya	よゆみ～
11:50	Mine	よゆみ；；
11:51	まきな	足ぶつけたんですよねぇぁ～
11:52	hanamura yousuke	痛みを押してランド楽しんでたのか
11:52	生ビーム	そんな寝相悪いのかｗ
11:53	まさなる	いてぇあ〜草
11:53	牛タン将軍	夜見……
11:54	めんとす	サイコ故の気づかれないやつやん
11:54	ふぉるす	どんだけ強い力でｗ
11:54	ケンフー	小指でも折れてるかもよ
11:54	ta in	痛いんだよなぁ、そういうの
11:55	スケルトン	どんな勢いでぶつけたんだw
11:58	プリッツトッポ	草
11:58	B取る	骨折れてなくてラッキーのやつか
11:58	桃野パピコ	なかなかハードだったんか
11:59	akira	草
11:59	Gale ria	感情がないから
11:59	かんぱち	どんなぶつけ方したんや…
11:59	猫の足	草
11:59	動画視聴	こんばんは。ホラーコラボからの初コメです。
12:00	おにくnick	えぇ…
12:00	民っち	こっわ
12:00	カレーオムライス	夜見寝相悪いんか
12:00	凝固	草
12:00	ふくざわゆきち	草
12:01	archer	めっちゃ勢いよくあててるやん
12:01	ぐだのすけ	よるみ；；
12:01	Ei NAGOMI	よゆみ…
12:01	ceeope lh2	痛いぇあ〜
12:02	ちゃあ・てぃ	草
12:02	とみさたん	草
12:02	桃花	寝相悪すぎん？w
12:02	PPP	ガッツリ怪我してて草
12:03	さくめる	うわぁ
12:03	しょう	思っきりぶつけたのか
12:03	きりみんちゃん kirimin-chan	ええええ
12:03	t	ぇあ〜って痛がるんかな……
12:04	神戸しゃれ	それでレントゲンを
12:04	タコスミス	可愛そう；；
12:05	83ヘチマ	草
12:05	みなと	折れてなくてよかったなぁ
12:05	Roukyu 0621	いてぇ
12:06	つけ麺つけ麺僕つけ麺	やば
12:06	狐かんな	うわ
12:06	ケンフー	どんな力でぶつけたんだよ
12:06	きのみ	勢いよ
12:06	kiri	草
12:06	John Smith	草
12:07	氷織	えぇ
12:07	あかるる	痛覚もないサイコパスじゃん・・・
12:07	けるる	草
12:08	Metallic	草
12:08	ダックスフント	足をぶつけた(強打)
12:08	アズキ8	笑い事ちゃうわ
12:08	こまち	いたそ〜
12:09	mosh	後で腫れてきた感じか
12:09	アッシュ	やべぇ；；
12:09	sora	夜見大丈夫か
12:10	ちなまる	こっわ
12:10	さちくろ	赤城キャプテンのやつじゃん
12:10	カービィ	どんなぶつけ方したんだ…
12:11	いちいせい	やばい
12:11	S朱	草
12:12	なはと。	こわ
12:12	タカティン	はれるレベルｗｗ
12:13	はくさん	いてぇあ〜
12:13	村人exe	どんだけ
12:13	ぎるがめっしゅ	それで病院か
12:13	ねこわん	草
12:13	光	検査で折れてなかったってツイートしてたな
12:14	りそな	よゆみ・・・；；
12:14	青狸	それはヤバイわ
12:14	さくめる	よるみ
12:15	スロスタ	夜見つよくね
12:15	かずき	よゆみ；；
12:16	チェリオー	やべ
12:16	tamonization	どんだけだよｗ
12:16	dekarucha	ええ...
12:17	シスト / CISTE	草
12:17	Yuuki	それは痛いｗ
12:17	うにあ	骨折してなくてよかったな
12:18	ちくわぶ	いてぇあ～
12:18	Vtuber親衛隊	固まってね？
12:18	蓬莱来訪	草
12:18	かもめ	それ折れてんじゃ
12:18	らっきょ	どんなぶつけ方したんだ
12:19	Rei_ S2	寝相悪いんか？
12:20	kamitama	折れてたら歩けんよ
12:20	ふくざわゆきち	寝相ヤバすぎんか？
12:20	ku rage	夜見ぃ...
12:21	KeyKey	それで足の指の骨折れたことある
12:21	三門都南	🦍
12:21	のっぺりミント	ヒビいってるのかな？
12:22	83ヘチマ	寝相悪すぎ？
12:22	猫の足	よう歩けたなｗ
12:23	kiri	それでレントゲンかいｗ
12:23	niryuu	やばい
12:23	といろ	こわぁ
12:23	民っち	よくそれでアトラクション
12:24	taketo RONA	怖いわ
12:24	Erishun	いてえぁ〜
12:26	まと	やばあ・・・
12:26	hanamura yousuke	折れてなくてよかってぇぁ～
12:27	鬼頭亀次郎	ぇあ〜大丈夫ですよー！
12:27	シロイルカ	痛覚消失マジック
12:27	とおのマン	だから病院いってたんだな
12:28	うりす	心配やね
12:30	ほくりん	よく3つも乗れたなぁ
12:30	うにあ	それはマジでいたいやつや
12:30	ハチ#凛fam	夜見が弱いのかもしれない
12:31	山燕	無痛症の人間って、ほんと取り返しのない怪我をする
12:31	ニコフ	夜見...やはり不運
12:31	めな	そんなにかw
12:31	ぬい	ぇあ～（強キック）
12:32	Luore / ルオレ	ええ・・・
12:32	枢木まいと	足が腫れるほどベッドにぶつけるってどんな寝かたしたんや
12:32	BLUES ROCK	やばいねじゃないが
12:32	ユウスケ	ぇあ〜（強打）
12:33	ないむん	うわぁ
12:33	sora	寝相がってことなのかな？
12:34	kiri	寝相やばすぎる
12:35	ういろう	やばスギィ
12:36	さくめる	どんな勢いでぶつかったんや
12:36	かわ3	そのレベルはえぐい
12:37	six king	パワータイプだったか
12:37	reno	痛覚もなかったのか…
12:38	神琴-MIKOTO-	それはだいさんじよ
12:38	井ノ村誠	ぇあ〜
12:38	心刃	こわぁ
12:39	you	テーピング巻いて遊び続けたのか
12:40	yuyu sasa	夜見さんハサミで足切っても笑ってるからな
12:40	Dogs	骨折はしてなかったらしいね
12:40	chitosan	えぁ～
12:41	kaiei[かいえい]	夜見・・・？
12:41	reo sho	いてぃあ～
12:42	プリッツトッポ	痛覚消失マジック使ったんやろなぁ
12:42	botya ka	サイコだから感覚無くてな
12:44	はぐれメタル	歩けたんか？
12:45	coral mix	夜見近接に500ふってるから
12:45	pocky 2	消失させたらあかんでそれｗ
12:45	うさみ	カフェ行く余裕があったの…
12:46	川原太一	カフェ挟むの強すぎない？
12:47	みなみ	ぇあ～…
12:48	taketo RONA	根性じゃねーかｗ
12:48	ケンフー	そんなアトラクションで医務室しょっちゅう行くことある？
12:48	うにあ	我慢してたんやろうな
12:48	青狸	医務室で何か言われなかったの？
12:49	木目	そりゃレントゲンだって撮るわな…
12:49	凝固	※本日の椎名さんは動けません
12:49	かんぱち	サイコパスは自分の痛みにも鈍いのか…
12:49	リョコウバト	折れてなくてよかった
12:50	よういち	こわぇあ～
12:50	生ビーム	ただの感覚麻痺なんだよなｗ
12:51	まー。	ベッド大丈夫だった？
12:51	BLUES ROCK	凄いメンタル
12:52	くまちわ	えぁ～
12:53	アカリーヌ	いたそう
12:53	民っち	痛いの痛いの飛んでけぇぁ〜〜
12:54	ちなまる	痛覚は消失させるもんじゃない
12:54	狐かんな	夢の国だから痛覚もとぶよな
12:54	ぐだのすけ	草
12:55	R z	いいからテーピングだ！
12:55	かおう_____ta	草
12:55	かそく	草
12:55	うどんこねっと	いてぇあ～…
12:56	するとしようか、王の話を	痛くないよ、マジシャンだもん
12:56	苺あいす	お祓いしてあげて
12:56	雪ノ丞	カフェ挟むんかい
12:57	めたる王	ベッドのせいだ～
12:57	まきな	マジックただのやせ我慢で草
12:57	あぬびす	夜見は感情ないから
12:57	ダックスフント	夜見は血が青いから…
12:57	Mine	サイコすぎる
12:57	エーピー	草
12:57	オサ	ムカついてベッド蹴ったんかな
12:59	かわ3	ぇあ〜
12:59	Roukyu 0621	草
12:59	きりみんちゃん kirimin-chan	よゆみ...
13:00	おにくnick	強キャラすぎんか
13:00	カレーオムライス	こええ
13:00	山浦環	やはりサイコ
13:01	ターニングポイント	大変だ
13:02	かるちゃん	よゆみのこゆびがあおに
13:02	n pa	こんれーなーのしすぎちゃうんか
13:02	sora	スイッチ式で痛覚切れるのか
13:03	MiA	我慢してたかもやん
13:03	みやぴ	サイコは痛覚ないんか
13:03	うにあ	痛覚消失マジックはやばいんだよなあ
13:03	PPP	心配させまいとしたんや。知らんけど
13:03	氷織	我慢してたんやろなぁ
13:03	ジーク	夜見感覚ないんか
13:05	ろととと	こわ
13:05	けんばく	こわ
13:06	光	草
13:07	ふくざわゆきち	なにわろ
13:08	Rei_ S2	ぇあ〜
13:09	もこもこありえす	サイコ呼ばわりはあんまりで草
13:09	かずき	マジックすげぇ
13:09	スロスタ	腕吹っ飛んでも平気そう
13:09	めんとす	えぇ
13:10	まつまえ	つよすぎる
13:10	ソーセン	笑ってるのは草
13:11	ふぉるす	こわすぎるｗ
13:11	りょんりょん	サイコでも痛覚はあります
13:11	するとしようか、王の話を	笑ってるの怖い
13:12	桐生亘	それはサイコなのかｗ
13:12	dekarucha	まあサイコだから...
13:12	ラース不穏トリアー	つよ
13:12	きのみ	ぶつけたぇあ～
13:12	はいどれ	折れてなくてよかった
13:12	ねこわん	ぇあ～
13:13	kbf kbf	でも心では泣いてたんだよ
13:13	たくみん	笑うなw
13:14	榎だよ	草
13:14	えびてん	カフェ挟むの草
13:14	とみさたん	ぇあ〜
13:15	ガリレオ	こわい
13:16	taketo RONA	やばすぎんか夜見ｗ
13:17	うりす	みんなと遊ぶのに我慢してたんや、労れｗ
13:18	Tacosi	にじさんじの工藤優作
13:18	らんらん	わらうのか・・・・
13:20	ねるね	草
13:22	ひがしのそら	ほうｗ
13:22	藤田T	あおぃぇあ～
13:22	Ei NAGOMI	みゃ？？
13:22	はくさん	みゃ
13:23	ちなまる	そうなんか
13:23	ちくわぶ	草
13:23	おにくnick	みゃ！？
13:23	りそな	え
13:23	ハチ#凛fam	あまみゃが！？
13:23	yuyu sasa	みゃみゃ！？
13:23	青狸	それは病院いったほうがよかったのでは？
13:23	カービィ	ほう
13:23	ダックスフント	あまみゃ！？
13:24	めたる王	なんでw
13:24	ユウスケ	草
13:24	かるちゃん	えあ～は呪文だった？
13:25	けんばく	あままやばいのか
13:25	坂本卓也	凶キャラら？？
13:25	湿ったチワワァ	こわぇあ〜
13:25	凝固	お？
13:26	かわ3	あまみゃもサイコ？
13:27	伊吹疾風	ぇあ〜
13:27	taketo RONA	みゃ！？
13:27	Metallic	草
13:27	うにあ	あまみゃマジかｗｗ
13:28	ヘムヘム	いてぇぁ～草
13:28	DKYM	一番やばいのはお前や
13:28	リンタイラン	あまみゃ！？
13:28	botya ka	ボキィ！ぇぁー
13:28	めんとす	サイコだらけやん
13:29	さくめる	あまみゃ何したんや
13:30	t	オフのあみゃみゃ想像つかない
13:30	桃園あい	ヤバいやつ決定戦
13:31	luka melo	あみゃみゃはやばさあるな
13:31	かもめ	かわいい
13:31	あるは/ Alfa uhi	みゃ…
13:32	うどんこねっと	みゃ！？
13:32	民っち	あみゃぇぁ〜
13:32	Ketaけた	草
13:32	牛タン将軍	みゃ！？
13:32	さとまる	やばい奴らの集まりやんけ
13:33	伊吹疾風	みゃっ！？
13:33	神戸しゃれ	そうなの？
13:34	うりす	みゃ
13:34	カレーオムライス	みゃ！？
13:35	もこもこありえす	みゃ〜
13:35	みんし	席さんこんばんみ😙
13:35	みなみ	みゃ！？
13:35	reno	みゃ！？
13:36	プリッツトッポ	なにしたん？ｗ
13:36	のら	でもあまみゃ影のリーダーじゃない？
13:36	アッシュ	あまみゃ！？
13:37	83ヘチマ	モノホンのサイコ
13:37	ケンフー	ギャグに対して面白くないって言うよ
13:37	水木あやせ	みゃみゃっ！？
13:38	光	あみゃみゃ！？
13:39	ちゃあ・てぃ	かわいい
13:39	n pa	あミャミャ。。。
13:39	はぐれメタル	しっかりしてそうだけど
13:40	ぐだのすけ	出サ認
13:41	うにあ	あまみゃサイコ枠かよｗ
13:41	REF	あまみゃは本物
13:42	黎明卿新しきボンドルド	みゃあ〜（天然）
13:43	ななななすぃ	なんかさらに声がカスカスになってない？
13:43	ユニバァァァス	サイコ・・・・
13:43	Mine	あまみゃが？？
13:44	John Smith	ヤバいやつ論議
13:44	えっちあーる	あまみゃはガチ
13:45	taketo RONA	りりくらサイコしかいないじゃん
13:45	わっちゃん	草
13:45	つけ麺つけ麺僕つけ麺	サイコ集団じゃん
13:46	フナムシ	みゃ･･･
13:47	ぜろぱか	みゃ～
13:48	神戸しゃれ	夜見より！？
13:48	山燕	全員やべーやつ
13:50	うりょ	あみゃみゃ！？
13:50	ジーク	夜見を超えるサイコあまみゃ
13:50	カレーオムライス	みゃもサイコかよ
13:50	まさなる	みゃ！？
13:50	きのみ	サイコだらけ
13:51	カービィ	りりくらはサイコ集団だった…？
13:51	accelアクセル	草
13:51	Dogs	全員やばい定期
13:52	kbf kbf	サイコの最後
13:53	アカリーヌ	あみゃ！？
13:53	大福船長	悲報 りりくらの半数がサイコパス
13:53	川原太一	ホラーゲームでもサイコパスそんな出てこねぇぞ
13:54	もんぬサマー	みゃ…
13:55	ルキルキ	全員天然気質なとこある
13:57	kbf kbf	ありますた〜
13:57	ケンフー	ありますた
13:58	MiA	りりくら半分サイコじゃん
13:59	館橋水奈都	サイコ集団りりくら
13:59	山燕	全員どっかしらのネジが抜けている
14:00	うさみ	りりくらヤバイ奴率高くない？
14:04	ねこさん1号	草
14:04	ふかふかのひれ	！？
14:04	しゃけねこ	草
14:04	ケンフー	でっかｗ
14:05	Ketaけた	サイコ…
14:05	山浦環	草
14:05	ぐだのすけ	草
14:05	はくさん	草
14:05	めたる王	やばww
14:05	蓬莱来訪	草
14:05	のれん	草
14:05	Tacosi	あっぶな
14:06	するとしようか、王の話を	それはあかん
14:06	こねこ倫理観	草
14:06	かそく	！？
14:06	かおう_____ta	草
14:06	かもめ	草
14:06	りそな	草
14:06	こまち	えぇ
14:06	ソーセン	やっば
14:07	taketo RONA	あっぶねぇｗｗ
14:08	pocky 2	おいおい！！
14:09	ぜっトンインパルス	ヤバイヤバイ
14:09	ちゃあ・てぃ	えぇ
14:09	めんとす	えぇ
14:09	ただのねこ	えええ……
14:09	フイム	なんてものを忘れてるんだｗ
14:09	りんりん太子	えぇ…
14:09	うりょ	天然だよね
14:09	湿ったチワワァ	草
14:09	うにあ	ｗｗ
14:10	あるは/ Alfa uhi	みゃ……
14:10	ねるね	えぇ…
14:11	るたろー	草
14:11	かんぱち	でっかい忘れ物やな
14:12	ミチザネ	あぶね
14:12	Siori	あみゃ...
14:13	神琴-MIKOTO-	それはアカン
14:13	しょう	草
14:13	うにあ	でかいだろｗｗ
14:13	Yuuki	それはやばいｗ
14:14	n pa	それは草
14:15	Dizi	でかい忘れ物だな
14:15	生ビーム	やべえなｗｗ
14:15	カレーオムライス	リリクラの半分はサイコ
14:16	プリッツトッポ	草
14:16	ハチ#凛fam	あぶないあぶない
14:16	がらなちゃん	草
14:16	PPP	笹木よりやべーじゃん
14:17	dekarucha	それはサイコ
14:17	カービィ	よりによってｗ
14:18	kaiei[かいえい]	ipadwww
14:18	坂本卓也	でか、、、
14:18	彼ピッピ	ええ...
14:19	ろととと	草
14:20	さくめる	やば
14:22	セガリオン	あぶねぇ
14:22	洛水佑馬	割と致命的
14:23	リョコウバト	サイコ判定おかしくない？
14:23	光	草
14:24	うにあ	天然すぎるなｗ
14:25	のむのむ	やぱ痛いんだ
14:26	コテユ	草
14:27	シロイルカ	情報量が多いよ
14:27	かもめ	おばあちゃん
14:28	かるた3110	やば
14:31	ta in	忘れ物しまくるタイプの人か
14:32	hanamura yousuke	iPadはヤバイ
14:34	黎明卿新しきボンドルド	家で気づいたら大慌てだったやつ
14:35	sora	ほう
14:35	カレーオムライス	単純にアホなのでは？
14:38	ぐだのすけ	！？
14:39	しゃけねこ	草
14:39	みなと	やっば
14:39	みやぴ	草
14:39	さちくろ	！！？？
14:39	ねるね	草
14:39	おにくnick	えぇ…
14:39	かんぱち	草
14:39	こねこ倫理観	ええ！？
14:39	Ei NAGOMI	！？
14:39	Suzuya	草
14:40	エーピー	草
14:40	Luore / ルオレ	草
14:40	ちなまる	草
14:40	うりょ	！！？
14:40	めたる王	草
14:40	ぬい	草
14:40	t	嘘やろ？
14:40	ししゃ	草
14:40	kbf kbf	草
14:40	猫の足	えぇ・・・
14:40	ちくわぶ	草
14:41	かずき	草
14:41	きのみ	やばｗ
14:41	こまち	草
14:41	めんとす	は？？？？？
14:41	フイム	草
14:41	はくさん	草
14:41	ソーセン	草
14:41	archer	草
14:41	ラース不穏トリアー	草
14:42	葛原かるま	草
14:42	セガリオン	草
14:42	ながねぎ	えぇ…
14:43	あんのうさぎ	草
14:43	Erishun	草
14:43	田中門次郎	草
14:43	ひこわさ	草
14:44	S朱	草
14:44	焼きナス	草
14:44	ユウスケ	えぇ！？
14:45	K U	えぇ・・・？
14:45	神戸しゃれ	やば
14:45	むぎま	草
14:45	かもめ	！？
14:46	すだち	草
14:46	桃花	キャリーケース？w
14:46	ぼんじゅ	は？
14:47	しろたま	草
14:47	kbf kbf	そうはならんやろ
14:47	Dogs	やっば
14:47	洗濯テレビ	草
14:48	ぺぺろんちーの	やばい
14:49	えっちあーる	草
14:49	るたろー	！？
14:50	Foltes K	草
14:50	たみふる	草
14:50	なや	そうはならんやろ
14:50	コテユ	草
14:50	either 2	草
14:51	うにあ	あってたまるかよ！！！ｗ
14:51	hanamura yousuke	草
14:51	ｓａｋｉ	草
14:51	のむのむ	コントだろ
14:52	につきアメ	草
14:52	フナムシ	ええ････
14:53	めな	草
14:53	mog mog	ポンだらけで怖い
14:54	nep	草
14:54	とおのマン	草
14:54	ACACA	あるある
14:54	結城明日奈	天然すぎるだろ
14:54	てかみ	えぇ...
14:54	光	ええ？？
14:55	しぃ・カーニバル	草
14:55	松明calat	草
14:55	狐かんな	本体
14:55	ろととと	草
14:55	sayyoh	ばばあじゃねぇか
14:55	檻神	草
14:56	大福船長	サイコじゃなくアホなのでは？
14:57	さか	草
14:57	けんばく	草
14:57	ハコノクラゲ	みゃ…
14:58	ニョニョ	ちょっと分かる
14:59	さちくろ	みんなも気づいてあげて
14:59	まあライオン	大物や
14:59	83ヘチマ	それただの天然や
15:00	とみさたん	それはやばい
15:00	そのうち寂聴	草
15:00	秋鹿	やばすぎんよー
15:01	ルキルキ	えぇ...
15:01	山燕	無限ループ
15:01	木目	蒼のポンのであったか天宮…
15:01	either 2	一つもったら一つ忘れるやつやん
15:01	瓦斯灯	草
15:01	t	周りも誰か気付くレベル
15:01	まさなる	みゃ
15:02	B. D.	器がでかすぎる
15:02	ふくざわゆきち	草、りりくらで一番ヤバい奴決める配信して♡
15:02	りそな	なっとるやろがい
15:02	hanamura yousuke	おっちょこちょい
15:02	青狸	マジで天然でヤバイわ
15:02	洛水佑馬	まじでやばい
15:03	taketo RONA	なっとる！やろがい！
15:03	猫の足	嘘やん・・・
15:03	ねぎたま	サイコじゃなくてただの痴呆でしょ
15:03	アカリーヌ	やばい
15:03	うさみ	それはサイコというか別物じゃない？ｗ
15:04	田中門次郎	ランドセル置いて学校に行く小学生並み
15:04	WRyou_Italy	あみゃ・・・
15:04	黛ヒロユキ	なっとるやろがい！
15:04	ceeope lh2	隠れポンか！？
15:05	kamigataneguse	草
15:06	心刃	なっとるやろがい！
15:06	うにあ	なってるやろうが！！
15:07	Ren	え
15:07	MiA	キャリーは誰かしら気づくやろ
15:07	焼きナス	なっとるやろがい！
15:07	クリスタルボーイ	あれ？しぃしぃ動いてないけどどうしたん？もしかして緊張してる？
15:08	せーや	草
15:08	玖似	草
15:08	さくめる	天然すぎる
15:08	サヴァ	やばすぎるw
15:08	まくら	草
15:09	凝固	なっとるやろがい！！
15:09	するとしようか、王の話を	サイコとは違うだろ
15:09	sora	おばあちゃんやん
15:09	ねびゅらねびねび・	なっとるやろがい
15:09	かおう_____ta	草
15:09	Keys	大物じゃん
15:10	ほっぽ	気づいたれ
15:10	ネコォ	なっとるやろがい！
15:10	みなと	草
15:10	niryuu	あほみゃ…
15:10	桃園あい	iPadだけ持って歩いてたのか…
15:11	きのみ	あほみゃ～
15:11	bladeoff	コントかよ
15:11	PEACE YOU	あまみゃ；；
15:11	yuyu sasa	あほみやｗ
15:12	まーぼー	あまみゃ……
15:12	rosugi	大丈夫かりりくら
15:12	めんとす	怖すぎる
15:12	えびてん	アホ言うなｗ
15:12	イセシンダヨー	みゃ
15:13	reno	あほみゃｗ
15:14	ちくわぶ	あほみゃぁ
15:14	カレーオムライス	天然を超えてただのアホ
15:15	_ chami	草
15:15	もちピザ	あほみゃぁ・・・
15:15	フイム	なっとるやろがい！
15:15	misty2452	箱入り娘だから……
15:15	Rei_ S2	アホみゃ
15:15	taro yamada	こいつｗ
15:15	ぜろぱか	シンプルうっかりさん
15:16	朝の向日葵	レベルがちげえよｗ
15:16	みやぴ	まじの天然や
15:16	ふぁす。	ここにもポンが
15:16	ou k	青のポン爆誕
15:16	神戸しゃれ	あほみゃは草
15:17	まっちゃん	高度なギャグかもしれない
15:18	83ヘチマ	アホ宮はもう
15:19	村人exe	アホとサイコしかいないパーティー
15:20	NIR RM	野良猫と同じ匂いがする
15:20	セガリオン	大物だ
15:20	干されたスライム	ポン宮
15:20	しゅーやんだぬき	あほみゃぁ～
15:20	しろたま	天然ものは貴重
15:21	めたる王	アホの子や～
15:22	time13 inthattime	まわりも気づかないという
15:22	tamonization	また泣いてそう
15:22	かんぱち	サイコとアホと大福…
15:23	みなと	あほみゃ草
15:24	火無之爐 ひなしいろり	まわりも気付かんのかｗ
15:24	シロイルカ	青のポン見つかったな
15:25	伊吹疾風	あまみゃ
15:25	はくさん	iPad
15:25	ねるね	あほしかおらん
15:25	玖似	アホ宮とあほ宮
15:26	酒瓶	それはもう認知症レベルｗ
15:26	botya ka	サイコ呼ばわり草
15:27	うりす	また泣いてるファンアート描かれるなｗ
15:27	おはぎ	気づくのおっそ
15:28	ぐりどん	また漫画書かれる
15:28	こあらん	みゃ…
15:30	まーぼー	おもろw
15:30	kotaro ono	ランドセル忘れる小学生みたいなやつ
15:30	はぐれメタル	小学生並やな
15:30	うにあ	ウキウキだったんかｗ
15:30	カレーオムライス	誰か指摘してあげて
15:31	みっきぃ、	単にシングルタスクなだけじゃね
15:31	さちくろ	みゃ・・・！（ニコニコ）
15:32	イマガセ	りりくら、サイコとポンとアホと大福で構成されてるのか
15:33	獅子枝夕帆 -ししえだ ゆうほ-	周りも気づいてあげて
15:33	ちなまる	草
15:33	するとしようか、王の話を	楽しくて忘れちゃったんやろなあ
15:34	湿ったチワワァ	レベルが違うみゃ...
15:35	フェレお	しいなだー
15:36	猫の足	周りも気づけｗ
15:36	BLUES ROCK	ウキウキしてる場合じゃないｗ
15:36	セガリオン	かわいい
15:37	Difarc	帰り楽やったやろなぁ…
15:37	ういろう	解釈一致
15:38	カービィ	まわりも気づかんの草
15:39	Gale ria	サイコ天然バカクズ
15:39	すまんも	みんな気づかんかったの…
15:39	かそく	こわあ
15:39	ねこさん1号	誰も気づかないのである
15:39	hanamura yousuke	だれか気づきそうだけどなｗ
15:40	a b	顔の大福固まってるよ
15:40	DKYM	いいねー
15:41	ふぁす。	おほみゃ
15:41	さくめる	草
15:42	sora	むしろ他のみんなは気付かんかったのか
15:42	黛ヒロユキ	アホ宮は鷹宮か天宮かわからんくなるでよ
15:42	Erishun	泣いちゃった
15:42	O jack	お前らも気づいてやれよ
15:42	アカリーヌ	あまみゃが怖い
15:42	森りん無双	手ぶらで
15:43	ななしのごんべ	あぶねぇ
15:43	かるちゃん	みゃ？(記憶の抹消)
15:43	心刃	周りも気づかんの草
15:44	ふ	りりくらやばいな・・・
15:44	黙示録のびぃすと	宮の字はアホの証かも知れん
15:45	kaiei[かいえい]	また漫画書かれるぞこれｗ
15:45	taketo RONA	本ひまもやったのか…
15:45	t	ディズニーでそれって旅行行ったら死ぬんか？
15:46	うにあ	気づくのおせえよｗｗ
15:46	のら	みんなも気が付けよｗ
15:46	うりょ	誰も気づかなかったんか
15:47	リョコウバト	箱入り娘すぎたのか
15:47	Rei_ S2	青のポンだったか
15:47	Mine	ぎり 解釈どおりか・・・？
15:48	民っち	なんか帰り道身体軽いな〜って思ってたんかな
15:49	くさなぎ	サイコとアホとクズ
15:49	あるは/ Alfa uhi	なんで周りも気づかないのｗｗ
15:49	botya ka	サイコアホクズ銀行
15:49	PPP	周りもよく気づかなかったな
15:50	83ヘチマ	りりくらにアホ宮
15:50	かるた3110	ウキウキみゃ
15:50	ケンフー	誰も気づかんのもあれやない？
15:51	フェレお	顔固まってない？
15:51	ぺぺろんちーの	草
15:51	dekarucha	あみゃみゃ...
15:51	えんたんぐるりんこ	あほ宮サイコころ
15:52	pocky 2	まさか忘れてるとはねｗ
15:52	either 2	しぃしぃも気づかなかったの？
15:53	ぐだのすけ	草
15:53	Tacosi	草
15:53	coral mix	楽しかったんだよきっと、、
15:53	知らんがなエビワン	顔止まってる？
15:54	アマヤ	まあ周りも気付いておらんし・・・
15:55	葛原かるま	なんで歩いてて気づかんのや
15:55	ひがしのそら	草
15:56	yuyu sasa	あほみゃ？
15:57	プリッツトッポ	あほみゃ～ｗ
15:57	スケルトン	そう！誰も気づかないのである！
15:57	はぐれメタル	楽しかったんやろなぁ
15:58	カレーオムライス	しいしい以外アホなのでは
15:58	おにくnick	草
15:58	けんばく	誰か気づけよｗ
15:58	n pa	草すぎる
15:59	ソーセン	誰も気づかないのである
15:59	館橋水奈都	全員アホなのでは
15:59	こねこ倫理観	全
16:00	もんぬサマー	泣いてた？泣いてた？
16:00	のむのむ	全員やばいやん
16:01	木目	そりゃ当然あると思うわなｗ
16:02	やきささ	全員やべーだろそれ
16:02	といろ	全員やばいｗ
16:02	つけ麺つけ麺僕つけ麺	周りも気づかないのも相当やんけ
16:02	リョコウバト	みんなアホでは？
16:02	カービィ	もしかして全員アホでは…？
16:03	クリ	周りも周りで草
16:03	みなみ	誰も気づかないのである！
16:03	りょんりょん	あほみゃ～😭
16:03	K U	記憶消失マジックかな？
16:04	そのうち寂聴	どの段階で気付いたのか気になる
16:04	生ビーム	それもおかしいわｗ
16:05	伊吹疾風	誰も気づかないのもそれなりにやばい
16:05	青狸	どうやったらキャリーケース忘れるのかが気になるわ
16:05	チェリオー	キャリーは気付けよ
16:05	鬼頭亀次郎	みゃ〜〜〜〜
16:05	彼ピッピ	意外と
16:06	yamato *	そのグループ人間おる？？
16:07	kbf kbf	全員アホじゃん
16:07	かおう_____ta	草
16:07	きゃた	揃いも揃ってやな
16:07	黎明卿新しきボンドルド	逆にしぃしぃはなんかあった？
16:07	村田ネギ	全員ポン説
16:07	Tuna Ayua	まさか忘れるとは思わないしな
16:08	うりょ	かしこみや
16:08	!マイン	誰も気づいていないのである！
16:08	フェレお	顔固まってる
16:09	Nk Ryo	冷凍大福
16:09	taketo RONA	お嬢様だもん
16:11	ちゃあ・てぃ	さすお嬢
16:11	ちくわぶ	ママだしな
16:11	Tacosi	リオン様は意外としっかりしてる印象
16:13	ken miya	korega
16:13	mr nsk	わいもやったことあるわ
16:13	either 2	雨宮、鷹宮・・・・・
16:13	うにあ	リオンしっかりしてたんね
16:13	pocky 2	お嬢は旅行慣れしてるんだっけ？
16:13	sora	流石やったか
16:13	t i i t	意外と？
16:14	MiA	あまみゃはサイコだけど
16:14	するとしようか、王の話を	その中ならそうやろな
16:15	光	気づいてあげて
16:15	ぎるがめっしゅ	誰も気付かないのか・・・
16:16	XWG	（あみゃみゃ手ぶらじゃね…？）
16:16	吉田隼人	お嬢はぽんだけどしっかりはしてるからな
16:16	ダックスフント	冷凍しぃしぃやぞ
16:16	BLUES ROCK	今気づいたのね
16:16	t	止まってても椎名さんは椎名さんや
16:17	めたる王	椎名はしっかりしてんのか？w
16:17	ken miya	これがにじさんじ
16:17	ぐりどん	※見本です。って書いておこう
16:17	たべっちかにっち	草
16:18	archer	顔は筋肉痛です
16:18	鼻炎	しっかりしてるのハードルが下すぎひん
16:18	KeyKey	旅行慣れしてるよね
16:18	もち	いつもよりデカく見える
16:18	はくさん	ガビガビフォントきた？
16:19	auto fall.	サイコと小学生と簡易ベッドと大福のパーティはやばい
16:20	まっちゃん	遅刻しなかった？
16:21	しーとん	腹話術練習中
16:21	うどんこねっと	一週間で技術においてかれた
16:21	エミール.T	しぃしぃ！？
16:22	タカティン	とまってますｗ
16:22	かんぱち	顔 でかいです
16:23	山燕	ポンだけどまともなお嬢
16:23	かるちゃん	たかみゃ
16:24	ポポ	立ち絵でしょ？
16:24	もこもこありえす	何だかんだしっかりしてるわ
16:24	スロスタ	まぁまだ子供だから
16:25	ちゅみみん!!	お嬢そういうとこは頼りになるしな
16:26	神戸しゃれ	鷹宮が一番かぁ
16:26	木目	リオンさんは旅行慣れしてるだろうしな
16:26	きと	リオン様はまとも
16:26	フェレお	しいな好き
16:26	ぐだのすけ	草
16:26	あこまぐ	作り笑顔するな
16:26	やきささ	はようごかせ
16:27	manio _AKG	顔が…！
16:27	ぐりずりぃ	草
16:27	ふくざわゆきち	意外としっかりしてるリオン様
16:27	ゆうちょ	金縛りかな？
16:27	たくみん	顔だけか？
16:28	エミール.T	冷凍大福
16:28	Ketaけた	草
16:28	a b	冷凍大福は草
16:28	めな	表情筋硬直マジック
16:28	するとしようか、王の話を	とまってます！
16:29	うさみ	なんのメモなのｗ
16:30	アルマアルマ	止まるんじゃねぇぞ・・・・
16:30	うにあ	そこかよｗ
16:31	すまんも	それは見たらわかる
16:31	さとまる	顔でかいです
16:31	動画視聴	アホしかいnaiだろw
16:31	むぎま	シュールじゃね
16:33	リュー之助	草
16:34	ガリレオ	なんか草
16:34	n pa	ポンに囲まれるとお嬢は本気出すのかな
16:34	うみちゃん	見本です
16:35	Metallic	草
16:35	ふぉるす	テキスト
16:37	もんぬサマー	さり気なくて草
16:37	桃園あい	くそざこフォント
16:38	桃野パピコ	それいる？
16:38	ないむん	お嬢海外旅行行ったりしてるもんね
16:38	kaiei[かいえい]	リオン様はわりとちゃんとしてるよね…
16:40	ジーク	表情筋死んでます
16:40	彩玉	顔と待ってます
16:40	time13 inthattime	白くて草
16:40	雷門也	将棋の藤井さんもカバンごとよく忘れてたらしいし天宮は天才タイプかもですね
16:41	青雨氷	こんにちはー初見です
16:41	松ヶ崎タケシ	クズ、ポン、アホ、サイコ
16:41	けもー	でた安いテキスト
16:42	ぎるばーとぐれいぷ	いる？
16:42	ユードリックの互除法の使い手	顔大きいです！
16:43	kbf kbf	字みづら
16:44	アッシュ	知ってる
16:44	かるちゃん	まばたきしなよ
16:45	ちなまる	白見にく
16:45	ゆう	見難すぎて草
16:46	えびてん	顔と待ってます
16:46	ゆうた	時が止まってる
16:46	たこやきたいやき	顔でかいですも書いとかなきゃ
16:47	カレーオムライス	白文字見えなくね
16:48	めんとす	たすかる
16:49	DKYM	さすがやな
16:49	pocky 2	日程組んでくれたのね
16:50	さちくろ	デキる女やん
16:50	榎だよ	草
16:50	神琴-MIKOTO-	その旅行事件しか起こってねぇな
16:52	川原太一	1人だけ2Dに逆行しとるな
16:53	かんぱち	目立たないテキストで草
16:53	83ヘチマ	えらい
16:54	うどんこねっと	リオンさんとあまみゃいると楽やろなあ
16:54	するとしようか、王の話を	楽できたなあ
16:55	黎明卿新しきボンドルド	見えづらくない？w
16:55	かそく	頼りになる
16:57	Polka L.	顔でかいですよ
16:57	凝固	予定立てる人おるの助かるねぇ
16:58	うりょ	天才ですわ
17:00	ぐだのすけ	草
17:00	リョコウバト	文字うっすw
17:00	村田ネギ	鷹宮いいやつじゃん・・・
17:01	めたる王	次から誰かチェックしてやれw
17:01	くさなぎ	顔が重いからなあ
17:02	MiA	テキスト見にくくて草
17:02	2人綾鷹	鷹宮は旅行慣れしてる？
17:02	薄情	あてぃしぇあら
17:03	うにあ	天才タイプなんかな
17:03	ちくわぶ	草
17:04	そらこ	ぽんこつ
17:05	チェリオー	リオン様としぃしぃはちゃんとやってるいまじん
17:05	ケンフー	忘れるだけなんだよ
17:06	しょう	リオンさんは旅上手
17:06	taketo RONA	それはないｗ
17:06	sora	草
17:07	みなと	ポジティブすぎる
17:09	うどん	メンバー教えて
17:09	kamitama	たぶんただのポンです
17:09	カレーオムライス	いいとこと比べすぎ
17:09	パラ斎藤	草
17:10	川原太一	褒めて伸ばすタイプ！
17:10	EzioYuio	Static ShiiShii?
17:10	うりょ	時代が時代なら天下とってるわ
17:10	光	見えにくい
17:12	カービィ	そっか…？
17:13	リリーネ	こんばんはー！
17:13	ceeope lh2	AB
17:14	kbf kbf	りりむとどっちがヤバイ？
17:15	しゃけねこ	草
17:15	t	きついフォロー草
17:15	Metallic	草
17:16	ああ	やばい笑
17:16	おしむ	みゃ…
17:16	スケルトン	天宮こころ、藤井聡太説
17:17	うにあ	あまみゃには勝てんなｗｗ
17:18	するとしようか、王の話を	さすがにそこまでのは聞いたことない
17:18	ケンフー	椎名財布とられるのなくなった？
17:18	大福船長	アホと天才は紙一重だからね
17:18	ダックスフント	しぃしぃはまともなんや！
17:19	Tacosi	草
17:19	ぺぺろんちーの	せっかくフォローしたのにｗ
17:19	ふぉるす	大物やなｗ
17:19	さくめる	草
17:19	鼻炎	青のポン
17:19	a b	自覚あるんかいｗ
17:20	きのみ	上には上がいた
17:20	pocky 2	上には上がいたねｗ
17:20	田中門次郎	りりむとどっちがやばい？
17:20	PPP	共通点そこしかない
17:21	天宮 こころ / Amamya Ch.	？？？？？
17:21	しょう	上には上が
17:22	プリッツトッポ	フォローが苦しくて草
17:23	reno	良い方の解釈
17:23	eKa	草
17:25	青狸	上には上がいた
17:25	なるくん	上にも上がいるんだよなあ
17:25	山浦環	お嬢は海外旅行するぐらいだからな
17:25	エルナ	バカと天才は紙一重って言うもんな
17:26	kngkkk	上には上がね
17:26	めんとす	すげえやつだよ
17:27	はぐれメタル	天才とあれは紙一重って言うし
17:27	民っち	長嶋茂雄だって球場に息子忘れたことあるしな
17:27	ぐだのすけ	おお
17:28	ぜっトンインパルス	お嬢はしっかり者スイッチが入ったときは頼れるからな
17:28	のっぺりミント	頭がシングルタスク振り切ってるね
17:28	うさみ	手ぶらで違和感持ってないところがすごい
17:28	リョコウバト	次からは旅のしおり作らないとね
17:29	うどんこねっと	ツインテールじゃないのしぃしぃだけじゃん
17:29	てらま	たかみゃ
17:29	sora	上には上がおるんやな
17:29	伊吹疾風	あまみゃいて草
17:29	arenunkrs	とんでもねえ奴と同じ時代に生まれちまったもんだぜ
17:30	黎明卿新しきボンドルド	おお
17:31	リンタイラン	天才RP
17:31	t	？？？？？
17:32	ぐだのすけ	あまみゃｗ
17:32	おにくnick	あっ…
17:32	動画視聴	上には上がある
17:32	ukurai	みゃ・・・
17:32	かるちゃん	次のあまま配信楽しみですわ
17:33	かそく	あっ
17:33	かんぱち	草
17:33	ずんずん	あまみゃw
17:33	ちなまる	いるし
17:33	さちくろ	おるやんけ！
17:33	うりょ	あまみゃー
17:33	ほくりん	しぃしぃの周りヤバいやつばっかじゃない？
17:33	yuyu sasa	おるやんけ！？
17:33	kamitama	みゃ
17:33	館橋水奈都	あっサイコだ
17:34	猫の足	あまみゃｗ
17:34	心刃	へー
17:34	村田ネギ	あみゃみゃ！？
17:35	わーるはいと	草
17:35	きのみ	あ
17:35	ケンフー	やばいやついた
17:36	Rei_ S2	あまみゃ
17:36	きと	みゃ
17:36	DKYM	やべえ奴おる
17:37	えびてん	おるやんけ
17:37	カービィ	みゃ～
17:38	米粉	出た！
17:38	Metallic	草
17:38	ryu yan	あまみゃもよう見とる
17:38	生ビーム	草
17:39	はくさん	草
17:39	あるは/ Alfa uhi	みゃ・・・
17:39	タカティン	草
17:39	ゆうた	本人草
17:40	auto fall.	ひふみんも大福だししぃしぃも天才タイプ？
17:40	Ku	草
17:41	洛水佑馬	いるし
17:41	toki	草
17:42	Tuna Ayua	草
17:42	なや	草
17:42	ふりっつ	あ、やべーやつだ！
17:43	まさなる	みゃ
17:43	ぜろぱか	本人いて草
17:43	tamonization	みゃ～～
17:44	そのうち寂聴	本人登場
17:44	Mine	ヤバイやつ認定
17:44	RyuDe	草
17:44	カルマver&	あまみゃ
17:44	n pa	あみゃみゃ
17:44	ねるしー	草
17:44	さぶりみなる	みゃ…
17:44	ken miya	草
17:44	リンタイラン	やばいやつきたあああ
17:45	ねるね	はてなじゃないが
17:46	牛タン将軍	あまみゃ…
17:46	セガリオン	あみゃみゃ
17:46	かずよし	サイコ宮こころじゃん
17:46	みなみ	みゃ…
17:46	Ei NAGOMI	あまま～
17:46	うどんこねっと	みゃみゃ！？
17:46	Blue Whale	やはり…
17:46	りんりん太子	今までで一番は草
17:46	葛原かるま	おるな
17:47	たくとく	草
17:47	John Smith	あみゃみゃ
17:47	うりす	みゃ！
17:48	t i i t	？じゃないが
17:48	nibosi	おるやんｗ
17:48	さくめる	おるねぇ
17:48	B取る	あほみゃもよう見とる
17:48	ハチ#凛fam	自分の事棚に上げないでもろて
17:48	プリッツトッポ	草
17:48	taketo RONA	キャリーケース忘れた人おるやん
17:49	Anya Mira / アニャミライ	リオン様は海外旅行経験もあるし引率経験も豊富
17:50	カービィ	草
17:50	archer	草
17:50	アマヤ	草
17:50	ken miya	あほみゃおるやんｗｗ
17:50	しぃ・カーニバル	草
17:50	署名希望	草
17:50	Ketaけた	あまみゃ
17:51	coral mix	みゃ…
17:53	kiri	忘れすぎやろ…
17:53	ギルガメッシュ#凛fam	おまえが一番性格やべえよw
17:54	エーピー	笹
17:54	Difarc	あ、キャリーケース忘れた人！
17:54	kbf kbf	ヤバイやつ決定戦するか
17:54	Tacosi	ポンばっかで草
17:54	しゃけねこ	草
17:55	黎明卿新しきボンドルド	トイレに忘れたやつかw
17:55	ふぉるす	笹木はまぁｗ
17:55	かおう_____ta	忘れてることに気づけてるだけマシ
17:56	ミネストローネ軍曹	みゃ・・・・
17:56	ぼんじゅ	笹木しっかりしてそうななに
17:56	めたる王	まともなのおらんのか？w
17:56	taketo RONA	笹
17:56	sdkfz303	にじさんじなんだよなぁ
17:56	ケンフー	なんか言ってたな
17:57	きのみ	あほみゃ！
17:57	まつまえ	それ以上だったなぁ
17:58	suke tome	にじさんじ大丈夫か？
17:58	ドラピック	草
17:58	ソーセン	草
17:59	kaiei[かいえい]	おるやんけｗ
18:00	東北ノ虎柴浩さま	草
18:00	うさみ	笹木は財布忘れてたけどそれ以上だわｗ
18:00	ceeope lh2	類は友を呼ぶって言うしな
18:00	かるちゃん	飛び火草
18:01	ToMas	やべえやつしかいねえじゃねえか...
18:01	なーもー	スマホ忘れるとか本気か！？
18:01	kaniko	スマホ忘れは草
18:01	ryu yan	笹木やらかすんや
18:02	ガリレオ	笹木を越えたか
18:02	Anya Mira / アニャミライ	あみゃみゃー！？
18:02	酒瓶	こわいこわい
18:02	うにあ	あまみゃには誰も勝てんなｗｗ
18:02	ちゃあ・てぃ	忘れすぎやろ
18:02	れが	みゃみゃ
18:02	nibosi	みゃっ！？
18:02	ろととと	あまみゃ、、
18:03	うどんこねっと	iPhoneVSiPad
18:03	丸い長方形	AMAMA
18:04	すまんも	笹木財布も忘れてなかった？
18:05	ハコノクラゲ	上には上がいるんだなぁ
18:05	まーぼー	あまみゃw
18:05	83ヘチマ	ギャルズの時だっけ？
18:05	tks tks	みゃみゃ．．．
18:05	ぷりん#凛fam	しぃしぃおひさ〜！
18:06	もこもこありえす	周りに抜けてる人多いな
18:06	かわ3	藤井聡太レベルは勝てない
18:06	とおのマン	みんなアホアホじゃん
18:06	するとしようか、王の話を	「本物」見ちゃったな
18:06	yamato *	にじさんじアホなん？
18:06	アマヤ	ぽんにゃ！
18:06	アッシマー	草
18:07	ぽりめらーぜ!	やっぱ鷹宮とりりむだわ
18:07	ちゅみみん!!	勝てねぇよww
18:07	ふくざわゆきち	ヤバい奴多すぎで草
18:08	t	ライバーは社会で生きていくのつらそうな人多いな……
18:08	a b	しぃしぃがNo1
18:08	うりす	アプリのアプデ忘れてんだよなぁ
18:08	さくめる	なかなか超えるやつおらんわ
18:09	ぜろぱか	椎名さんの友達やばい忘れ物多すぎて草
18:10	archer	みんな何かしら忘れる
18:11	マリア	しいなさんが相対的にしっかり者
18:11	ダックスフント	忘れ物コラボくるか！？
18:12	ソーセン	あまみゃは絶対上履きで家に帰ったことがある
18:13	Yuuki	やべーやつ多いなw
18:14	haya n	笹木はまぁそんなもんやろ感ある
18:14	みなと	せやろか
18:15	プリッツトッポ	相対的に椎名さんがまともに見える
18:15	!マイン	とんでもねえ奴と同じ時代に生まれちまったもんだぜ
18:15	kbf kbf	ライバーのせいにするな
18:16	黒七星	お嬢のデバフかかった説
18:16	スバルキング	にじさんじやばいわ
18:17	Mine	ポン！
18:18	竜也	楽しすぎたんやろなあ
18:18	kaiei[かいえい]	たぶんこればらされると思ってなかったやつやぞｗ
18:18	めたる王	ライバーのせい！？
18:19	鼻炎	ライバー人生舐めガチ説検証しろ
18:19	K U	指さし確認ヨシ！
18:19	B 5	ポンでしたか〜
18:20	メトメット	青のポンかぁ…
18:21	かそく	えらい
18:21	pocky 2	財布とスマホも危ないね
18:22	めんとす	えらい
18:22	taketo RONA	ライバー一番気抜いちゃいけないのでは
18:23	DKYM	
18:23	たこやきたいやき	えらい
18:23	ジーク	ライバー関係ある？
18:23	BLUES ROCK	ライバーのせいにせんといて
18:24	はぐれメタル	にじさんじやべーやつしかいねぇな
18:24	ガリレオ	えらい
18:24	Expert west	ライバー関係なくない
18:24	Erishun	あまみゃ泣いちゃう
18:25	まあライオン	えらい
18:25	エルナ	またナタ先生に描かれるじゃん
18:25	なーもー	財布はともかくスマホはやばい
18:26	西アマネ	わかる
18:26	t i i t	えらい！
18:27	スロスタ	わかる
18:27	のむのむ	全てあままのシナリオ通りです
18:27	みなと	
18:27	ぐりどん	えらい！
18:28	もこもこありえす	こえー
18:28	はくさん	わかる
18:28	するとしようか、王の話を	スマホ無かったら死んじゃう
18:29	弾当てられない	にじさんじライバーは出掛けると物を置き忘れなきゃいけないしきたりでもあるの？
18:29	りそな	時計なくしてなかったっけ
18:29	まつまえ	えらい
18:30	わっとぅー	中毒か
18:30	ぐるぐる	えらい
18:30	桃園あい	昔よく無くす言ってたね
18:30	うさみ	確認
18:30	つけ麺つけ麺僕つけ麺	えらい
18:30	Tacosi	えらい
18:31	かおう_____ta	いいね
18:31	かんぱち	持たないのはえらい
18:31	ふぉるす	
18:31	ぐだのすけ	草
18:31	kbf kbf	でも
18:32	カービィ	財布とスマホはピンポイントに致命的で草
18:32	mida	財布、スマホ！はわかる
18:33	ねぎたま	それが普通よ
18:33	うどん	椎名は西成育ちっからな
18:33	さちくろ	まあそれだけあればなんとかなるしね
18:33	せーや	依存症
18:34	sora	えらいな
18:34	湿ったチワワァ	スマホと財布は命
18:34	生ビーム	まぁその方が偉いのは確か
18:35	ちなまる	草
18:35	M O	へぇー、
18:35	うにあ	荷物多かったんやな
18:35	arenunkrs	才能と引き換えに何かを失ったひとたち
18:36	ネムイ	確認できて
18:36	oct 8	しぃしぃなんで動いてないん
18:36	こますけ	わかる
18:37	ゆの	財布！スマホ！鍵！
18:37	ダックスフント	しぃしぃは高い時計忘れるやん
18:37	Dizi	多いやつはなぁ
18:37	アンミツ	女子か！
18:37	青狸	貴重品の確認は大事
18:38	pocky 2	多すぎてないことに気づかなかったのか
18:38	めたる王	多いのか！
18:39	みなと	あー荷物多い系か
18:39	ユードリックの互除法の使い手	多そう
18:39	ユウスケ	かわいい
18:39	しぃ・カーニバル	
18:39	光	えらい！
18:40	彼ピッピ	女の子してる
18:40	2D F	草
18:40	サキ	えらい！
18:41	ニョニョ	笹木
18:41	ソーセン	めっちゃ楽しみじゃん
18:42	AMZON COM	なんかかわいいなｗ
18:42	かずき	草
18:43	しょう	女子やなぁ
18:43	kaiei[かいえい]	そのタイプの人か…
18:44	てかみ	草
18:44	t	多そうなイメージある
18:44	蓬莱来訪	あーそういうタイプか
18:44	木目	へぇ
18:44	ずんずん	あまみゃ多そうだなぁ
18:45	DKYM	うきうきじゃん
18:45	大福船長	治安悪い場所で生活してるからな
18:45	凝固	女子の旅行カバンあるあるじゃん
18:46	Yuuki	荷物が多いタイプかｗ
18:46	黎明卿新しきボンドルド	次の為にここで注意しとこ
18:47	プリッツトッポ	気合い入ってんなｗ
18:47	ちぃと	守銭奴のスマホ依存症
18:47	牛タン将軍	でも時計は……
18:48	n pa	多そうなのなんか解釈一致
18:49	クロヤマ	しかし、時間は忘れると
18:49	Luore / ルオレ	草
18:49	まさなる	解釈一致
18:49	ふぉるす	しっかりしてるんだかしてないんだかｗ
18:50	みなみ	女性そんなもんやろ
18:50	ハコノクラゲ	うきうきで詰めたんやろなぁ
18:50	かおう_____ta	へー
18:51	めんとす	女子じゃん
18:51	ASAKA	草
18:52	あいさつ	ゴッサムは治安悪いからな
18:52	taketo RONA	それいる？ｗ
18:52	蓮華	
18:53	まくゆー	アニメじゃん
18:53	ユーリンチー	ゴッサム治安悪いしな
18:53	鼻炎	女子じゃん
18:53	さくめる	いっぱい持ってきとんや
18:54	シエたそ	しぃしぃが一番しっかり?
18:54	するとしようか、王の話を	修学旅行でボドゲ全部持ってって結局使わないやつ
18:54	ないむん	草
18:54	獅子枝夕帆 -ししえだ ゆうほ-	荷物多いのにキャリーケースは忘れるのか
18:55	おにくnick	なるほどね
18:55	セガリオン	へぇー
18:55	めたる王	しっかりしてるアホの子
18:55	こねこ倫理観	ウキウキ
18:55	うにあ	なるほどー
18:56	ケンフー	親に持たされてない？
18:56	そのうち寂聴	あまみゃはばんそうこう持ち歩いてそう
18:57	カービィ	遠足でウキウキしちゃう子じゃん
18:58	丸い長方形	ペットボトルをはさむやつ？
19:01	めなくじ	荷物多そうなのイメージピッタシ
19:03	Gale ria	用意し過ぎちゃうタイプか
19:03	タコスミス	遠足楽しみな女児じゃん
19:03	桃purée	うきうきだったんだよきっと
19:04	Ku	なるほど
19:04	nobu	あまみゃ女子じゃん
19:04	ふくざわゆきち	夜見はやっぱサイコ
19:04	うさみ	あまみゃもう部屋出る前に確認必要やなｗ
19:04	めな	流石サイコ
19:05	ユードリックの互除法の使い手	しぃしぃは？
19:05	桃花	でもキャリーケース忘れるんでしょ？w
19:05	タカティン	よくおとすｗｗ
19:06	ソーセン	夜見は少なそう
19:06	するとしようか、王の話を	おばあちゃんじゃん
19:06	かおう_____ta	草
19:06	リョコウバト	夜見さん解釈一致
19:06	Tomo Tomo	おつかれ三下。いま来た。顔止まってて草
19:06	kamitama	夜見少ないの解釈一致
19:07	こねこ倫理観	夜見荷物少なそ〜
19:07	さとまる	解釈一致
19:07	さちくろ	四次元なんちゃらにしまってそう
19:07	アンミツ	可愛い
19:08	カレーオムライス	西成育ちだから
19:08	かそく	荷物消失マジック
19:08	セガリオン	落とす草
19:08	かわ3	足怪我するしもの落とすし
19:09	つけ麺つけ麺僕つけ麺	夜見荷物少ないは解釈一致
19:09	suke tome	アホしかいねぇや！
19:09	うにあ	夜見は落とすタイプかｗ
19:11	はくさん	草
19:12	川原太一	ゴッサムシティだからか
19:12	黛ヒロユキ	椎名さんは盗む方やから
19:12	taketo RONA	持ち物消失マジック
19:12	reno	全てを準備して全てを忘れたのかｗ
19:12	!マイン	ぇあ〜
19:13	木目	夜見の荷物が少ないの解釈一致だわｗ
19:13	のっぺりミント	まあ、荷物多くても、キャリーケースは忘れんやろ
19:13	Tomoto K	椎名さん絶妙な顔で止まってて草
19:13	Rei_ S2	草
19:13	おしむ	ポンしかいねぇ…
19:13	凝固	夜見のドロップアイテム
19:13	心刃	それ視線誘導だぞ
19:14	kaniko	ペッドボトルを挟むやつ？？
19:14	ねこさん1号	草
19:15	館橋水奈都	よぅみ～
19:15	ASAKA	ドジっ子狙ってんのか
19:16	うりす	よゆみ身軽そう
19:16	ふぉるす	やべぇ奴しかいねぇｗ
19:16	さくめる	草
19:17	狐かんな	落としてたは草
19:17	ToMas	草
19:17	てかみ	草
19:17	めたる王	草
19:18	sora	草
19:18	さぶりみなる	落下マジックw
19:18	ねるね	草
19:18	ねぎたま	ぇあ〜
19:19	かるちゃん	えあ～
19:19	niryuu	草
19:19	わっとぅー	草
19:19	おにくnick	草
19:19	生ビーム	草
19:19	ukurai	流石サイコ
19:19	カービィ	草
19:20	黎明卿新しきボンドルド	あっ…
19:20	しゃけねこ	草
19:20	MiA	りりくら鷹宮以外不安になるわ
19:20	雪ノ丞	ぇあ〜
19:20	ターキー	やば
19:21	2D F	w
19:21	XH	やば
19:22	まつまえ	ぇあ～
19:22	かそく	噴水はやばくて草
19:22	ソーセン	草
19:22	ひがしのそら	草
19:23	Erishun	嘘だろ
19:23	まくゆー	アニメじゃん
19:24	鶴部織羽	草
19:24	misty2452	夜見はマジックで荷物隠してるから
19:24	かずよし	草
19:24	田中門次郎	草
19:25	カイ	ぇあ～
19:25	まーぼー	夜見はおっちょこちょいw
19:25	山燕	夜見はどこからでも出してきそう
19:25	Ei NAGOMI	ポンばっかだww
19:25	ひこわさ	草
19:26	リンタイラン	草
19:27	archer	草
19:27	さくめる	消失マジックしがち
19:28	!マイン	消失マジック
19:28	ceeope lh2	それなら尚更キャリーケースない事気付かないのやばくないか？
19:28	アッシュ	草
19:28	桃野パピコ	店員て
19:28	光	草
19:28	秦こころ	草
19:28	榎だよ	草
19:29	Rei_ S2	ポンじゃねーか
19:29	ぷりぷりプリン	草
19:29	kszk妖精-雪風-	かわいいｗ
19:30	t	夜見も多そう 椎名さん少なそう
19:30	kbf kbf	ぇあ〜
19:30	42 Biacco	荷物落下マジック
19:31	るたろー	草
19:31	Ketaけた	草
19:31	よういち	かわいい
19:31	わーるはいと	解釈一致ｗ
19:31	けるる	草
19:32	めたる王	ぇあ～
19:32	B取る	ぇあ〜
19:32	するとしようか、王の話を	店員さんに取ってもらうんか
19:32	めんとす	ドジっ子アピかぁ
19:33	うどん	とんでもねぇやつばっかりやんけ
19:34	Bell	人間アピール
19:34	kaiei[かいえい]	りりくら大丈夫か？
19:34	弾当てられない	やばいメンツしかいなくて草
19:35	マリア	ぇあー
19:35	ろーひろ	えぁ〜
19:35	hanamura yousuke	落としてぇぁ～
19:36	sora	やばいやつやな
19:36	taketo RONA	りりくらやばすぎん？
19:36	しろくま	効率厨だからな
19:36	春光雪	ぇあ～
19:36	ガリレオ	おとしたぇあ～
19:37	K U	引率の先生がいるレベル
19:38	rat hot	中！？
19:38	民っち	キャスト召喚マジックじゃん
19:39	あいさつ	え？もしかして椎名さんが一番マシなの？
19:39	モグ	ぇあ～
19:39	まー。	マジックしがち
19:39	署名希望	草
19:39	みなと	そんな事あるんか
19:40	n pa	草すぎる
19:40	蓮華	落下マジック
19:40	はくさん	タオル消失マジックじゃん
19:41	桃園あい	どじっ子アイドル要素出して来てるな
19:41	鼻炎	ポンしかいねぇ・・・
19:41	accelアクセル	草
19:41	えびてん	草
19:41	水上つらら	かわいい
19:41	Gale ria	夜見の本体はタオルだから
19:42	牛タン将軍	消失マジックかな？
19:42	井ノ村誠	ドジっ子マジシャン
19:42	ねこさん1号	サイコドジマジシャン
19:43	川原太一	映画のワンシーンじゃん
19:43	たくみん	そんなことある？w
19:43	うぃんごー	落としてぇあー
19:44	スロスタ	かわいいじゃん
19:44	sdkfz303	草
19:45	うさみ	リオンさんが一番しっかりしてるのマジで意外すぎる
19:45	ふみぽん	えぇ・・・
19:45	かるた3110	えぇ
19:45	しぃ・カーニバル	草
19:46	タカティン	なにおとしたんだよｗ
19:46	ダックスフント	池ポチャマジック
19:46	Yuuki	りりくらやばいやつ多くない？ｗ
19:46	もこもこありえす	草
19:46	Erishun	まじかよ
19:46	うりす	あそこ結構やぞｗ
19:46	ou k	やべーやつしかいねぇじゃん
19:46	カイ	バカばっか
19:46	東北ノ虎柴浩さま	笑死
19:47	餡ころ餅ゆっくりーむ	おはしいな～
19:47	nobu	なんでみんなそんなにドジっ子なん
19:47	するとしようか、王の話を	そんなとこにどうやって
19:47	かそく	器用で草
19:48	めるせです	えええ！？
19:48	kiri	ぇあ～
19:48	ASAKA	ガチでめんどくさくて草
19:49	さちくろ	やば
19:49	すまんも	川のとこ？
19:49	しゃけねこ	やば
19:51	s i	１日の濃さやべえーな
19:51	taketo RONA	サイコじゃん
19:51	村田ネギ	サイコじゃん
19:51	B. D.	なぜそんなところに
19:51	はぐれメタル	こわ
19:51	結城明日奈	サイコだ
19:52	ろととと	こわ
19:53	苺あいす	かわいい
19:53	Dogs	サイコパス
19:53	雪ノ丞	草
19:53	かもめ	かわいい
19:53	かおう_____ta	サイコだなｗ
19:54	かわ3	サイコだ
19:54	かんぱち	ぇあ～って笑うのか
19:54	りそな	サイコじゃん
19:54	ないむん	ぇあ～
19:55	洛水佑馬	草
19:55	ろーひろ	草
19:56	としまるVTube大好き	サイコパスだらけ
19:57	!マイン	ぇあ〜
19:57	ゆうた	サイコ、、、
19:58	セガリオン	ぇあ〜
19:58	ずんずん	やっぱ、リオン様が一番普通なんだな
19:58	RyuDe	やはりサイコ
19:58	きのみ	みんな外慣れしてないん
19:58	もこもこありえす	ぇあ〜！？
19:59	ケンフー	生えあ～聞けた？
19:59	ぺぺろんちーの	生ぇあ～
20:00	Gren tree m	Amazing Oppai O _ O
20:00	ガリレオ	やはりサイコパス
20:01	さくめる	草
20:01	コテユ	ぇあ～
20:01	n pa	ハンカチ消失マジック
20:01	Mine	こえー
20:02	ku rage	やばい人ばっかで草
20:02	みやぴ	サイコでてたかぁ
20:02	うにあ	リオンが一番しっかりしてるじゃねえかｗ
20:03	木目	わりとショッキングなやつじゃんそれｗ
20:03	ceeope lh2	感情一つしかないんかよ笑
