videoId,title,publishedAt
G9rHo-oWuF0,【minecraft】ヘルエスタ城下町の駅本気で完成させるぞ！(｀･ω･´)【椎名唯華/にじさんじ】,2020-10-25T13:09:32Z
NLrj10Gtavk,【APEX】２１時までにチャンピオンを取る！！！！【椎名唯華/にじさんじ】,2020-10-23T12:24:47Z
B4EZ0qzQGs0,【APEX】ソロっぺ(・ω・)ノ【椎名唯華/にじさんじ】,2020-10-22T13:30:13Z
sTu7e6qO41I,【人狼】雪山いつめん＋夜王国でガチ人狼！！ #椎名人狼   【椎名唯華/にじさんじ】,2020-10-21T13:29:03Z
Skf8LIx8wmE,【minecraft】ヘルエスタ城下町の駅完成させるぞ！(・ω・)ノ【椎名唯華/にじさんじ】,2020-10-20T16:32:10Z
tW5cEfECU3k,【minecraft】ヘルエスタ城下町の活性化(・ω・)ノ【椎名唯華/にじさんじ】,2020-10-19T16:26:37Z
bvzeW2c2G9A,【Among US】だいたいしゃべり方でわかってきた#にじ宇宙人狼【にじさんじ/椎名唯華】,2020-10-17T18:14:28Z
Mu6hg-eWz1o,【雑談】一週間お休みありがとう～！いっぱい遊んできた！【椎名唯華/にじさんじ】,2020-10-17T11:38:57Z
nVfpQxQUcso,【Human: Fall Flat】3vs3 クリアレース！！！！#月下の桜【にじさんじ/椎名唯華】,2020-10-06T13:38:21Z
wDoGOmz67NM,【Among US】全員ぶっ倒すう～♩#にじ宇宙人狼【にじさんじ/椎名唯華】,2020-10-05T14:43:51Z
AAN-4grS_Uk,【雑談】雑談したりマシュマロ返したりする～♩【椎名唯華/にじさんじ】,2020-10-04T15:10:00Z
VFNB7lBMqEA,【喧嘩凸】浪速の口喧嘩女王椎名唯華やあ！！！！！！！！【椎名唯華/にじさんじ】,2020-10-03T15:09:34Z
tymLdXoPPiI,【原神】４人でマルチするんだ～♩かなかな舞元リオン【椎名唯華/にじさんじ】,2020-10-02T18:41:20Z
yJJe0ZU32E8,【にじさんじ喧嘩凸】〇〇喧嘩凸！！！！！！！告知動画 10/3 23:00~ 【椎名唯華/にじさんじ】,2020-10-02T15:00:13Z
HuhhEYqfyuw,【APEX/ずしり】みんなで「Apex Legends」を楽しもう！in YouTube Gaming Week【椎名唯華/にじさんじ】,2020-10-02T14:22:04Z
PfFlWlsNq_Y,【APEX】ソロっぺ(・ω・)ノ【椎名唯華/にじさんじ】,2020-10-01T18:55:37Z
5A0a-1yDK6w,【原神】七七を引く！！！！！！！！！！！→まったりストーリー【椎名唯華/にじさんじ】,2020-10-01T14:09:10Z
vmB6380DQT8,【雑談】１０月度☆彡ゴリスナー総会　歌よかっただろ？( 一一)♪【椎名唯華/にじさんじ】,2020-10-01T11:11:40Z
WnTVsAtzm3w,【原神】４人でマルチするんだ～♩#りりくら【椎名唯華/にじさんじ】,2020-09-30T15:43:13Z
plB02urkugk,【原神】レベル１６までいってマルチするんだ！！！【椎名唯華/にじさんじ】,2020-09-29T18:59:57Z
6JuFYUV84to,【原神】最新作オープンワールドRPGを夜見とたのしむ♩【椎名唯華/にじさんじ】,2020-09-28T16:34:30Z
ZbToPqZ-KJs,【APEX】ダイヤモンドだ！！！！with夜見れなフランシスコ【椎名唯華/にじさんじ】,2020-09-28T09:23:13Z
jO505acvvkU,【minecraft】ヘルエスタ城下町まったり整地(・ω・)ノ【椎名唯華/にじさんじ】,2020-09-27T19:00:30Z
gVFYrap-RIk,【 クイズにじオネア】公式ライバーだしにじさんじのクイズ全問正解できる！！！【椎名唯華/にじさんじ】,2020-09-26T13:15:39Z
7g740H6t47c,【 PIEN-ぴえん-】なんか余裕だと思ってたら普通に怖そうだった。。。【椎名唯華/にじさんじ】,2020-09-25T15:36:04Z
06HiaTat_4Y,【APEX】目標はプラチナⅡだ！！！！with夜見れなフランシスコ【椎名唯華/にじさんじ】,2020-09-25T09:18:14Z
7FqfQ-3PorI,【DMMスクラッチ！】ChroNoiRコンプリートするぞ！！！（ついでに不破湊）（出来ればイブラヒムの直筆サイン色紙）【椎名唯華/にじさんじ】,2020-09-23T13:05:22Z
TxZhGeJPLso,【#さくゆい 】さくゆいライバーお悩み相談室☆彡【椎名唯華/にじさんじ】,2020-09-22T14:30:33Z
79Zex3FzI0k,【 幽霊列車 The Ghost Train】幽霊に勝つ！！！！！！！！！！【椎名唯華花畑チャイカ/にじさんじ】,2020-09-20T13:54:57Z
n3J6BxWjmM0,【 minecraft】ソロ夏祭り；；【椎名唯華/にじさんじ】,2020-09-19T12:50:13Z
rIGoPmfaqpw,【 日本をよく知らないナンシーが作った和風ホラーゲーム】クリアできるのか。。。【椎名唯華/にじさんじ】,2020-09-18T11:16:47Z
_6wgWCZOlsw,【カオスシーカー笹木】クリア目指すぞ～(*´〇`)♪【椎名唯華/にじさんじ】,2020-09-17T12:11:23Z
cz5JGOTNi9o,【APEX】ダイヤ目指す！！！！！with夜見れなフランシスコ【椎名唯華/にじさんじ】,2020-09-16T13:57:10Z
fiWkr8Wd3lo,【パワプロ2020栄冠ナイン】にじさんじ高校３年目秋いくぞ！！！⑥【椎名唯華/にじさんじ】,2020-09-15T16:11:45Z
4oHRFT22zLg,【雑談】はじめて霊能力者っぽいことした【椎名唯華/にじさんじ】,2020-09-14T15:08:47Z
vU71BNh5v-s,【APEX】30キル目指す！！！！！withアンジュ竜胆尊【椎名唯華/にじさんじ】,2020-09-09T19:29:13Z
boGZDWo4T-4,【APEX】#APEX部2434キルリレー　にじレジ株でおわらせる！リベンジ！！with夜見れな花畑チャイカ【椎名唯華/にじさんじ】,2020-09-08T16:05:04Z
MddPtzwdpDQ,【APEX】#APEX部2434キルリレー　ずしりでおわらせる！！！with魔界ノりりむ葛葉【椎名唯華/にじさんじ】,2020-09-06T20:20:54Z
wb4ajL6yaNE,【#しぃらじ】しぃしぃらじお第８回　ゲスト：金魚坂めいろ【椎名唯華/にじさんじ】,2020-09-06T15:20:05Z
6pI6JHE1dhE,【APEX】#APEX部2434キルリレー　にじレジ株でおわらせる！！！with夜見れな花畑チャイカ【椎名唯華/にじさんじ】,2020-09-05T15:46:08Z
9eso1eJDn8U,【FALLGUYS】１位とりたい！！！！！！【椎名唯華/にじさんじ】,2020-09-04T10:02:50Z
uN_9imXzWKg,【APEX】深夜のAPEX～ブラは最強説(・ω・)【椎名唯華/にじさんじ】,2020-09-03T18:52:38Z
i04LAx6TkOY,【雑談】９月度☆彡ゴリスナー総会　いろいろ忙しかったね～【椎名唯華/にじさんじ】,2020-09-02T11:04:45Z
BSQ2oH68Vsg,【にじさんじ甲子園】ライバーが打ったホームラン集 にじさんじ高校編【公式切り抜き】,2020-09-02T11:00:12Z
tvP9C5VFtbQ,【＃にじさんじ甲子園】にじさんじ甲子園エキシビションマッチ【椎名唯華/にじさんじ】,2020-08-30T14:21:52Z
7auzJiDvpZQ,【雑談】にじさんじ高校優勝だああああああ！！！【椎名唯華/にじさんじ】,2020-08-19T15:55:59Z
hosgcc5Ntqk,【にじさんじ甲子園】にじさんじ高校　監督インタビュー【椎名唯華】,2020-08-13T10:45:11Z
HmApwBMse_I,【#にじさんじ甲子園】にじさんじ高校３年目夏いくぞ！！！⑤椎名唯華/にじさんじ】,2020-08-08T23:44:37Z
6R2KSeMPP6w,【#にじさんじ甲子園】にじさんじ高校２年目秋いくぞ！！！④椎名唯華/にじさんじ】,2020-08-08T11:10:41Z
M2XaX6KdaFg,【#にじさんじ甲子園】にじさんじ高校２年目いくぞ！！！③椎名唯華/にじさんじ】,2020-08-07T18:16:53Z
OjHDrWAZm9c,【#にじさんじ甲子園】にじさんじ高校１年目いくぞ！！！②椎名唯華/にじさんじ】,2020-08-05T18:24:13Z
UTS6gAo5wNo,【#にじさんじ甲子園】にじさんじ高校１年目いくぞ！！！①【椎名唯華/にじさんじ】,2020-08-04T16:59:00Z
9_H7WwqkbY4,【APEX】#VTuber最協決定戦　優勝するぞおおおおおおwith夜見れな現よみ【椎名唯華/にじさんじ】,2020-08-02T13:31:40Z
firkF1XkTmw,【APEX】#VTuber最協決定戦　事前カスタムwith夜見れな現よみ【椎名唯華/にじさんじ】,2020-07-30T14:58:00Z
_FPsVdLe4UQ,【APEX】②プラチナ目指す！レヴ最強説(・ω・)【椎名唯華/にじさんじ】,2020-07-21T02:59:40Z
GQJiwv_IOpM,【APEX】朝までにプラチナ目指す！ガスおじ最強説(・ω・)【椎名唯華/にじさんじ】,2020-07-21T02:04:13Z
2Ouklz1cvmQ,【にじさんじARK】５人ならボス戦いけるはず！！！(・ω・)【椎名唯華/にじさんじ】,2020-07-19T14:08:54Z
Toe6KsBnvD4,【APEX】プラチナ帯で生きてゆく(-_-メ)with夜見れな現よみ【椎名唯華/にじさんじ】,2020-07-14T17:27:20Z
LTTBLhkmYKU,【APEX】０時までにプラチナ目指す！ますてぃふ最強説(・ω・)【椎名唯華/にじさんじ】,2020-07-14T15:46:15Z
3IBCoUPj9VU,【APEX】プラチナ目指す！カービン最強説(・ω・)【椎名唯華/にじさんじ】,2020-07-13T21:35:43Z
LBnP0psqMbk,【APEX】プラチナを目指す！ますてぃふ当たれば１００ダメ(・ω・)【椎名唯華/にじさんじ】,2020-07-10T12:11:33Z
zj47Z_ormvQ,【雑談】最近いろいろ外にでてたよ～(・ω・)ノ【椎名唯華/にじさんじ】,2020-07-10T09:09:20Z
66P7OcZPSRM,【ParanormalHK】ホラーゲームでびっくりしたら激辛焼きそば食べる！最終章with剣持刀也【椎名唯華/にじさんじ】,2020-07-06T16:14:34Z
6eKWzOAHdjQ,【splatoon2】スプラトゥーンガチでプラべするぞ再び#にじさんじガチプラべ【椎名唯華/にじさんじ】,2020-07-05T13:42:39Z
0muLcNQaSPA,【APEX】プラチナを目指す！ますてぃふ当たれば１００ダメ(・ω・)【椎名唯華/にじさんじ】,2020-07-04T09:50:59Z
iKFUmp0jAjg,【APEX】とりあえずプラチナを目指す！ゴールド帯どんな感じだ？(・ω・)【椎名唯華/にじさんじ】,2020-07-03T09:33:14Z
Iw_IizeX9IU,【APEX】プラチナを目指す！今シーズンプラチナ抜けたいなあ(・ω・)【椎名唯華/にじさんじ】,2020-07-01T17:55:57Z
IdRD2RKcJEg,【APEX】プラチナ３を目指す！シーズン最後の挑戦！(・ω・)【椎名唯華/にじさんじ】,2020-06-30T12:40:33Z
9BFDAxdLLtM,【APEX】プラチナ４８００から抜け出したい！朝練！！！(・ω・)【椎名唯華/にじさんじ】,2020-06-29T11:48:32Z
Ypwgy-LzYWE,【APEX】3人でチャンピオンとりたい！リベンジ！ 【椎名唯華/にじさんじ】,2020-06-27T20:22:47Z
NbSsY41Dc5I,【Missing Children | 行方不明】今日こそ見つけてやるからな！！！【椎名唯華/にじさんじ】,2020-06-27T12:13:51Z
na6EvprC6tI,【世界のアソビ大全51】負けたら自腹スクラッチ世界の賭け１０本勝負。。(-_-メ)【椎名唯華/にじさんじ】,2020-06-26T15:29:52Z
3434SoYAskI,【APEX】プラチナ４８００から抜け出したい！朝練！！！(・ω・)【椎名唯華/にじさんじ】,2020-06-26T06:06:00Z
7ItlCyBpNf8,【ポケットモンスターソード】ポケモン剣盾 鎧の孤島やるぞ～(-ω-)③【椎名唯華/にじさんじ】,2020-06-25T10:12:56Z
ChadqZ16pAE,【APEX】プラチナ４８００から抜け出したい！修行！！！(・ω・)【椎名唯華/にじさんじ】,2020-06-25T09:00:52Z
eNqyhx7IjTc,【ParanormalHK】ホラーゲームでびっくりしたら激辛焼きそば食べる！with剣持刀也【椎名唯華/にじさんじ】,2020-06-24T15:15:27Z
WXOaf15PKsU,【APEX】ガチャ回しまくるぞおおおお！！！ミラージュいいね！！(・ω・)【椎名唯華/にじさんじ】,2020-06-24T02:58:17Z
8eh2pE5htR0,【ポケットモンスターソード】ポケモン剣盾 鎧の孤島やるぞ～(-ω-)②【椎名唯華/にじさんじ】,2020-06-23T12:01:53Z
61bEhbtKocI,【FPS人狼】Deceit（ディシート）やるぞーFPSの人狼ゲーム再び#月下の桜 【椎名唯華/にじさんじ】,2020-06-22T15:32:42Z
9uVFbJg6im8,【ポケットモンスターソード】ポケモン剣盾 鎧の孤島やるぞ～(-ω-)①【椎名唯華/にじさんじ】,2020-06-22T12:25:41Z
D8XoQQ6qLds,【ミガカミカガミ】ホラーゲームをクリアしたい(-_-メ)with夜見れな【椎名唯華/にじさんじ】,2020-06-21T14:53:20Z
qQ_w-azBdzU,【世界のアソビ大全51】脳トレ出来る。【椎名唯華/にじさんじ】,2020-06-21T05:30:06Z
eiuk4MTbOHY,【世界のアソビ大全51】本気でやるしかねえ！！！！【椎名唯華/にじさんじ】,2020-06-20T04:49:15Z
ubhraDNHMh0,【世界のアソビ大全51】本気だすんじゃねえぞ。【椎名唯華/にじさんじ】,2020-06-19T17:19:35Z
rAeKEyPdpjA,【ProjectWinter】exゲーマーズで雪山人狼(・ω・)ノ　#EXゲーマーズ【椎名唯華/にじさんじ】,2020-06-17T13:25:48Z
MF6s-KkkZX0,【APEX】プラチナでキルポ稼ごう！ランクいく(・ω・)ノ【椎名唯華/にじさんじ】,2020-06-15T14:15:32Z
0yj-XZhkZYI,【APEX】プラチナで修行旅！ランクいく(・ω・)ノ【椎名唯華/にじさんじ】,2020-06-14T16:46:52Z
a71OPfpzH7A,【APEX】プラチナになるまでランク(・ω・)ノ【椎名唯華/にじさんじ】,2020-06-13T16:41:56Z
EdIUhhBhq5U,【APEX】プラチナに近づきたいランク(・ω・)ノ【椎名唯華/にじさんじ】,2020-06-11T14:51:18Z
lQ093EvKQHw,【APEX】プラチナになるランク(・ω・)ノ【椎名唯華/にじさんじ】,2020-06-10T00:30:58Z
0Wk_AZhxPsE,【APEX】３対３！チャンピオンとったほうが勝ち！！！！【椎名唯華/にじさんじ】,2020-06-09T13:23:03Z
RvICHF3d5fM,【APEX】４６００目指す！プラチナに近づきたいランク(・ω・)ノ【椎名唯華/にじさんじ】,2020-06-08T14:31:41Z
e0bOjmHYKco,【まんが一本道〆】まんがかくぞ～【椎名唯華/にじさんじ】,2020-06-06T15:52:44Z
ykNF6-TBs-w,【あつまれどうぶつの森】あつ森のいろんな島観光したい(*&#39;▽&#39;)！【椎名唯華/にじさんじ】,2020-06-05T15:09:44Z
ePIT6VKQpgA,【APEX】プラチナに近づきたいランク(・ω・)ノ【椎名唯華/にじさんじ】,2020-06-05T12:03:18Z
gLvBPzJIPkA,【APEX】なんかみんな強い！ランク(・ω・)ノ【椎名唯華/にじさんじ】,2020-06-04T11:54:44Z
7KaP9MgUDQE,【Switch/FF7】⑮本当に本当の本当なる最終回【椎名唯華/にじさんじ】,2020-06-03T14:26:41Z
RXtEwBzpVZQ,【VALORANT】バロラント紅白戦(-_-メ)カスタムマッチ【椎名唯華/にじさんじ】,2020-06-02T11:25:22Z
Cd4R51lIS08,【VALORANT】ソロ～１５時コラボ(-ω-)/【椎名唯華/にじさんじ】,2020-06-02T08:52:04Z
AYFTu1v8cU0,【VALORANT】ばろらんとやるぞ～(-ω-)/【椎名唯華/にじさんじ】,2020-06-02T02:49:10Z
aB6LKuo3Cso,【Switch/FF7】⑭セフィロスって本当に悪い人なのかな；；【椎名唯華/にじさんじ】,2020-06-01T13:39:42Z
5g8o0MrgIdg,【APEX】なんかみんな強い！ランク(・ω・)ノ【椎名唯華/にじさんじ】,2020-06-01T08:15:47Z
0-2Mh96LU1s,【Switch/FF7】⑬クラウドってかわいそうな人なんだ。。【椎名唯華/にじさんじ】,2020-05-29T07:54:35Z
jN5I6irrV8M,【Switch/FF7】⑫あれ？？主人公どこいった？？【椎名唯華/にじさんじ】,2020-05-27T08:08:42Z
7eTg9QEgxpY,【APEX】失うポイントなくなりしランク(・ω・)ノ【椎名唯華/にじさんじ】,2020-05-27T02:39:13Z
oZVAMIpnORo,【APEX】３人でチャンピオンとるぞ！！！with魔界ノりりむ笹木咲【椎名唯華/にじさんじ】,2020-05-26T15:08:14Z
P1xEtrNnXxo,【APEX】失うポイントなくなりしランク(・ω・)ノ【椎名唯華/にじさんじ】,2020-05-26T07:24:17Z
46R3_sBeTJI,【APEX】ゴールドなるまでランクマッチ！！with夜見れな【椎名唯華/にじさんじ】,2020-05-25T19:13:43Z
P51f2bD49Wc,【Switch/FF7】⑪ソルジャーってめっちゃ強いじゃん；；【椎名唯華/にじさんじ】,2020-05-25T13:04:41Z
bmK9zCDvWiQ,【APEX】チーズもっちかたてにランク(・ω・)ノ【椎名唯華/にじさんじ】,2020-05-25T01:02:27Z
z-txKGUVLxM,【APEX】カフェラテかたてにランク(・ω・)渋谷ハジメ先輩と！【椎名唯華/にじさんじ】,2020-05-24T03:26:47Z
5ktBv_Cd6pQ,【Switch/FF7】⑩ヤマスキーって名前じゃなくてよかった！【椎名唯華/にじさんじ】,2020-05-23T07:10:53Z
OFqY88aS4wg,【APEX】たまごサンドかたてにランク(・ω・)ノ【椎名唯華/にじさんじ】,2020-05-23T03:04:45Z
LwNoCdyuzg0,【APEX】アンジュとあぺ(・ω・)ノ【椎名唯華/にじさんじ】,2020-05-22T17:29:03Z
09-zwpTuTkw,【Switch/FF7】⑨俺の女がやられただと？！！興味あるな。【椎名唯華/にじさんじ】,2020-05-22T12:09:50Z
e5Xr3A_daa8,【APEX】朝練ゴールドで修行なり(・ω・)ノ【椎名唯華/にじさんじ】,2020-05-22T02:51:44Z
Z5p9C5HCqjo,【Switch/FF7】⑧そろそろ確信に迫ってきているな【椎名唯華/にじさんじ】,2020-05-21T15:10:06Z
m2lii77AJm4,【ARK: Survival Evolved 】マグマ洞窟探検隊！リベンジ！！！！with花畑チャイカ夜見れな【椎名唯華/にじさんじ】,2020-05-20T18:21:27Z
R8MvQjUXh_E,【APEX】タピオカのみながらゴールドで修行なり(・ω・)ノ【椎名唯華/にじさんじ】,2020-05-20T01:48:46Z
WRGghJfh2To,【60 Parsecs!】６０秒サバイバル！宇宙から脱出せよ！！【椎名唯華/にじさんじ】,2020-05-19T18:59:10Z
6sqO9cVtYvA,【APEX】ゴールドで修行なり(・ω・)ノ【椎名唯華/にじさんじ】,2020-05-19T02:14:26Z
Nqs2Uug3J1o,【APEX】ゴールドなるまでランクマッチ！！with夜見れな【椎名唯華/にじさんじ】,2020-05-18T18:28:44Z
r-d0xTxM0wY,【Switch/FF7】⑦セフィロスって旅行してるだけじゃないかな【椎名唯華/にじさんじ】,2020-05-18T12:46:21Z
wNx00k-qg50,【APEX】シルバーからゴールドへの道(・ω・)ノ【椎名唯華/にじさんじ】,2020-05-18T02:15:53Z
MFol5lGJ2HA,【APEX】ソロ→コラボつよつよな味方とチャンピオン取りまくろーぜ！withはつめ現よみ【椎名唯華/にじさんじ】,2020-05-17T17:07:59Z
nlGjGKW0glM,【ミガカミカガミ】２Dホラー2人なら出来る気がする(｀･ω･´)【椎名唯華/にじさんじ】,2020-05-17T12:14:41Z
SgdBQPRPw9s,【APEX】シルバーからゴールドへの道(・ω・)ノ【椎名唯華/にじさんじ】,2020-05-16T20:02:36Z
rUxloKCdJw8,【ミガカミカガミ】２Dホラーなら出来る気がする。。(;´･ω･)【椎名唯華/にじさんじ】,2020-05-16T15:49:03Z
aUVJApuWcOE,【Switch/FF7】⑤RPGの人たち自分に厳しすぎない？【椎名唯華/にじさんじ】,2020-05-16T14:32:14Z
u2vPdeoXQ-k,【APEX】ブロンズからシルバーへの道(・ω・)ノ【椎名唯華/にじさんじ】,2020-05-15T18:25:20Z
-3KiHDyg4FA,【Switch/FF7】④なんか南の島きたけどなにすんの。。【椎名唯華/にじさんじ】,2020-05-15T13:23:24Z
2c8fl5piYlo,【APEX】ブロンズからシルバーへの道(・ω・)ノ【椎名唯華/にじさんじ】,2020-05-14T17:48:49Z
Xo0gqY_KtSQ,【もじぴったんアンコール】寝起きでもすげえから！言葉のあれまじでやべえから！！【椎名唯華/にじさんじ】,2020-05-14T14:13:22Z
U89ZXpnY2pw,【APEX】足引っ張っても許される空間with周防パトラ夜見れな【椎名唯華/にじさんじ】,2020-05-13T15:54:53Z
G9POYeBQPKQ,【APEX】にじレジ株でFPS？！！！with花畑チャイカ夜見れな【椎名唯華/にじさんじ】,2020-05-12T18:51:51Z
AKvbty25FN0,【Switch/FF7】④手がかりもないままうろちょろします。【椎名唯華/にじさんじ】,2020-05-12T13:43:47Z
SJa0JUuOCRE,【APEX】３人ちゃんぽんとりたい！！！！with叶笹木咲【椎名唯華/にじさんじ】,2020-05-11T16:37:11Z
WFmbkCqNATc,【Switch/FF7】③悪い研究を止めるぞ！！！【椎名唯華/にじさんじ】,2020-05-11T13:26:57Z
YyBcmzYbtBY,【APEX】ソロ→コラボ！一番とるぞ～～with日ノ隈らん一ノ瀬うるは【椎名唯華/にじさんじ】,2020-05-10T18:24:18Z
TjAKS4DmU70,【Switch/FF7】②なんか大人の街に到着しました【椎名唯華/にじさんじ】,2020-05-10T12:35:05Z
RRTmiV1Z2aM,【Switch/FF7】①FF7の原点をやってみる【椎名唯華/にじさんじ】,2020-05-09T15:45:29Z
LXC3VjxOPmk,【ARK: Survival Evolved】新しい洞窟探検隊！with花畑チャイカ夜見れな【椎名唯華/にじさんじ】,2020-05-08T19:32:11Z
kbE6hXgAUJE,【APEX】１番が欲しいんだ！！！withロボ子現よみ【椎名唯華/にじさんじ】,2020-05-08T13:40:18Z
AuFQLav9zMc,【ARK: Survival Evolved】謎解き砂漠の洞窟探検隊！with花畑チャイカ夜見れな【椎名唯華/にじさんじ】,2020-05-04T21:12:40Z
BD82cCDDRuQ,【ARK: Survival Evolved】砂漠の洞窟探検隊！with花畑チャイカ夜見れな【椎名唯華/にじさんじ】,2020-05-03T12:51:00Z
fCUriu2DOJk,【ARK: Survival Evolved】深海探検隊！with花畑チャイカ夜見れな【椎名唯華/にじさんじ】,2020-05-01T12:47:05Z
AwwA0cgHFvQ,【the escapist2】３人で脱獄するぞ。。(-_-メ)with花畑チャイカ夜見れな【椎名唯華/にじさんじ】,2020-04-30T13:11:24Z
eIyVuQythQQ,【スプラトゥーン２】にじさんじスプラ部プライベートマッチ！【椎名唯華/にじさんじ】,2020-04-26T14:20:04Z
CfaIPz0p7kA,【ARK: Survival Evolved】海行って素材集め～（●＾o＾●）with花畑チャイカ夜見れな【椎名唯華/にじさんじ】,2020-04-24T19:21:57Z
BRIIfZyKaPM,【ARK: Survival Evolved】危険洞窟を攻略せよwith花畑チャイカ夜見れな【椎名唯華/にじさんじ】,2020-04-23T18:25:04Z
vFq7pitVVF8,【ARK: Survival Evolved】洞窟を攻略せよwith花畑チャイカ夜見れな【椎名唯華/にじさんじ】,2020-04-21T17:20:53Z
lW5buDXrnxw,【ARK: Survival Evolved】ワイバーンの卵GETせよwith花畑チャイカ夜見れな【椎名唯華/にじさんじ】,2020-04-19T17:48:39Z
d6joMqzj610,【ARK: Survival Evolved】新マップ探検隊！！with花畑チャイカ夜見れな【椎名唯華/にじさんじ】,2020-04-18T16:28:07Z
BrRgUj-Axo8,【生配信】誕生日だあああああああああ！！！【椎名唯華/にじさんじ】,2020-04-17T16:34:27Z
Iitf9-WKp28,【夜勤事件】ニートが働いてみた。with花畑チャイカママ【椎名唯華/にじさんじ】,2020-04-16T14:51:33Z
XmZQynk8xTg,【夜勤事件】ニートが働いてみた。【椎名唯華/にじさんじ】,2020-04-15T17:30:17Z
PpBbVlkio7Y,【Secret Neighbor】また裏切り者いる？！人狼鬼ごっこやる！【椎名唯華/にじさんじ】,2020-04-08T14:35:49Z
eAC6OTiFBiQ,【Life is Strange 2】⑤選択肢アドベンチャーゲーム！切ない兄弟の物語(´；ω；`)【椎名唯華/にじさんじ】,2020-04-03T15:14:21Z
TkNsRTYWUk8,【Project Winter】雪山人狼やるぞー！！#V女子雪山【椎名唯華/にじさんじ】,2020-04-03T12:15:16Z
-BOy9GJEyIQ,【Life is Strange 2】④⑤選択肢アドベンチャーゲーム！切ない兄弟の物語(´；ω；`)【椎名唯華/にじさんじ】,2020-04-02T13:32:01Z
sKPCn3AfIBg,【生配信】４月度ゴリスナー総会☆彡ちょっとしか報告があります！【椎名唯華/にじさんじ】,2020-04-02T10:28:57Z
BIhWN6CZfAc,【あつまれどうぶつの森】アンジュと釣り！はじめての北半球(・ω・)ノ【椎名唯華/にじさんじ】,2020-04-01T17:47:45Z
TgK0qeyQdWw,【Life is Strange 2】③選択肢アドベンチャーゲーム！切ない兄弟の物語(´；ω；`)【椎名唯華/にじさんじ】,2020-04-01T10:32:46Z
dscxHW37X00,【Life is Strange 2】②選択肢アドベンチャーゲーム！切ない兄弟の物語(´；ω；`)【椎名唯華/にじさんじ】,2020-03-31T13:58:32Z
XLp7mEuyfGE,【Life is Strange 2]】①選択肢アドベンチャーゲーム！切ない兄弟の物語(´；ω；`)【椎名唯華/にじさんじ】,2020-03-30T14:01:08Z
gDNvy3XuZyA,【あつまれどうぶつの森】３日目　博物館とスーパーできてるかな？(・ω・)ノ【椎名唯華/にじさんじ】,2020-03-30T07:49:44Z
TdaNyVxlq2A,【あつまれどうぶつの森】２日目　かわいい住人と暮らすぞ～(・ω・)ノ【椎名唯華/にじさんじ】,2020-03-28T15:45:36Z
8EAzSVyCbHk,【スプラトゥーン２】スプラ甲子園オンライン甲子園大会！！！19時～【椎名唯華/にじさんじ】,2020-03-28T12:57:51Z
eum10CIm6Y4,【あつまれどうぶつの森】１日目　あつ森満喫するぞ～(・ω・)ノ【椎名唯華/にじさんじ】,2020-03-27T22:22:38Z
qWY5YcpindA,【スプラトゥーン２】スプラ甲子園前練習！！リーグマッチ！！！！【椎名唯華/にじさんじ】,2020-03-25T12:14:32Z
S85AzTzWL5E,【ARK: Survival Evolved】つよつよ恐竜レックスをGETせよ！with花畑チャイカ【椎名唯華/にじさんじ】,2020-03-18T15:46:37Z
RKWw73pfiDg,【スプラトゥーン２】4人で練習！リーグマッチ！！！！【椎名唯華/にじさんじ】,2020-03-18T10:46:08Z
aXxHpgzXU3o,【ポケモン不思議のダンジョン 救助隊DX】#7最終章　はじめてのダンジョン！クリア目指してがんばるぞ～(・ω・)【椎名唯華/にじさんじ】,2020-03-17T10:23:30Z
oKvSrmOBVfI,【生配信】復活の新衣装配信！！！！！！！！！【椎名唯華/にじさんじ】,2020-03-16T16:34:03Z
-YO7OqoUr_U,【FPS人狼】Deceit（ディシート）やるぞーFPSの人狼ゲーム！#月下の桜 【椎名唯華/にじさんじ】,2020-03-16T15:25:14Z
xpwDvvI_BuM,【ARK: Survival Evolved】夜見トライブ大集合！(・ω・)集合は２１時だ【椎名唯華/にじさんじ】,2020-03-08T13:41:31Z
ZPjeBfKe53c,【ポケモン不思議のダンジョン 救助隊DX】#5はじめてのダンジョン！クリア目指してがんばるぞ～(・ω・)【椎名唯華/にじさんじ】,2020-03-08T09:55:21Z
J2SVKZTYkE4,【ARK: Survival Evolved】最強の恐竜をGETせよ！ボス直前前準備！with花畑チャイカ【椎名唯華/にじさんじ】,2020-03-07T14:01:45Z
6cerpnWmw8s,【ポケモン不思議のダンジョン 救助隊DX】#4はじめてのダンジョン！クリア目指してがんばるぞ～(・ω・)【椎名唯華/にじさんじ】,2020-03-07T09:27:30Z
CQNzO-lzV7s,【ポケモン不思議のダンジョン 救助隊DX】#3はじめてのダンジョン！クリア目指してがんばるぞ～(・ω・)【椎名唯華/にじさんじ】,2020-03-06T18:29:02Z
UupNyudeiW8,【ARK: Survival Evolved】マグマ洞窟探検隊！(・ω・)with 夜見れな　花畑チャイカ【椎名唯華/にじさんじ】,2020-03-06T14:15:46Z
96lhOUmt0UY,【ポケモン不思議のダンジョン 救助隊DX】#2はじめてのダンジョン！クリア目指してがんばるぞ～(・ω・)【椎名唯華/にじさんじ】,2020-03-06T12:14:03Z
sxidDwaVdDM,【ポケモン不思議のダンジョン 救助隊DX】はじめてのダンジョン！クリア目指してがんばるぞ～(・ω・)【椎名唯華/にじさんじ】,2020-03-05T19:13:46Z
psRvzMhnXfg,【ARK: Survival Evolved】ウルフをGETせよ！３つ目の洞窟探検準備！with花畑チャイカ【椎名唯華/にじさんじ】,2020-03-05T13:39:32Z
huOEiYmtEaQ,【60seconds!】選択肢サバイバルゲーム！６０秒で家族を救う！【椎名唯華/にじさんじ】,2020-03-04T16:41:05Z
gLnoD1kUbcs,【ARK: Survival Evolved】洞窟探検２つ目！！with花畑チャイカ【椎名唯華/にじさんじ】,2020-03-04T13:20:38Z
IF4_q-FU8Is,【マリオカート８DX】優勝目指すぜ～～～～～！！！ #月下の桜 【椎名唯華/にじさんじ】,2020-03-03T14:43:28Z
1lYOiaqQo-c,【ARK: Survival Evolved】洞窟探検の準備せよ！with花畑チャイカ【椎名唯華/にじさんじ】,2020-03-03T12:44:46Z
JFQYFdFzves,【ARK: Survival Evolved】強い恐竜を求めて。さらなる高みへ。with花畑チャイカ【椎名唯華/にじさんじ】,2020-03-02T15:48:28Z
6XNqYQOCXHs,【スプラトゥーン２】Kチーム☆大会本番！がんばるぞ！#白いカラス  【椎名唯華/にじさんじ】,2020-02-29T12:27:10Z
J6fqihm8vfY,【スプラトゥーン２】4人で練習！リーグマッチ！！！！【椎名唯華/にじさんじ】,2020-02-28T21:51:43Z
CGt4g26KfE4,【スプラトゥーン２】Kチーム練習会☆顔がいい。１時から対抗練習！【椎名唯華/にじさんじ】,2020-02-28T18:52:41Z
wRRbN6Izfms,【スプラトゥーン２】カルタちゃんと２人でリーグマッチ！つよくなる！【椎名唯華/にじさんじ】,2020-02-28T17:00:40Z
BtoXD9PNa7U,【生配信】zepp名古屋 Shout in the Rainbow！ライブ感想会　#SitR名古屋　【椎名唯華/にじさんじ】,2020-02-28T10:36:14Z
RwhJ1EXyaM0,【同時視聴】zepp難波　Shout in the Rainbow！みんなで応援しよう！【椎名唯華/にじさんじ】,2020-02-21T13:02:30Z
Qzic5SwMBpw,【minecraft】整地してレッドクリフ作るぞ～～～～【にじさんじ/椎名唯華】,2020-02-20T17:22:28Z
_cF_3NLwN1c,【ARK: Survival Evolved】かなかなと洞窟探検準備(・ω・)ノ小型恐竜いるかな～【椎名唯華/にじさんじ】,2020-02-14T21:53:02Z
UUvJ0hhnxL4,【お試しメンバー限定】オムライスお料理配信！【にじさんじ/椎名唯華】,2020-02-14T09:25:26Z
0umKtCF7Lmw,【ARK: Survival Evolved】みんなで巨大海上拠点作り！みんなの共有ハウスだ(・ω・)ノ【椎名唯華/にじさんじ】,2020-02-13T17:12:30Z
VPLHiFTJV6o,【Overcooked/ずしり】ずしり屋、キッチンアルバイトはじめます【にじさんじ/椎名唯華】,2020-02-10T16:02:31Z
hj45sMTs_vw,【ARK: Survival Evolved】家族を守る；；ペットの石の家作ろう；；【椎名唯華/にじさんじ】,2020-02-10T12:41:07Z
tRcx37v4H38,【ARK: Survival Evolved】恐竜の世界でサバイバル生活！with 夜見れな【椎名唯華/にじさんじ】,2020-02-08T10:41:26Z
0SETOgDAuMk,【minecraft】街の構想を練るぞ、、、とりあえず整地から(-_-メ)【にじさんじ/椎名唯華】,2020-02-06T11:45:05Z
wbgV8XNpGtA,【スプラトゥーン２】朝までガチマッチやる！！【椎名唯華/にじさんじ】,2020-02-05T22:36:00Z
l8gFZiiNmXM,【スプラトゥーン２】にじさんじ８人プラべ！４対４対戦だあああああ！！！【椎名唯華/にじさんじ】,2020-02-05T15:39:20Z
a7zr1SU3QFE,【スプラトゥーン２】ガチマッチやる！！わかばシューターが一番だわ【椎名唯華/にじさんじ】,2020-02-05T14:17:04Z
t6Yq3h2Iydo,【生配信】２月度ゴリスナー総会☆彡スプラ【椎名唯華/にじさんじ】,2020-02-04T00:19:46Z
WyBJQnDpGrM,【minecraft】にじ鯖観光案内人(-_-メ)【にじさんじ/椎名唯華】,2020-02-03T14:08:16Z
_iHhD5QFhcY,【minecraft】まったり雑談しながらマイクラ(・ω・)ノ【にじさんじ/椎名唯華】,2020-01-31T16:43:08Z
0hryco2ly9E,【パワプロ2018】パワフェスクリアまで寝ない耐久配信(;・∀・)！！！③【にじさんじ/椎名唯華】,2020-01-30T00:42:53Z
YWcPGISeSFQ,【SEKIRO/隻狼】がんばらないセキロ。パート２【にじさんじ/椎名唯華】,2020-01-22T16:52:21Z
L49vb00zEE8,【SEKIRO/隻狼】がんばらないセキロ。まったりクリア目指します【にじさんじ/椎名唯華】,2020-01-21T16:05:50Z
rr6bHOI5rXY,【minecraft】ネコおおおお～(=^・・^=)いないか～～～【にじさんじ/椎名唯華】,2020-01-18T16:10:01Z
NkIrE2Tm-3Y,【生配信】君たちの気持ち！！！受け止める！！！！（マシュマロ返す）【椎名唯華/にじさんじ】,2020-01-16T17:37:53Z
IRYYpB6aQAk,【minecraft】自分の家完成まで寝ないから(-ω-)【にじさんじ/椎名唯華】,2020-01-15T17:56:43Z
Eu3H3_f6DBI,【minecraft】学校の課題：USJを作る事　#いのこり組【にじさんじ/椎名唯華】,2020-01-13T18:45:15Z
H4SH1nLmQE8,【暇らじお】どうしてもすることがなかった時にするらじおです。【にじさんじ/椎名唯華】,2020-01-11T13:54:10Z
ohFMECB6Avg,【トレバ】UFOキャッチャーで豪遊じゃあああ！！！！！！【にじさんじ/椎名唯華】,2020-01-11T11:35:34Z
Gkbfo1L9ztM,【minecraft】あそんだこと雑談＆まったりマイクラ(・ω・)ノ【にじさんじ/椎名唯華】,2020-01-10T17:45:55Z
L5CuWdXFNSw,【生配信】スクラッチ削って大当たり狙うぜっっっ！！！！！！！【椎名唯華/にじさんじ】,2020-01-10T14:38:27Z
dItiNT38WT4,【minecraft】みんなで地球儀作りinにじさんじサーバー関西(-_-メ)！【にじさんじ/椎名唯華】,2020-01-08T12:32:05Z
DPCnthkEFyU,【minecraft】はじめての拠点作り！！！目指せモンハンギルド基地！！！【にじさんじ/椎名唯華】,2020-01-07T20:29:05Z
3LqadehbkVk,【#しーらじ】 第4回　　しーらじ＆しぃらじ お正月巫女SP 　ゲスト：本間ひまわり【にじさんじ/椎名唯華】,2020-01-07T15:32:23Z
nO1Za7RFYn4,【minecraft】新年１発目のダイヤモンド堀り！大量GETを狙う(｀･ω･´)！【にじさんじ/椎名唯華】,2020-01-06T19:33:05Z
QDv9iqPuTGk,【Decay: The Mare】福袋で当たった謎のホラーゲームやってみる(◎_◎;)【にじさんじ/椎名唯華】,2020-01-06T14:38:56Z
pk8kMUfTbF4,【 #神岡家 】神岡家の気まぐれにゃじお #7【椎名唯華と猫又おかゆ】,2020-01-03T15:41:42Z
svhQxqoVUR4,【生配信】スクラッチ買えなかった腹いせにsteamの冬セールで豪遊雑談！！！【椎名唯華/にじさんじ】,2020-01-02T08:23:23Z
-wgFMt4S4vE,【vs天開司】新春ゲーム三本勝負！負けたらスクラッチ買えよてんかいじ！！【にじさんじ/椎名唯華】,2020-01-01T14:37:21Z
LWI4HYajxQM,【生配信】新年度ゴリスナー総会☆彡あけましておめでとうございます！【椎名唯華/にじさんじ】,2020-01-01T11:01:52Z
YdNM4N6a0Qg,【# にじレジ】にじさんじライバーに勝手に大賞あげちゃうぜ★【椎名唯華/にじさんじ】,2019-12-31T14:39:43Z
n0jW1BoU0w0,【マリオカート8DX】決勝進出なるか。。。#マリカにじさんじ杯【にじさんじ/椎名唯華】,2019-12-28T10:55:08Z
_aIAly1bmeY,【マリオカート8DX】誰がいるかわからない！にじさんじ杯大会前練習会【にじさんじ/椎名唯華】,2019-12-27T18:40:36Z
K_F3u-Qt5xk,【マリオカート8DX】CD予選突破組！にじさんじ杯大会前練習会【にじさんじ/椎名唯華】,2019-12-27T15:12:42Z
BHij9OEMYz0,【#しぃらじ】しぃしぃらじおクリスマスSP第７回　ゲスト：郡道美玲、神田笑一【にじさんじ/椎名唯華】,2019-12-25T14:43:51Z
ZlcoKVT0DZE,【生配信】メリークリスマス！プレゼント開封配信！ゴリスナーありがとう！【椎名唯華/にじさんじ】,2019-12-25T12:34:13Z
geXfpssxE68,【minecraft】クリスマスデートスポット♡最終調整。。。【にじさんじ/椎名唯華】,2019-12-24T09:05:21Z
nePBaFPaqZU,【マリオカート8DX】かなかなに教わるマリオカート８！【にじさんじ/椎名唯華】,2019-12-23T18:57:52Z
Vwt7VGIkSPk,【生配信】２５００００人(・∀・)マシュマロ返信＆企画会議！【椎名唯華/にじさんじ】,2019-12-23T15:06:03Z
jPnVo5LOEIE,【マリオカート8DX】Dリーグ予選突破したい…！！！！#マリカにじさんじ杯【にじさんじ/椎名唯華】,2019-12-21T14:38:00Z
yj32Wv8uofE,【マリオカート8DX】個人練習＆うるせえ奴らと大会前練習会【にじさんじ/椎名唯華】,2019-12-20T17:08:21Z
1vyNC489C70,【マリオカート8DX】元ゲマズにじさんじ杯大会前練習会【にじさんじ/椎名唯華】,2019-12-19T13:16:19Z
kVMnZpuNBvY,【マリオカート8DX】マリカホロライブ１位のあくあ大先生に教えてもらうぞ！！！【にじさんじ/椎名唯華】,2019-12-17T21:35:12Z
OjR15Z9F85E,【マリオカート8DX】大会前練習会！コース走り込み(｀･ω･´)！！【にじさんじ/椎名唯華】,2019-12-16T15:45:06Z
P0451Kbs7dw,【minecraft】クリスマスにじ鯖デートスポット作り(n*´ω`*n)♡【にじさんじ/椎名唯華】,2019-12-15T14:19:52Z
LJUaome-KV4,【#ゆびをふるにじさんじ】ポケモンゆびふり大会！厳選＆パーティ作り【椎名唯華/にじさんじ】,2019-12-14T19:24:38Z
_bBmYi4VSww,【minecraft】クリスマスにじ鯖デートスポット作り(n*´ω`*n)♡【にじさんじ/椎名唯華】,2019-12-14T12:55:39Z
ppk1zm0OghM,【MHWアイスボーン】⑩郡道美玲とアイスボーン！(｀･ω･´)最終章！！！【にじさんじ/椎名唯華】,2019-12-13T18:12:07Z
WdUGQ6EHD7g,【生配信】１２月度ゴリスナー総会☆彡クリスマスとか年末年始【椎名唯華/にじさんじ】,2019-12-12T09:28:59Z
gdouLkI41R4,【生配信】LIVE感想会＆新ビジュアルお披露目配信！！！【椎名唯華/にじさんじ】,2019-12-08T15:47:11Z
mMfHuRhU3ds,【ポケットモンスターソードシールド】湊あくあＶＳ椎名唯華ＶＳ魔界ノりりむＶＳ周防パトラ！！ポケモンダブルバトルだ！！【にじさんじ/椎名唯華】,2019-12-05T15:19:54Z
MbcPt6D6Nvk,【#剣盾にじさんじ杯】第三試合　椎名視点【にじさんじ/椎名唯華】,2019-11-23T08:46:53Z
RuMM_NFUp68,【ポケットモンスターソード】VSぱんコウじょ　ポケモンバトル！！！！【にじさんじ/椎名唯華】,2019-11-19T18:14:18Z
uaIy54wll4s,【ポケットモンスターソード】#4殿堂入り目指して！長時間耐久(◎_◎;)バトル、交換、罰ゲームもあるよ！！【にじさんじ/椎名唯華】,2019-11-18T17:07:21Z
7bYeDQQ-w5k,【ポケットモンスターソード】#2殿堂入り目指して！長時間耐久(◎_◎;)バトル、交換、罰ゲームもあるよ！！【にじさんじ/椎名唯華】,2019-11-17T16:24:21Z
MDiUZ3Wt0Os,【ポケットモンスターソード】#2殿堂入り目指して！長時間耐久(◎_◎;)バトル、交換、罰ゲームもあるよ！！【にじさんじ/椎名唯華】,2019-11-15T18:00:28Z
K5uN8O5V_sw,【ポケットモンスターソード】殿堂入り目指して！長時間耐久(◎_◎;)バトル、交換、罰ゲームもあるよ！！【にじさんじ/椎名唯華】,2019-11-15T02:30:35Z
ICnd29Pk758,【ノーカットフルver】コンビでラジオやってるライバー#にじトーク【にじさんじ/椎名唯華】,2019-11-14T11:58:05Z
L6-N5tJpSyA,【Unrailed!】喧嘩ばかりの３人が協力プレイ出来るのか。。。#ずしり【にじさんじ/椎名唯華】,2019-11-13T14:44:33Z
jlc2rPBytPU,【リングフィットアドベンチャー】本日２ステージ！！！限界突破せよ(｀･ω･´)！！！【にじさんじ/椎名唯華】,2019-11-12T11:40:53Z
xQE2CHpJUJY,【DARKSOULⅢ】④３人で協力してクリア目指します！#ずしり【にじさんじ/椎名唯華】,2019-11-11T19:52:21Z
UAhdi5p0y5k,【リングフィットアドベンチャー】あてぃしはちゃんと運動やってんだよ。【にじさんじ/椎名唯華】,2019-11-11T14:31:02Z
TN9l2RnhS-A,【にじトーーク】コンビでラジオやってるライバー#にじトーク【にじさんじ/椎名唯華】,2019-11-10T14:00:15Z
yxGscWjHoTo,【生配信】１１月度ゴリスナー総会☆彡先月前半はがんばってたよね【椎名唯華/にじさんじ】,2019-11-01T16:47:56Z
3y4I5i03k1g,【ルイージマンション３】後編！クリアまでやんぞ(・ω・)ノ【椎名唯華/にじさんじプロジェクト】,2019-10-31T06:25:01Z
3-D-kEAIxyM,【ルイージマンション３】とうとうきたな！！クリア目指してやんぞ(・ω・)ノ【椎名唯華/にじさんじプロジェクト】,2019-10-31T04:37:27Z
80BRqOlymy8,【minecraft】ひさしぶりのにじ鯖でまったりマイクラ【にじさんじ/椎名唯華】,2019-10-27T17:49:22Z
auVQbdxJ9o8,【生配信】ねむい～～～～～～【椎名唯華/にじさんじ】,2019-10-26T13:32:41Z
bYWz4La5TAM,【DARKSOULⅢ】サリヴァーンぶっ倒す！！！ポケモンGETだぜ！！！【にじさんじ/椎名唯華】,2019-10-21T16:50:32Z
6QQla1BDJWU,【DARKSOULⅢ】②３人で協力してクリア目指します！#ずしり【にじさんじ/椎名唯華】,2019-10-20T19:24:45Z
eFe_wREZUIM,【MHWアイスボーン】⑨郡道美玲とアイスボーン！(｀･ω･´)寝るわけないよな～！【にじさんじ/椎名唯華】,2019-10-18T15:32:34Z
nIlzQf3hGz4,【４人将棋】将棋しらねぇ奴らの４人将棋#にじレジ【椎名唯華/にじさんじ】,2019-10-17T14:24:47Z
4ufIZar0czM,【DARKSOULⅢ】②３人で協力してクリア目指します！#くずおしぃりぃ【にじさんじ/椎名唯華】,2019-10-16T18:58:59Z
2XYw5aVVTeg,【DESTINY2】ストーリー：孤独と影のクリア目指す(・ω・)withかなかな【椎名唯華/にじさんじ】,2019-10-15T15:19:46Z
uKKEYJQ_Pfg,【DARKSOULⅢ】３人で協力してクリア目指します！#くずおしぃりぃ【にじさんじ/椎名唯華】,2019-10-14T22:09:20Z
NwcJtRT8enI,【home sweet home】助っ人登場！！！おし、ホラーゲームするぞ(｀･ω･´)ｂ【にじさんじ/椎名唯華】,2019-10-14T15:16:34Z
dgMEk2Cnf80,【DESTINY2】ストーリー：ウォーマインドのクリア目指す(・ω・)with湊あくあ【椎名唯華/にじさんじ】,2019-10-13T16:40:27Z
nps0O_mQebw,【DESTINY2】ストーリー：オシリスの呪いのクリア目指す(・ω・)ノ【椎名唯華/にじさんじ】,2019-10-13T12:56:38Z
8hRIO4rqMHU,【RAFT】マルマル夜見3人で漂流サバイバル(・ω・)ノ【にじさんじ/椎名唯華】,2019-10-12T12:19:11Z
zHylkYzi_8A,【ASMR】パトラ先生とお勉強②囁き、耳かき、マッサージ。whispering/Ear Cleaning 【にじさんじ/椎名唯華】,2019-10-11T15:35:03Z
cPLhRkXHWZM,【DESTINY2】湊あくあと無料FPSのクリア目指す(・ω・)ノ# みなとっしぃ【椎名唯華/にじさんじプロジェクト】,2019-10-10T21:37:43Z
3R_SFfXWZBg,【 #神岡家 】神岡家の気まぐれにゃじお #5【椎名唯華と猫又おかゆ】,2019-10-09T15:05:34Z
4k5GggasZJw,【home sweet home】おし、ホラーゲームするぞ(;´Д｀)【にじさんじ/椎名唯華】,2019-10-08T14:08:30Z
w8TbTFxOHkc,【レインボーシックスシージシージ】夜見先生と初コラボ！R6Sやるぞーーー！！【にじさんじ/椎名唯華】,2019-10-07T17:30:31Z
IQBupTh9_SQ,【スーパーマリオパーティー】久しぶりのソロ☆★☆SUPERMARIOPARTY！！！【にじさんじ/椎名唯華,2019-10-07T14:37:46Z
SnIX6_ALjyc,【みんなのリズム天国】クリアするまでおわれまてん！！最終章！【にじさんじ/椎名唯華】,2019-10-07T03:46:58Z
uT67d5kPgB8,【みんなのリズム天国】クリアするまでおわれまてん！！！後編！！！【にじさんじ/椎名唯華】,2019-10-07T02:28:34Z
EQDTGQ9VEc0,【みんなのリズム天国】クリアするまでおわれまてん！！！前編！！！【にじさんじ/椎名唯華】,2019-10-06T11:07:35Z
7tGeQbIP8f4,【mothersimulator】赤ちゃんのお世話するゲーム。大丈夫かな。。。【にじさんじ/椎名唯華】,2019-10-05T13:34:46Z
v_cmiZec4ss,【レインボーシックスシージシージ】まるまると初コラボ！R6Sやるぞーーー！！【にじさんじ/椎名唯華】,2019-10-04T16:38:48Z
FZhZdv1nqcg,【空気読み。２】空気読めないいんだよ。。わりと最近悩んでるやつね【にじさんじ/椎名唯華】,2019-10-04T13:57:34Z
uwbXR2zTNbU,【生配信】SIINAYUIKAソロライブ★☆★カラオケ配信【椎名唯華/にじさんじ】,2019-10-03T16:37:18Z
MnVuYR58e6s,【みんなのリズム天国】はじめてのリズムゲー？に挑戦してゆくー！！！【にじさんじ/椎名唯華】,2019-10-03T13:39:45Z
S8V9Lcz0_nk,【生配信】にじさんじMF☆彡おつかれさまでした！！！【椎名唯華/にじさんじ】,2019-10-02T15:23:52Z
rQDTxHxE-1g,【minecraft】にじさんじランド遊びつくすんじゃー！！#siirii【にじさんじ/椎名唯華】,2019-10-01T17:27:38Z
0PYzLMZP5vA,【生配信】10月度ゴリスナー総会☆彡秋はじまったな～【椎名唯華/にじさんじ】,2019-10-01T11:04:24Z
40XwVZx-WMc,【生配信】にじ３Dで雑談！２０万人記念企画発表！！！！【椎名唯華/にじさんじ】,2019-09-30T11:25:39Z
BHBvgErqHxY,【にじさんじNEWS】可愛すぎると問題の新人に突撃インタビュー？！#にじレジ【にじさんじ/椎名唯華】,2019-09-28T13:00:15Z
PwtA3RboovU,【恋愛質問】椎名唯華の恋愛１００の質問(&#39;ω&#39;)ノ#SiiRii【にじさんじ/椎名唯華】,2019-09-22T15:44:29Z
TTUclJnjSq0,【ASMR】囁き、寝息、耳マッサージ。バイノーラル・ASMR練習中～。whispering/Ear Cleaning 【にじさんじ/椎名唯華】,2019-09-19T14:00:05Z
IFilDcglhcc,【MHWアイスボーン】⑥郡道美玲とアイスボーン！(｀･ω･´)寝るわけないよな～！【にじさんじ/椎名唯華】,2019-09-17T19:58:22Z
Rl5Z_sxIVWM,【ASMR】パトラ先生とお勉強。囁き、耳かき、マッサージ。whispering/Ear Cleaning 【にじさんじ/椎名唯華】,2019-09-16T13:34:51Z
mUos6IFHhL0,【MHWアイスボーン】⑤郡道美玲とアイスボーン！(｀･ω･´)寝るわけないよな～！【にじさんじ/椎名唯華】,2019-09-14T21:58:58Z
3DOM0O-K5is,【Project Winter】わちゃわちゃ女子会雪山人狼(・ω・)ノ！【人狼×雪山サバイバル】,2019-09-13T13:14:38Z
2teOyNV2ZMg,【MHWアイスボーン】④郡道美玲とアイスボーン！(｀･ω･´)寝るわけないよな～！【にじさんじ/椎名唯華】,2019-09-12T17:49:04Z
1F1vBi8ohcg,【minecraft】まったり雑談しながらマイクラ(・ω・)ノ【にじさんじ/椎名唯華】,2019-09-10T21:31:34Z
QS8FRg05Bl0,【MHWアイスボーン】郡道美玲とアイスボーン！(｀･ω･´)寝るわけないよな～！【にじさんじ/椎名唯華】,2019-09-10T18:59:36Z
-a9HiH80XqQ,【レインボーシックスシージ】日ノ隈らん神楽めあの３人でわちゃわちゃシージ！【にじさんじ/椎名唯華】,2019-09-08T21:53:47Z
5QiHoRpzcC4,【minecraft】ど派手なお城作ろ～ぜ(・ω・)ノ！【にじさんじ/椎名唯華】,2019-09-07T18:31:52Z
8YnES5mpPX4,【MHWアイスボーン】郡道美玲とアイスボーン！(｀･ω･´)3乙しないぞ！！！【にじさんじ/椎名唯華】,2019-09-07T13:07:42Z
imshMTZeDHE,【MHWアイスボーン】トビカガチ亜種絶対に倒す！！！！！！【にじさんじ/椎名唯華】,2019-09-06T21:42:38Z
xrohPCynwNs,【MHWアイスボーン】郡道美玲とアイスボーン！(｀･ω･´)寝るわけないよな～！【にじさんじ/椎名唯華】,2019-09-05T21:59:55Z
NUPMguKAI40,【minecraft】影MOD導入でお散歩＆ダイヤ採掘(・ω・)ノ【にじさんじ/椎名唯華】,2019-09-05T11:19:34Z
9hQi-1rKJ-s,【minecraft】おうち作り！まったりマイクラ(・ω・)ノ#かなしいな【にじさんじ/椎名唯華】,2019-09-03T14:02:00Z
9W1rD5q8LBo,【Murderous Pursuits】乗客に紛れて暗殺せよ！【にじさんじ/椎名唯華】,2019-09-02T15:05:11Z
CNXiTYpI9-c,【生配信】ゴリスナー、、、！かかってこい、、、！！！！！【椎名唯華/にじさんじ】,2019-09-01T18:05:59Z
LXb4ObiVNL8,【生配信】GALSでオリジナルソングの歌詞を考えよう！！！【にじさんじGALS】,2019-08-30T15:48:59Z
2b7QUnBME8Y,【The Dark Pictures Anthology】ビビり２人でホラーゲームアドベンチャー！！！#さくゆい【椎名唯華/にじさんじ】,2019-08-30T13:22:23Z
JhGVsrJMdws,【minecraft】リオンさんとアホするマイクラ #にじさんじGALS【にじさんじ/椎名唯華】,2019-08-22T15:11:56Z
sgKYCO1Mqn0,【minecraft】夏休みおわるまでにプール作り(*&#39;ω&#39;*)【にじさんじ/椎名唯華】,2019-08-21T15:45:23Z
TyKb7yYffSs,【Project Winter】にじさんじプロジェクトウィンター！裏切り者を探せ！【人狼×雪山サバイバル】,2019-08-18T15:14:11Z
nS5YL4s_IKo,【生配信】3D配信お疲れさまでした！振り返り・感想☆彡【にじさんじ/椎名唯華】,2019-08-09T15:05:02Z
uT7elTnQgvY,【３D発表】お披露目できる時がやっときました！！！！【椎名唯華/にじさんじ】,2019-08-08T12:36:27Z
nqRKUyUB7K8,【３D記念/オリジナルソング】椎名唯華を待っています。歌ってみた【椎名唯華/にじさんじ】,2019-08-08T12:00:14Z
9tZ0tTE_lsw,【SLITHER.IO】ミミズを育てるゲームで１位目指す【にじさんじ/椎名唯華】,2019-08-06T14:31:05Z
VuS3SpquHVs,【 #神岡家 】神岡家の気まぐれにゃじお #3【椎名唯華と猫又おかゆ】,2019-08-05T17:10:02Z
ZZSUFOj77tU,【荒野行動】まったり雑談しながら荒野行動(＊^-^＊)みっかめ！【にじさんじ/椎名唯華】,2019-08-04T09:11:50Z
8GbAsgrEpS0,【minecraft】チームNASSでまったり雑談しながらマイクラ(&#39;ω&#39;)ノ【にじさんじ/椎名唯華】,2019-08-03T16:43:23Z
M9-jkXeTkeU,【荒野行動】まったり雑談しながら荒野行動(＊^-^＊)【にじさんじ/椎名唯華】,2019-08-02T13:51:55Z
CV8rzyh5Vhs,【レインボーシックスシージ】新部員紹介！にじさんじシージ部☆彡【にじさんじ/椎名唯華】,2019-08-01T18:51:52Z
UdDx48ialVw,【生配信】８月度ゴリスナー総会☆彡お盆休みですね【椎名唯華/にじさんじ】,2019-08-01T11:36:56Z
1Yy3gt-oraw,【LJL】LOLの大会を現地で観戦！めちゃくちゃ盛り上がった( ﾟДﾟ)！【にじさんじ/椎名唯華】,2019-07-31T12:02:03Z
T3WYjNZc1rg,【生配信】元ゲーマーズ３期生☆彡１周年記念【椎名唯華/にじさんじ】,2019-07-30T16:12:50Z
ryO30w1RfB4,【#Vtuber甲子園】2年目☆にじさんじ高校甲子園への道再び！勝ちます。【にじさんじ椎名唯華】,2019-07-28T11:33:45Z
T4p33CJ2lfw,【#Vtuber甲子園】１年目☆にじさんじ高校甲子園への道再び！勝ちます。【にじさんじ椎名唯華】,2019-07-27T19:02:22Z
HRhCbnnhpxk,【Project Winter】にじさんじプロジェクトウィンター！裏切り者を探せ！【人狼×雪山サバイバル】,2019-07-23T14:39:14Z
KCxrXhRCXrE,【#しぃらじ】しぃしぃらじお第6回　ゲスト：名取さな【にじさんじ/椎名唯華】,2019-07-21T15:09:30Z
HYSBJXjOKys,【Agar.io】でけぇ奴が勝つ時代きたあああああああ！！！！【にじさんじ/椎名唯華】,2019-07-19T11:29:29Z
Q4r_brUPGFo,【マリオメーカー2】今日こそC帯なるまでレート戦やるからなああああ！！！！【にじさんじ/椎名唯華】,2019-07-18T10:29:58Z
1CMOSIoam-Y,【オンラインクレーンゲーム】ゲーセンで豪遊！！！！！！！！にじさんじ/椎名唯華】,2019-07-16T11:02:45Z
FB1f_plivR0,【minecraft】まったり雑談しながらマイクラ(*&#39;ω&#39;*)【にじさんじ/椎名唯華】,2019-07-15T17:39:28Z
aJs2RQBPNDU,【#しーらじ】 第３回　SECRET RADIO　ゲスト：ジョー・力一【にじさんじ/椎名唯華】,2019-07-15T15:41:00Z
GBwvkLyFu1o,【マリオメーカー2】レート戦やってみる！！！！【にじさんじ/椎名唯華】,2019-07-15T10:52:58Z
ESbxCC4lLz4,【生配信】最近いそがしな～～～～～。雑談。【椎名唯華/にじさんじ】,2019-07-12T14:03:48Z
OILrueb7FZ8,【#Vtuber甲子園】にじさんじ選手ドラフト会議！～舞元には絶対に負けない～【椎名唯華/にじさんじ】,2019-07-10T14:13:24Z
xG8mp8FCICI,【マリオメーカー2】マリオメーカー２ほまーにステージやってみる！！！！【にじさんじ/椎名唯華】,2019-07-07T11:27:15Z
CV-YZXlCvhs,【生配信】今月の～～～マシュマロ返し～～～(&#39;ω&#39;)ノ【椎名唯華/にじさんじ】,2019-07-04T17:46:13Z
oFfOPfksi2s,【マリオメーカー２】超絶イライラコース作製するやよ～～～～！【にじさんじ/椎名唯華】,2019-07-03T10:52:44Z
a7RdS4ryfm0,【マリオメーカー2】笹の作った難関コースクリア目指して！！！【にじさんじ/椎名唯華】,2019-07-02T10:20:29Z
5jS_p8XFAzc,【Project Winter】第２回にじさんじプロジェクトウィンター！裏切り者を探せ！【人狼×雪山サバイバル】,2019-06-30T15:46:02Z
2mERDsm-H70,【Dota Auto Chess】かなしいくずオートチェス大会！！！(｀･ω･´)【にじさんじ/椎名唯華】,2019-06-29T11:00:53Z
0hBzOvrOmY8,【Dota Auto Chess】オートチェス！かなしいくず大会に向けて練習会(｀･ω･´)【にじさんじ/椎名唯華】,2019-06-29T01:17:23Z
zRNY-SkgtH8,【生配信】椎名さんにまさかの妹が！！？猫と対談【椎名唯華/にじさんじ】,2019-06-26T17:08:47Z
rncQ5g-pMxE,【Dota Auto Chess】にじさんじオートチェス部！大会に向けて練習会(｀･ω･´)【にじさんじ/椎名唯華】,2019-06-25T16:04:57Z
gMNBhjSJ0a8,【minecraft】まったり雑談しながらマイクラ(*^-^*)【にじさんじ/椎名唯華】,2019-06-23T18:54:18Z
X9csMkvo3wA,【Project Winter】にじさんじプロジェクトウィンター！裏切り者を探せ！【人狼×雪山サバイバル】,2019-06-23T15:14:02Z
mZRszwK8iS8,【生配信】雑談・お悩み・質問返し！【椎名唯華/にじさんじ】,2019-06-22T19:59:27Z
Ujr5vhrkWVo,【MHW】ネルギガンテぶっ飛ばしてやるぜ！！！！【にじさんじ/椎名唯華】,2019-06-20T19:50:04Z
FsBOhMqtAV8,【minecraft】喜ぶ顔がみたいんや。。。あいつを蘇らせる！！！！！【にじさんじ/椎名唯華】,2019-06-20T14:54:49Z
A1mYc8iLSx4,【minecraft】マイクラやるぞおおおおおお#にじさんじGALS【にじさんじ/椎名唯華】,2019-06-19T18:42:49Z
LMUDFT593u4,【MHW】叶さんとモンハン！上位になった(｀･ω･´)！【にじさんじ/椎名唯華】,2019-06-16T21:49:49Z
n0r_3kmuKFs,【minecraft】江良ちゃんにじさんじ鯖に案内しつつドッキリ( ･´ｰ･｀)【にじさんじ/椎名唯華】,2019-06-16T15:17:59Z
alxLETmrQ5Q,【minecraft】JK組(偽)ハウス作成する( ･´ｰ･｀)【にじさんじ/椎名唯華】,2019-06-15T17:56:50Z
fWLD6c1AodI,【MHW】叶さんとモンハン！上位になりたい(｀･ω･´)！【にじさんじ/椎名唯華】,2019-06-14T22:36:24Z
-i3BnB3FPfs,【MHW】プケプケ討伐まで！モンスターハンターワールドやってみる！【にじさんじ/椎名唯華】,2019-06-14T11:30:28Z
kM0RKGu6OD8,【レインボーシックスシージ】３人でシージ練習させてもらう(◎_◎;)【にじさんじ/椎名唯華】,2019-06-13T21:13:18Z
53OxofFrwhU,【DELTARUNE】UNDERTALEの続編？？はじめてやってみる！①【にじさんじ/椎名唯華】,2019-06-13T17:26:20Z
e9O8lypPG1E,【minecraft】家がない！！！我が家をつくろう(*‘ω‘ *)【にじさんじ/椎名唯華】,2019-06-13T11:10:03Z
NQGJqTlI-_4,【MHW】モンスターハンターワールドやってみる！【にじさんじ/椎名唯華】,2019-06-11T12:44:49Z
vBp8eo6QWr0,【minecraft】まったり雑談しながらマイクラ(*^-^*)【にじさんじ/椎名唯華】,2019-06-06T16:30:37Z
0X9tWMYR-Zk,【人狼ジャッジメント】初心者が人狼やるとこうなる。【にじさんじ/椎名唯華】,2019-05-31T13:23:10Z
eYc-OWIkHOw,【かまいたちの夜】②正直幽霊より一番怖いのって人間なんだよ。。。【にじさんじ/椎名唯華】,2019-05-30T19:34:02Z
Z9rVgjuNFFg,【影廊-Shadow Corridor-】和風ホラーなんて怖くない！！！！！【椎名唯華/にじさんじ】,2019-05-30T12:07:31Z
_Juu3KsVePQ,【かまいたちの夜】正直幽霊より一番怖いのって人間なんだよ。。。【にじさんじ/椎名唯華】,2019-05-28T17:40:50Z
xbGa7fry2zU,【#しぃらじ】しぃしぃらじお第5回　ゲスト：御伽原江良【にじさんじ/椎名唯華】,2019-05-26T15:17:16Z
ZYhNGDMFC3o,【minecraft】にじさんじ鯖関西作り☆彡樋口先輩と！【にじさんじ/椎名唯華】,2019-05-21T17:39:50Z
buOoEGz9GlM,【生配信】羊小屋作り・素材集めする(｀･ω･´)ｂ【椎名唯華/にじさんじ】,2019-05-20T18:54:23Z
PWlqpCzEDi8,【#しーらじ】 第２回　SECRET RADIO　ゲスト：月ノ美兎さん【にじさんじ/椎名唯華】,2019-05-19T14:21:06Z
WWuWcgcLaRA,【生配信】5月度ゴリスナー総会☆彡予定・企画・報告！【椎名唯華/にじさんじ】,2019-05-17T10:09:16Z
5roHeNJTvWg,【Dota Auto Chess】かなかなとドタオートチェス→シージ【にじさんじ/椎名唯華】,2019-05-15T20:22:49Z
9e00EiZc1os,【パワプロ2018】期待の新人は入部するのか？！目指せ甲子園☆彡　～栄冠ナイン～　【椎名唯華/にじさんじ】,2019-05-14T15:21:30Z
aOvgeHgqeaQ,【パワプロ2018】チームにじさんじ！目指せ甲子園☆彡　～栄冠ナイン～　【椎名唯華/にじさんじ】,2019-05-13T17:07:51Z
1f8at0wxL7I,【minecraft】GW中に学校を完成させられるのか？【にじさんじ/椎名唯華】,2019-05-06T10:41:28Z
IfTXJyWsUK4,【minecraft】GW中に学校を完成させられるのか？【にじさんじ/椎名唯華】,2019-05-05T07:57:01Z
o-G19M_HqKo,【minecraft】GW中に学校を完成させられるのか？【にじさんじ/椎名唯華】,2019-05-04T07:40:46Z
CCXouONDJ6Y,【恐怖体験呪怨】さくゆいホラゲ(◎_◎;)二人ならいける！！！【にじさんじ/椎名唯華/笹木咲】,2019-04-29T07:17:44Z
S1i7k5_vEhY,【学校であった怖い話】GWホラーゲームからはじめよう！後半【にじさんじ/椎名唯華】,2019-04-27T14:19:16Z
GKSLjBYw9Ek,【minecraft】まったり雑談しらがらマイクラ(*^-^*)【にじさんじ/椎名唯華】,2019-04-27T11:33:33Z
pLuLRKWRyME,【学校であった怖い話】GWホラーゲームからはじめよう！前半【にじさんじ/椎名唯華】,2019-04-26T17:35:56Z
2zeS0duGpsw,【生配信】おしぃりぃで質問・お悩み・なんでもマシュマロ返し！【椎名唯華/にじさんじ】,2019-04-23T16:25:48Z
_U4BILhX3q4,【GTA5】ガチクズがGTAVをやるとこうなる。【椎名唯華/にじさんじプロジェクト】,2019-04-22T17:06:13Z
9RIcdAhazn4,【エアホッケー】エアホッケーの頂点目指す。【にじさんじ/椎名唯華】,2019-04-22T13:55:22Z
76ILRdwdozQ,【#しぃらじ】しぃしぃらじお第4回　ゲスト：ピーナッツくん【にじさんじ/椎名唯華】,2019-04-21T15:21:58Z
XqfGwpGDOTU,【minecraft】ジ・エンド探索。エンダードラゴンの様子を見る(◎_◎;)【にじさんじ/椎名唯華】,2019-04-17T18:00:19Z
uByfRan6qNI,【#椎名唯華生誕祭】４月１７日を共に迎えよう！(*^-^*)【椎名唯華/にじさんじ】,2019-04-17T06:39:45Z
a-iva7a6Ikg,【黒い砂漠MOBILE】ギルド戦争！最強のギルドはごりすにゃあ(｀･ω･´)【にじさんじ/椎名唯華】,2019-04-16T14:00:27Z
Pdxq4fovfU0,【はじめてのWii】神ゲーのタンク戦車のボス倒すまで！！！！【にじさんじ/椎名唯華】,2019-04-15T16:29:58Z
mc7jXV199jI,【マインクラフト】リーダーとエンドポータルを探す！！！【にじさんじ/椎名唯華】,2019-04-14T21:16:49Z
sFam17sme9w,【アマガミ】全快反省を活かし今回本気の恋愛に挑む。①【にじさんじ/椎名唯華】,2019-04-13T08:53:12Z
g5eLLAy3CE0,【マインクラフト】最近にじさんじマイクラやってるか？？？【にじさんじ/椎名唯華】,2019-04-12T16:59:25Z
nO9oFbaU3O8,【ホラーゲーム】 The House 霊能力者が幽霊に恐怖しない。そんなことはない。【椎名唯華/にじさんじ】,2019-04-11T11:39:47Z
Vm1tYSjOtSY,【マインクラフト】エンドシティ目指してエンダーパール集め！【にじさんじ/椎名唯華】,2019-04-10T09:02:54Z
93VP6zOdDT0,【minecraft】さくゆいマイクラ☆彡まったりトーク【にじさんじ/椎名唯華/笹木咲】,2019-04-08T14:37:59Z
55oRxs3_nHU,【生配信】新衣装発表会(*ﾉωﾉ)巫女服なのかな～？【椎名唯華/にじさんじ】,2019-03-29T13:44:33Z
5ZoR-1kmEr0,【#しーらじ】 第１回　SECRET RADIO　ゲスト：鈴谷アキ【にじさんじ/椎名唯華】,2019-03-28T15:17:27Z
Z4m7sbtFSww,【黒い砂漠MOBILE】ギルド戦争！最強のギルドはごりすにゃあだああああ！！！！【にじさんじ/椎名唯華】,2019-03-28T12:14:49Z
3L7zREOBWUw,【レインボーシックスシージ】叶さんとシージ練習する(｀･ω･´)【にじさんじ/椎名唯華】,2019-03-27T18:33:07Z
dY35BojIhrU,【DbD】初心に帰ってDead by Daylight【にじさんじ/椎名唯華】,2019-03-26T18:05:05Z
aaxcQoZV70M,【スーパーマリオワールド】スーパーマリオワールドを全力でやる！！！！【にじさんじ/椎名唯華】,2019-03-26T11:33:56Z
zsrLbd8Y8Ls,【どうぶつの森】色々やらなきゃいけねーけどこれやるんだよ②！！！！【にじさんじ/椎名唯華】,2019-03-23T09:32:10Z
iyFXIgZYSEg,【マインクラフト】エンドシティ目指してエンダーパール集め！【にじさんじ/椎名唯華】,2019-03-22T18:25:38Z
0xM0OKYk1-o,【ロードモバイル】最強の王国作り(｀･ω･´)VSひまちゃんギルド？！前半戦【にじさんじ/椎名唯華】,2019-03-22T12:07:53Z
35H7MwZnAkU,【レインボーシックスシージ】叶さんとシージ練習する(｀･ω･´)【にじさんじ/椎名唯華】,2019-03-20T19:50:18Z
zdG13Zc6m20,【黒い砂漠MOBILE】Lv.40でクザカに挑戦したい！ギルド対戦できるようになった？【にじさんじ/椎名唯華】,2019-03-19T12:43:21Z
IJbws5Rw_p0,【THE DIVISION 2 】ディビジョン2やっとできる時がきた。笹葛魔【にじさんじ/椎名唯華】,2019-03-18T19:20:48Z
C783Pn9ME_o,【どうぶつの森】色々やらなきゃいけねーけどこれやるんだよ！！！！！！！【にじさんじ/椎名唯華】,2019-03-17T16:34:13Z
t2wxjO7vRrQ,【ホラーゲーム】CALLING 〜黒き着信〜 さすがに三回目はいける。【椎名唯華/にじさんじ】,2019-03-17T10:47:13Z
pHPaLR2KuSo,【#しぃらじ】しぃしぃらじお第３回　ゲスト：樋口楓【にじさんじ/椎名唯華】,2019-03-16T15:20:34Z
_q1a61MaDV0,【ハンゲーム 】４人でお絵描きの森、４人将棋！！！【にじさんじ/椎名唯華】,2019-03-15T18:31:31Z
JwLJj9E8I8A,【黒い砂漠MOBILE】皆の者ギルド討伐へ行くぞ(｀･ω･´)【にじさんじ/椎名唯華】,2019-03-12T12:09:56Z
-XUBT2rSsJM,【マインクラフト】最強の装備を手に入れる！！！(｀･ω･´)ｂ【にじさんじ/椎名唯華】,2019-03-10T20:13:12Z
pFtJB4lQbhE,【キミキス】①ゲームより恋愛だよね～(*&#39;ω&#39;*)実況【にじさんじ/椎名唯華】,2019-03-10T09:50:33Z
xjNoK8XGTs8,【生配信】質問・お悩み・なんでもマシュマロ返し！【椎名唯華/にじさんじ】,2019-03-09T14:10:04Z
O3BfyZLo3Rw,【フリーホラー】ホラーが苦手でも大丈夫らしい。名作ゲーム「Ib」やってみる。【にじさんじ/椎名唯華】,2019-03-09T09:01:16Z
t2dfW7v7zX0,【ホラーゲーム】Pacify、３人でクリア目指して！【にじさんじ/椎名唯華】,2019-03-08T14:38:09Z
CgdNCiwpzSU,【マインクラフト】今日こそは整地！まったり雑談(｀･ω･´)ｂ【にじさんじ/椎名唯華】,2019-03-07T22:03:55Z
ZBbOPgdzowQ,【マインクラフト】はじめての線路作り(*&#39;▽&#39;)！【にじさんじ/椎名唯華】,2019-03-06T19:02:36Z
iXm02MfkvFs,【マインクラフト】みんなでランドの駅作り(*&#39;▽&#39;)！【にじさんじ/椎名唯華】,2019-03-05T17:38:40Z
LVc4sQrdeCQ,【黒い砂漠MOBILE】Lv20達成ギルド作り☆彡ギルド討伐に行ってみたい(*&#39;▽&#39;)！【にじさんじ/椎名唯華】,2019-03-05T12:10:39Z
4Y1ZJwJUjQo,【ミステリーホラー】それぞれの物語を体験する。フィンチ家の奇妙な屋敷でおきたこと【にじさんじ/椎名唯華】,2019-03-04T16:27:45Z
mcUGXSC_lyE,【マインクラフト】ドッキリ！爆発！整地なんてしてられないよ！！！！【にじさんじ/椎名唯華】,2019-03-02T20:10:39Z
rAqSLVLQHxI,【ワンナイト人狼】騙される奴が悪い。６人でワンナイト人狼【にじさんじ/椎名唯華】,2019-03-01T12:17:01Z
UcnUak6TIJI,【マインクラフト】リーダーとお疲れ様マイクラ！駅作り！#にじレジ【にじさんじ/椎名唯華】,2019-02-26T19:10:43Z
EwgmbnlsANw,【テトリス99】テトリス99夕方なら相手弱い説。【にじさんじ/椎名唯華】,2019-02-26T09:20:04Z
aluvX8WNrak,【生配信】１０時間お疲れ様でした；；みんなありがとう【椎名唯華/にじさんじ】,2019-02-24T15:28:12Z
8Fm6ri6gguk,【#にじレジ】10万人記念☆全員集合10時間オフラインにじレジSP！！！！！【にじさんじ椎名唯華】,2019-02-24T14:53:15Z
llKgeDz5iCw,【minecraft】シェアハウス作り。笹木舞元ベルモンド【にじさんじ/椎名唯華】,2019-02-22T19:14:39Z
rUlDj1gbQTo,【#ガチ屑農家】マインクラフトで春にお花見に行きたい家族。【にじさんじ/椎名唯華】,2019-02-19T19:04:59Z
BlYDa4HBxsg,【WiiパーティーU】パーティゲームにソロモードが！ひとりでやってみる！【にじさんじ/椎名唯華】,2019-02-19T11:12:35Z
5m8Sqs3klAk,【生配信】オフコラボ色々お疲れ様。まったり雑談ー。(/・ω・)/【椎名唯華/にじさんじ】,2019-02-18T16:03:00Z
eJn5bNfBTWc,【World of Warships】みんなで戦艦ゲームであそぼーっ！WOWSリベンジ！#wows【にじさんじ/椎名唯華】,2019-02-17T03:10:57Z
N5rdJnJe2_g,【minecraft】鷹宮リオンとコンビニ作り。#にじさんじGALS【にじさんじ/椎名唯華】,2019-02-15T18:39:18Z
CaYF4QC2ugE,【生配信】ハッピーバレンタイン♡カラオケ配信【椎名唯華/にじさんじ】,2019-02-13T16:48:00Z
fG5dTobGVmg,【minecraft】まったり雑談しながらマイクラ(*^-^*)【にじさんじ/椎名唯華】,2019-02-12T19:12:04Z
KX6M_3OC0Xc,【minecraft】まったり雑談しながらマイクラ(*^-^*)【にじさんじ/椎名唯華】,2019-02-11T19:10:13Z
CDDg2mGQWEk,【minecraft】３人でレジスタンスアジト作り！#にじレジ【にじさんじ/椎名唯華】,2019-02-10T20:21:36Z
EyM83C6nOBo,【BIOHAZARD RE:2】②怖くない(｀･ω･´)バイオハザード：RE2やる！【椎名唯華/にじさんじプロジェクト】,2019-02-09T16:25:19Z
MTVvvDoSArE,【BIOHAZARD RE:2】①怖くない(｀･ω･´)バイオハザード：RE2やる！【椎名唯華/にじさんじプロジェクト】,2019-02-08T15:29:31Z
h4alEf-v7VA,【生配信】まったり雑談ー。(/・ω・)/【椎名唯華/にじさんじ】,2019-02-04T16:24:26Z
rSts_DVPGdg,【ホラーゲーム】魔女の家ＭＶ　２Ｄは怖くない！謎解きが出来るのか、恐怖。。。【椎名唯華/にじさんじプロジェクト】,2019-02-03T13:10:30Z
kiHibB20L6s,【５日目】Wii fit  で健康生活になる。#しぃフィット【椎名唯華/にじさんじプロジェクト】,2019-02-02T15:37:18Z
e3zQ0liIOyI,【minecraft】眠くなる限界までサグラダ・ファミリア作り！【にじさんじ/椎名唯華】,2019-01-30T19:12:03Z
arKQlW4oYlM,【#しぃらじ】しぃしぃらじお第２回　ゲスト：笹木咲【にじさんじ/椎名唯華】,2019-01-28T15:45:53Z
Q7hbRTlnuGw,【minecraft】まったりマイクラ。サグラダ・ファミリア作り！【にじさんじ/椎名唯華】,2019-01-27T12:38:36Z
NfcWCwbdqXQ,【minecraft】まったりマイクラ。サグラダ・ファミリア作り！【にじさんじ/椎名唯華】,2019-01-26T18:17:18Z
I0oh70QTGoY,【DbD】鷹宮リオンとマインクラフト。【にじさんじ/椎名唯華】,2019-01-22T12:16:08Z
PC39_B99OrQ,【#パワクズ】２日目　実況パワフルクズ野球　～栄冠ナイン一本勝負～【椎名唯華/にじさんじプロジェクト】,2019-01-21T13:49:59Z
W_-KPcbBlPw,【#パワクズ】実況パワフルクズ野球　～栄冠ナイン一本勝負～【椎名唯華/にじさんじプロジェクト】,2019-01-20T18:56:45Z
TFGM2eHzERg,【４日目】Wii fit U で健康生活になる。#しぃフィット【椎名唯華/にじさんじプロジェクト】,2019-01-19T12:53:44Z
CxEyxVCkYNA,【常識力テレビ】眠さ限界だけど常識力を診断する！！！！【椎名唯華/にじさんじプロジェクト】,2019-01-17T15:51:13Z
6F4g19IX9M8,【２日目】寝坊謝罪&amp;Wii fit で健康生活になる。【椎名唯華/にじさんじプロジェクト】,2019-01-17T01:05:50Z
nczaFJYDvXc,【１日目】Wii fit plus で健康生活になる。【にじさんじプロジェクト/椎名唯華】,2019-01-15T12:35:49Z
OwEjqC1hqdg,【PARTY PANIC】ミニゲーム対決！二人で大暴れ！！！#雪美大福【にじさんじプロジェクト/椎名唯華】,2019-01-15T07:02:55Z
5_6HYe6VOjo,【生配信】質問・お悩みなんでもマシュマロ返し(/・ω・)/【椎名唯華/にじさんじプロジェクト】,2019-01-13T17:36:57Z
sD0BvYLBKDo,【BIOHAZARD RE:2】怖くない(｀･ω･´)バイオハザード：RE2体験版1やる！【椎名唯華/にじさんじプロジェクト】,2019-01-11T16:43:29Z
ZrtGbuOXmeM,【ホラーゲーム】CALLING 〜黒き着信〜ビビらないからな！！！【椎名唯華/にじさんじプロジェクト】,2019-01-10T16:37:21Z
ihVc46xCyRw,【バーガーバーガー】最高のハンバーガー店を作る！(｀･ω･´)【椎名唯華/にじさんじプロジェクト】,2019-01-09T22:54:02Z
TYrH4415PSY,【ver2.0】だれだてめえ！！！小顔になりますた。たぶん。【にじさんじプロジェクト/椎名唯華】,2019-01-07T13:33:10Z
5zLYAxP0TJ0,【wiiスポーツリゾート】神ゲーWii Sports Resort登録７万人までおわれない！無限卓球！！！【にじさんじプロジェクト/椎名唯華】,2019-01-01T00:18:08Z
aNfQ3ttj7z0,【新年あけおめ！】今年もよろしくです。年越しいなーと紹介など！【にじさんじプロジェクト/椎名唯華】,2018-12-31T22:48:24Z
tYkemJei1YE,【ガチ屑農家】マインクラフトで神社を作る！【にじさんじゲーマーズ/椎名唯華】,2018-12-31T14:30:33Z
v7qjM0_0Vuo,【マインクラフト】まったりマイクラ。なんかつくろ～。【にじさんじゲーマーズ/椎名唯華】,2018-12-30T21:48:28Z
BwlobA7-6LA,【クリスマス企画】メリークリスマス☆最高のプレゼント決定戦！！！【にじさんじプロジェクト】,2018-12-25T16:30:02Z
13IxB0XGTLE,【クリスマス企画】SEEDS対ゲーマーズ☆理想のクリスマスデート対決！【椎名唯華/にじさんじゲーマーズ】,2018-12-24T13:43:05Z
k555ZswyCV4,【大乱闘スマッシュブラザーズ SPECIAL】スマブラうらみっこなし！#だいさんじ杯【にじさんじゲーマーズ/椎名唯華】,2018-12-21T11:23:19Z
3V_RsxjeS08,【ドラクエビルダーズ２】③ドラゴンクエストビルダーズ２やるぞっ！！！【にじさんじゲーマーズ/ネタバレ注意】,2018-12-20T21:26:51Z
MFn-Tgo0TTo,【ドラクエビルダーズ２】ドラゴンクエストビルダーズ２やるぞっ！！！【にじさんじゲーマーズ/ネタバレ注意】,2018-12-19T23:56:21Z
umzX17YPaMY,【#しぃらじ】しぃしぃらじお第０回　ゲスト：舞元啓介【にじさんじゲーマーズ/椎名唯華】,2018-12-18T15:47:41Z
G1vLJNC271Y,【スマブラ】②キングクルールの練習！戦闘力２万？！！！【にじさんじゲーマーズ/椎名唯華】,2018-12-17T15:13:15Z
yHC8pnAlQFs,【マリオカート8DX】マリカにじさんじ杯Ａチーム。うれしいな視点【にじさんじゲーマーズ/椎名唯華】,2018-12-16T12:02:21Z
2bBBTsi6CPE,【スマブラ】キングクルールの練習する！【にじさんじゲーマーズ/椎名唯華】,2018-12-15T14:14:07Z
3Fhl_4MLBeY,【GODEATER3】ゴッドイーター3やってみる！ネタバレ注意！【にじさんじゲーマーズ/椎名唯華】,2018-12-12T20:50:20Z
WZi7j1-GoZA,【スマブラ】③初心者による大乱闘スマッシュブラザーズ SPECIAL！【にじさんじゲーマーズ/椎名唯華】,2018-12-11T17:30:20Z
L09vS3aD4ng,(DBD)今日も今日とてdead by daylight【にじさんじゲーマーズ/椎名唯華】,2018-12-06T10:17:40Z
NpF90TNDgw4,【マリオカート8DX】マリオカート8DX練習会！うらみっこなし！#だいさんじ杯【にじさんじゲーマーズ/椎名唯華】,2018-12-05T16:42:25Z
FoT918GbfVE,【マインクラフト】おしぃりぃでマイクラ。おしりハウス作り。【にじさんじゲーマーズ/椎名唯華】,2018-12-04T18:46:22Z
oP6YbjgZrkA,【スプラトゥーン２】２人でリーグマッチ【にじさんじゲーマーズ/椎名唯華】,2018-11-29T18:45:10Z
9JzEGiZzH2k,【マインクラフト】にじさんじマイクラでケーキ作り！【にじさんじゲーマーズ/椎名唯華】,2018-11-27T19:52:14Z
YFE8ug_oCeU,【Let&#39;s Go! ピカチュウ】ポケモン厳選勉強会！【にじさんじゲーマーズ/椎名唯華】,2018-11-26T05:00:18Z
l5-XDYQy378,【マインクラフト】にじさんじマイクラで舞ハウス作り！【にじさんじゲーマーズ/椎名唯華】,2018-11-20T20:41:18Z
RboUtEWVwRo,【生配信】まったり～。企画考える。マシュマロ返す～。【にじさんじゲーマーズ】,2018-11-19T16:36:51Z
SGSZfAPHhHY,【Let&#39;s Go! ピカチュウ】⑦ポケットモンスター Let&#39;s Go! ピカチュウを楽しむ！！！！【にじさんじゲーマーズ/椎名唯華】,2018-11-19T11:30:19Z
gv7SYKvhRlM,【Let&#39;s Go! ピカチュウ】④ポケットモンスター Let&#39;s Go! ピカチュウを楽しむ！！！！【にじさんじゲーマーズ/椎名唯華】,2018-11-17T09:59:20Z
UP2-9cN3UHI,【Let&#39;s Go! ピカチュウ】②ポケットモンスター Let&#39;s Go! ピカチュウを楽しむ！！！！【にじさんじゲーマーズ/椎名唯華】,2018-11-16T12:31:39Z
hHgUnNy1cS4,【Let&#39;s Go! ピカチュウ】ポケットモンスター Let&#39;s Go! ピカチュウを楽しむ！！！！【にじさんじゲーマーズ/椎名唯華】,2018-11-15T18:22:16Z
QTWI2IQyDeE,【生配信】まったりおはなし～。マシュマロ返す～。【にじさんじゲーマーズ】,2018-11-12T14:15:58Z
zfXAiJz5o-0,【ピクミン】#１はじめてのピクミンやるぞ～！【にじさんじゲーマーズ/椎名唯華】,2018-11-06T14:37:41Z
A2ZgTQCpuaQ,【照明視点】みんなでマイクラコラボまとめ【#にきさんきゲーマーズ】,2018-11-04T09:00:00Z
cgRcwLCryQU,【生配信】まったりおはなし～。なんか企画考えよ～。【にじさんじゲーマーズ】,2018-10-29T16:47:36Z
uYEYvwennWk,【生配信】youtube20000人記念質問返し！３万ちかっ(ﾟДﾟ;)【にじさんじゲーマーズ】,2018-10-18T18:00:04Z
