-0:25	心刃	ryo
-0:25	a iu	りょ
-0:24	うにあ	りょー
-0:24	pankys	
-0:24	洛水佑馬	
-0:24	Metallic	
-0:24	MINA METAL	待つで〜
-0:23	ふくざわゆきち	私まーつーわー
-0:22	せいちゃん	りょーかい
-0:22	burton	
-0:22	じゅるり	
-0:22	無垢-muku-	はーい
-0:21	folma	はいー
-0:21	うりょ	
-0:21	ななかな	はーい
-0:19	なにぬねのあいうえお	りょうかい
-0:19	しーく	了解
-0:18	ひこわさ	了解〜
-0:18	accelアクセル	りょ
-0:18	Ketaけた	りょ！
-0:18	伊豆半島	了解
-0:17	ひまどり	おけ！
-0:17	サイバラ	うぇい
-0:17	楪*	ぇあ～
-0:17	うさみ	
-0:17	なつめ大尉	
-0:16	凝固	概要欄前のやつに戻っとるw
-0:16	eunに	よみさんも出席しとる
-0:15	zale	りょ
-0:15	azuri	了解です
-0:13	ぽたもげ	
-0:13	REO	了解！
-0:11	ヘィヴンダックス	まつわよ
-0:10	スーパーなきゅうり	よみちゃんメンバー抜けてて草
-0:09	Iceman	
-0:09	カービィ	りょ
-0:06	パズー犬	待つのは得意だ
-0:06	ひまみずお	ゴリスナーいて草
-0:05	リンタイラン	りょ〜
-0:05	zale	15分まではセーフ
-0:04	ぴーわいおー	りょ！
-0:04	夢たんぽ	
-0:04	豚男	ちょっとだけ待ちます
-0:03	あらいひと	
-0:03	桃purée	よみちゃんもおるねぇ
-0:03	桐生亘	あくあちゃんは配信中だから流石にいなそうやなｗ
-0:03	a th	了解
-0:02	つま先鬼ごっこ	いぇあ～（了解
-0:02	はんぺん	
-0:00	Rei_ S2	
0:03	Rinka	了解〜
0:03	Kubert	こんよみー
0:06	かおう_____ta	
0:07	ミドレー	
0:10	うさみ	まさかフェードアウトの準備…？
0:11	Kazakura	3時間ぐらいならセーフ
0:12	ねこさん1号	o
0:12	ターニングポイント	
0:13	pankys	
0:13	sayyoh	ギャルズの歌みたはいつなんですかねぇ
0:14	もちピザ	待てぬ～😇
0:15	よういち	フェードアウト待機
0:16	zale	神OP
0:17	ワタル	ぶつ切りOP助かる
0:17	つなつな	
0:17	cana bob	お
0:17	ひこわさ	
0:18	チョボマ	ぶつ切り待機
0:18	Ketaけた	きちゃ！
0:19	ななかな	
0:19	taketo RONA	目覚まし助かる
0:19	アズキ8	
0:21	わたらら	
0:21	桃花	ぶつ切りか～？
0:21	西アマネ	ぶつ切りきたあああああ
0:21	てらま	
0:21	ほしがみ	
0:22	もんぬサマー	🥺🥺🥺
0:22	直樹カナン	ぶつ切りきちゃああああああああ
0:23	ひがしのそら	
0:23	Iceman	
0:23	KeyKey	
0:24	心刃	
0:24	B 5	
0:24	黎明卿新しきボンドルド	
0:24	かわ3	
0:25	松井、	OP
0:25	みるくろーる	
0:25	あらいひと	
0:25	なおみNo.1	おはしいな
0:25	大福船長	フェードアウトのためのちょっと待ってかもしれん
0:25	しょう	
0:26	もこもこありえす	
0:27	Kazu	ぶつ切り待機
0:27	Rei_ S2	
0:27	博多の塩	
0:27	凝固	
0:27	やみい/朝日奈樒	おはしいな〜
0:27	つま先鬼ごっこ	かっかっかっちゅっ
0:27	カービィ	
0:27	83ヘチマ	急にきちゃ
0:28	まめすきまめよし	ぶつ切りくる〜！？
0:28	ルー大刺蛾	きちゃ
0:28	弾当てられない	ぶつ切り待機
0:28	まー。	
0:28	わっちゃん	おはぶつ切り～
0:28	かざ	
0:29	アキパン	きちゃああああああ
0:29	星野空	ぶつ切りはもうないやろうなぁ
0:29	ちべギツネ	
0:29	しーく	神OP
0:29	まどぶち	おはしいなー
0:30	rosugi	おはしいな〜
0:30	うどんこねっと	
0:30	ソーセン	ぶつ切り待機
0:30	kiri	
0:30	コーバァー	
0:30	たべっちかにっち	ぶつ切り待ってた
0:30	ととろろろ	
0:31	シュンぱーふぇくと美少女	！？
0:31	TNTマン	
0:31	はいどれ	まさかフェードアウト！？
0:31	S K	
0:31	Ei NAGOMI	神OPきちゃ
0:32	ひらまる	かわいい
0:32	ちなまる	
0:32	放浪者	おはぴえんー
0:33	KaWaSaKi o0o0	
0:33	松井、	ぶつ切り待機
0:33	azuri	
0:34	べべべ	おはりりくら〜
0:34	みやぴ	おはしいな
0:34	ユニバァァァス	おはぶつ切り〜
0:34	りょうちゃん	ぶつ切りなんだろうなぁ
0:34	朝の向日葵	さすがにぶつ切りじゃないやろｗ
0:34	川原太一	ぶつ切りだーーーー！
0:35	大砲	
0:35	_ chami	
0:36	zale	ぶつ切り待機
0:36	えいの	
0:36	accelアクセル	
0:36	John Smith	
0:36	ざんまいTF	
0:37	ヘィヴンダックス	アイドルだしフェードアウト上手そう
0:38	久久	おはぶつ切り～
0:38	伊豆半島	
0:38	かた	ぶつぶつしてきた
0:38	エマノン	
0:38	たべっちかにっち	
0:38	K9 M	
0:39	azuri	
0:40	エルベル	
0:41	スーパーなきゅうり	きちゃ〜
0:41	マネキン	おはアイドル〜
0:42	アマヤ	
0:42	エーピー	
0:42	time13 inthattime	
0:42	モモ	
0:42	かんころ餅	おはしいな〜
0:43	きむたけ	
0:43	あばれウミガラス	ぶつ切りの時間だああああああああああ
0:43	color game	おはしいな
0:43	アキパン	アイドルだからぶつ切りじゃないやろなあ
0:43	黎明卿新しきボンドルド	ぶつ切りの時間だ！
0:43	ねこわん	まさかアイドルがぶつ切りはしないやろ…
0:43	アカうぃん	
0:43	もにぎり	
0:43	ハコノクラゲ	
0:43	ちわ	
0:44	A太	かわい～
0:44	獅子芝	きちゃ
0:44	Tacosi	ぶつ切り待機
0:45	どんぐりP	
0:45	凝固	これがりりくらのメンバーの方ですか！
0:46	シャムねこ	今日のぶつ切り
0:46	ぷりん#凛fam	おはすぃな
0:46	ミカグラ	おはぶつ切り
0:46	春はアゲポヨ	ブツ切り!?
0:47	ゆゆ	
0:48	なつめ大尉	
0:48	Rコディーノ	
0:48	うさみ	ぶつ切り待機
0:48	桃野パピコ	
0:48	EROC	
0:48	アッシマー	
0:48	たかるか	
0:49	みっちゃん	かわいい！
0:49	ひまみずお	かわいい
0:49	えふ式	
0:49	83ヘチマ	まだわからんぞ
0:50	eico	フェードアウトたすかる
0:50	ねみん。	
0:50	Ketaけた	
0:50	A00	フェードアウトしそう
0:50	蓮華	
0:50	Rinka	おはしいなー
0:51	太刀だよ	ぶつ切り待機
0:51	みなと	
0:51	笑顏	おはしいな～
0:51	ゴリシスタン	JUPゴリスナー部門よみさん
0:52	ルキルキ	おはしいな～
0:53	あかるる	おはアイドル( 一一)
0:53	harutoshi	おはぶつぎりー
0:53	G- ORAGON	
0:54	みんしぃ[ Min Shiii ]	
0:55	超液体窒素	
0:56	iroha ao	アイドルでもぶつ切り
0:56	きゃた	ぶつ切りがくるぅ
0:58	kou	
0:59	常識じゃない常識	ごめねむ
0:59	ぎるがめっしゅ	
1:00	チンジャオラー	
1:00	もんぬサマー	これ自体「ちょっとまってや〜」のときに流すものでは…？
1:00	直樹カナン	本当キービジュアルクソかわいい
1:01	きのこの子	ぶつ切り待機
1:01	Rei_ S2	
1:02	えびふらいしゅりんぷ	
1:02	鬼頭亀次郎	ぶつ
1:02	もこもこありえす	
1:02	りん	
1:02	ろととと	おはし
1:02	ないむん	
1:03	SUNSAN :	おはしいな
1:03	ミカグラ	まだフェードアウトしそう
1:03	K9 M	ぶつ切りなわけ……
1:04	べべべ	おはりりくら〜
1:06	シュンぱーふぇくと美少女	ぶつ切れ
1:06	B. D.		￥2,000
1:07	西谷弟	ぶつ切りな訳
1:07	Zhi	
1:07	luka melo	
1:08	かおう_____ta	これがアイドルのぶつ切りか！！
1:08	zale	おは神アイドル天使ぃしぃ～
1:08	村田ネギ	
1:09	せいちゃん	
1:09	ぴーわいおー	
1:09	ぷっちょへんざ	ぶつぎり
1:10	エーピー	
1:10	西アマネ	
1:10	たんこぶ	おはぶつ切り〜
1:10	satoshi kizawa	愛想のないぶつ切り
1:10	みんつ	
1:10	みんちこ	おはてんし〜
1:10	洛水佑馬	
1:10	松井、	おはしいな
1:10	Ei NAGOMI	おは天使ぃ～
1:10	B K	おはしいな〜
1:10	ろろ	
1:10	うさみ	
1:10	桃花	おはしいな～
1:10	fulひゅーる	
1:10	ふくざわゆきち	
1:10	ぜろぱか	アイドルがぶつ切りするわけないよなぁ！
1:10	ぴぴ	
1:10	鼻セレブ	おは天使
1:10	はーたん	おは天使
1:11	丸侠	おはしいな～
1:11	しーく	ぶつ切りたすかる
1:11	うったくUttaku	おはアイドルー
1:12	Suzuya	
1:12	Iceman	ぶつ切り助かる
1:12	めんとす	…
1:12	直樹カナン	スンッ
1:12	みなと	いつもの
1:13	マネキン	おはアイドル〜
1:13	ぃゅぅ	おはアイドル〜
1:13	うにあ	
1:13	桐生亘	惜しい
1:14	ブルム	おはしいな
1:14	アラスカの鮭	おはアイドル
1:14	シャムねこ	はい
1:14	tete ya-ya	kusa
1:14	ななかな	総会費＆歌よかったです代	￥5,000
1:14	ミカグラ	はいぶつ切り
1:14	ワタル	おはぶつOP
1:15	てぃーるる	おはりりくらー
1:15	どどDodo	
1:15	ユキダルマ	おはアイドル〜
1:15	beyond	
1:15	kou	はい
1:17	チョボマ	おはぶつ切り～
1:17	ソーセン	
1:19	獅子芝	
1:19	Tacosi	おはしいな～
1:19	hue kic	またぶつ切りか
1:19	なにぬねのあいうえお	おはぶつ切り〜
1:20	Kazakura	おはしぃなー
1:20	松井、	おはアイドル！
1:20	ゆぴてる	
1:21	nimu	おはしいな〜
1:21	みなみ	おはぶつ切りー
1:21	ざんまいTF	
1:22	月の石	
1:22	リンタイラン	おはぶつぎり〜
1:22	阿頼耶識	ぶつ切り定期
1:22	Vtuber大好きじいじ	おはすぃーな
1:22	空腹のまろん	ごりごりー
1:23	バーガー丸山	
1:23	ちゃぽた	おはぶつぎり
1:23	ねむ	
1:24	アムアム	
1:24	凝固	アレ！？りりくらメンバーのクズじゃない方はどこですか！？
1:24	うどんこねっと	おはりりくら～
1:24	鬼頭亀次郎	ナイスぶつ切り
1:24	みやぴ	おはぶつ切り
1:24	TZ K	おはブツー
1:25	玖似	おはぶつ切り
1:25	よつや	おはしいな〜
1:25	太刀だよ	ちょっと上手くなってた
1:25	とらくしい	おはアイドル～
1:25	はくさん	
1:25	ぐるぐる	
1:26	ひまみずお	おはぶつ〜
1:26	ゔぃーた	
1:26	たべっちかにっち	
1:26	あいくら	おはアイドル～！
1:26	スーパーなきゅうり	
1:26	wenウェン	おはしいな
1:26	ROOTS	
1:27	もちピザ	おはさとみ
1:27	kaiei[かいえい]	おはりりくら
1:27	zale	おは天使いってくれて助かる
1:28	しろやま	
1:28	a iu	おはぶつ
1:28	たくみん	おはアイドルー
1:29	もんぬサマー	りりくらってなんだ？
1:29	Yuri	
1:29	空亡	
1:29	アッシマー	
1:30	N ghost	
1:30	桃purée	詰め合わせ
1:30	しーく	
1:30	博多の塩	りりくらってなんだ...？
1:30	エコー	おはりりくら
1:30	ほくりん		￥1,000
1:31	ASAKA	おはしいなー
1:31	伊豆半島	
1:31	ろろ	おはアイドル～
1:31	ぽたもげ	
1:31	シュンぱーふぇくと美少女	どもー
1:32	永久機関回転寿司	歌よかったよ〜！
1:32	吉岡亜咲美	おはしいな～
1:32	おまもり	どうもー
1:32	きゃた	みんなかわいかった
1:33	ワタル	愛想悪いアイドルだ！
1:34	みつと	可愛すぎたしぃしぃ
1:34	kou	りりくらって?
1:34	けもー	おはドル～
1:35	青いザリガニ	
1:35	うにあ	よかった！！
1:35	ぱん6820	ちょっとぶつ切りマシやった
1:35	アキパン	よかったー！
1:35	mikazuki	おはりりくら〜
1:35	archer	
1:35	心刃	よかった
1:35	ryu say	いつもの
1:35	しゃけねこ	かわいかった
1:36	ベル	おはしいな
1:36	もこもこありえす	おはりりくらってなんだ
1:36	ちなまる	かわいかったよ
1:36	まあライオン	おはアイドル～
1:36	ざんまいTF	アイドルやん
1:36	Mizuna	おはしいな～～
1:37	かおう_____ta	よかったー！！！！
1:37	まっちゃん	おはアイドル霊能力者〜
1:37	黎明卿新しきボンドルド	アイ…ドル？
1:37	うにあ	総会費、歌よかった！！	￥1,000
1:37	ぷりっつPretz	かわいい！！！
1:37	シャムねこ	よかった
1:38	コーバァー	おはぶつぎり～
1:38	あいず	✋
1:38	cana bob	最後、波田陽区やん
1:38	Qoo	おは最高だった～
1:38	湯気	おはアイドル〜！かわいかったー！！
1:38	エマノン	ブッチ切りだぜ
1:39	うーかー	おはクズ、、、
1:39	ソーセン	かわいかった～！
1:39	川原太一	入りが芸人
1:39	Yuuki	りりくらめっちゃかわいかった＆総会費～	￥1,000
1:39	83ヘチマ	ぶつ
1:41	かわ3	総会費	￥2,440
1:41	アズキ8	
1:41	rosugi	かわいかった
1:41	K9 M	
1:41	咲久-さく-		￥1,000
1:42	うさみ	衣装可愛かった
1:42	丸侠	よかったーーー
1:42	モク	曲良かった〜
1:43	ヘィヴンダックス	良かったねぇ！！最高だったねぇ！！！！
1:44	わっちゃん	よかったねぇ！
1:45	ねこわん	かわいかったぞ
1:45	MINA METAL	アイドルのしぃしぃホンマの人生初スパです	￥610
1:45	獅子芝	超良かった
1:46	けんばく	
1:46	kiri	りりくらってなんだ…？
1:47	ひらまる	りりくらってなんだ...！？
1:48	やみい/朝日奈樒	歌最高だった〜
1:48	放浪者	よかったな
1:48	ガリレオ	
1:48	奥歯フロート	おはアイドル〜
1:49	Ketaけた	りりくらってなんだよ
1:49	zale	最近の椎名さんファンサすばらしいね
1:50	sayyoh	リリークラウンってなんだ
1:50	パズー犬	椎名さんアイドルだったなんて知らなかったよ
1:50	ぷりん#凛fam	アイドルの椎名さん
1:51	Kubert	テキトーすぎ
1:51	ひまどり	よかったー！
1:52	ぴーわいおー	可愛さ全開な歌だったね
1:52	はんだづけお	おはやよ〜
1:52	神楽	可愛かったぞ
1:52	BSR	良かった
1:52	ずんずん	本人ですか！？
1:53	薄情	You are my angel
1:55	常識じゃない常識	波田陽区なつかし
1:55	うにあ	マジよかった！
1:56	ミケ猫(Hz)	一部の歌詞がめちゃくちゃハマってた
1:56	伊吹疾風	めちゃくちゃかわいかった
1:57	みやぴ	歌めっちゃ良かった！！
1:57	B 5	今月の	￥500
1:58	かわ3	最高
1:58	コーバァー	わかる
1:58	もにぎり	
1:59	黎明卿新しきボンドルド	分かる
1:59	ワタル	イラストやばすぎてやばかった
1:59	ぐだのすけ	わかる
1:59	かおう_____ta	めっちゃかわいかった！！
1:59	うにあ	イラストよすぎ！！
1:59	はくさん	かわいかった
2:00	桃花	もう総会か～時間経つの速いわ～
2:00	kiri	かわいすぎてビビった
2:00	博多の塩	まじで良かった
2:00	凝固	すごいかわいい
2:00	こまち	かわいい
2:00	シュンぱーふぇくと美少女	アイドルだった
2:01	松井、	イラスト最高だった
2:01	なほん	おはしいなー
2:02	Ketaけた	かわいい
2:02	simasima oni	かわいいわね
2:02	もにぎり	
2:02	はいどれ	Lilly Crownってなんだ・・・？	￥1,000
2:02	Rei_ S2	かわいい
2:03	ぜろぱか	わかる
2:03	しゃけねこ	ね
2:03	アキパン	イラストよき！！王冠かわいい！
2:03	Yuuki	めちゃくちゃかわいいよね！
2:03	Suzuya	イラストかわよ！
2:03	エーピー	かわいいよね
2:04	桃野パピコ	👑
2:04	REF	イラストが天才
2:04	リンタイラン	めっちゃかわいかった〜
2:05	folma	めっちゃかわいい
2:05	taketo RONA	かわいいんだけどアイツがいない気がする
2:05	大福船長	めちゃくちゃすき
2:05	ろととと	イラスト可愛い
2:05	ざんまいTF	清楚やったな…
2:05	かそく	総会費＆歌かわいくて最高でした！！	￥1,000
2:06	湯葉醤油	かわいい
2:07	うどんこねっと	にじゅさん最高すぎる
2:07	ふぉるす	衣装よかった～
2:07	めんとす	かわいい〜
2:07	青いザリガニ	華がある
2:08	あらた。	おつりりくらってなんだ？
2:08	桐生亘	クズに見えなかった
2:08	ryu say	めっちゃ可愛かった
2:09	ルキルキ	イラストめっちゃかわいかったね～
2:09	ななしさんV3	おはしいなー
2:09	チョボマ	にじゅさんいいよね
2:09	永久機関回転寿司	かわいい
2:10	楪*	めっちゃかわいい
2:10	洛水佑馬	可愛かったね
2:10	太刀だよ	あのアイドルのしぃしぃさんですか！？
2:11	はいどれ	いやイラスト神でしょ
2:12	神楽	イラストびっくりした
2:12	nimu	最高だったな
2:12	ぺーちゃん	イラスト最高だった
2:13	zale	草
2:13	たくとく	さすにじゅ
2:13	さとうさとう	新衣装あれにするか
2:13	みなと	草
2:13	ミカグラ	総会費+CD代	￥2,000
2:13	きむたけ	総会費ー	￥2,000
2:13	Metallic	草
2:14	ふくざわゆきち	草
2:14	ぷりっつPretz	草
2:14	プリッツトッポ	お揃い衣装かわいい実装してほしい
2:14	ひこわさ	かわいい
2:14	丸侠	リリーフランキー？？
2:15	しゃけねこ	草
2:15	ぴーわいおー	イラストもかわいい！
2:15	アキパン	草
2:16	もこもこありえす	にじゅさんのイラスト映えるよなぁ
2:16	えいの	みんな可愛いかった
2:16	りょうちゃん	草
2:17	あくら	会費	￥500
2:17	しーく	草
2:17	ワタル	使わせてもらおうぜｗ
2:17	うにあ	わかるわかるｗ
2:17	ちなまる	草
2:18	もにぎり	にじゅさん？
2:18	リョコウバト	にじゅさん流石です
2:19	かわ3	許可貰おう
2:19	かそく	にじゅさんのイラストほんと最高
2:19	うさみ	みんなお揃いでよかったね
2:19	Mizuna	お揃いの新衣装欲しいなぁ
2:20	モク	可愛かった
2:20	銀華猫	
2:20	toy2	草
2:20	TSU CCHI	アイドルなしぃしぃ可愛かった	￥12,000
2:20	Ketaけた	草
2:20	まっぴー	ほんと可愛かった
2:21	ぐだのすけ	草
2:22	えふ式	ツインテールよかた
2:22	accelアクセル	かわいい
2:23	ソーセン	草
2:23	ネムイ	草
2:24	sayyoh	アイドルで配信しろ
2:24	もんぬサマー	衣装素敵すぎました…😇	￥1,000
2:25	シュンぱーふぇくと美少女	いいんじゃない？
2:25	立里貞	いいよ
2:25	ざんまいTF	新エンディング良いな
2:26	ねこさん1号	流石に版権がやばそうｗ
2:26	桃purée	にじゅさんのイラストいいよね
2:27	Rei_ S2	アイドルのてんしぃしぃ
2:27	ジゼル	ええね
2:27	桃野パピコ	使ってけw
2:28	京林		￥2,000
2:28	もにぎり	草
2:28	ターニングポイント	謝らないよ！お前消えるのか…
2:29	みやぴ	イラストかわいかった！！
2:30	トラ	あれEDめっちゃええやん
2:30	cana bob	流用ワンチャンあるな…
2:30	_ chami	めっちゃ良かった
2:30	横山トーマス	にじゅさんの絵いいよね...
2:31	K9 M	アイドル新衣装まだですか？
2:32	ヘィヴンダックス	言ってみたら
2:32	zale	あれEDは4人分勝手に使ってるんよ
2:33	まっちゃん	新衣装決まったな
2:33	WRyou_Italy	Lilly Crownはアイドルだった・・・？	€10.00
2:34	ぃゅぅ	あれエンディングはたすかる
2:34	もにぎり	やはり
2:35	かんぱち	総会費と愛想のないアイドル最高です代	￥1,000
2:38	ゆゆ	歌可愛かった！！	￥12,000
2:38	うにあ	ｗｗ
2:38	みなみ	総会費とお歌よかった代	￥2,000
2:39	ミドレー	愛想ないアイドル
2:39	ハコノクラゲ	草
2:40	こまち	草
2:40	松井、	草
2:40	玖似	りりくらってアイドルだったんだな
2:40	Chisato kei	めっちゃかわいかった
2:40	はいどれ	草
2:41	B 5	なんでだよｗ
2:41	シャムねこ	草
2:41	疎音	草
2:42	しゃけねこ	草
2:42	川原太一	草
2:42	笹かまぼこ	草
2:42	めんとす	草
2:42	ろろ	草
2:43	ざんまいTF	そんなことなかったぞ
2:43	もんぬサマー	草
2:43	チンジャオラー	草
2:43	かおう_____ta	それも味よｗ
2:43	Iceman	総会費	￥1,000
2:43	わっちゃん	草
2:44	ミカグラ	こんなアイドル他にいないぞ
2:44	がらなちゃん	草
2:44	ナオチャン	可愛かったぞ
2:44	まーぼー	今見てきた！かわいかった！
2:44	ビビリだま	草
2:44	直樹カナン	無感情
2:45	taketo RONA	真のサイコパス
2:45	さちくろ	美声やったで自信持って！
2:46	エーピー	草
2:46	toy2	カスカスだからや！
2:46	はくさん	愛想悪いアイドル
2:46	シュンぱーふぇくと美少女	感情が無いは草
2:46	Yuri	そーゆーところ好きだよ笑
2:46	simasima oni	感情を失ったアイドル
2:47	AMZON COM	ハスキーでよかったよ
2:47	あらた。	草
2:47	ワタル	クールだったわｗ
2:47	楪*	草
2:47	宵咲 氷璃/yoizaki kori	草
2:47	チョボマ	草
2:47	星野空	りりしくてよかったよ
2:47	ryu say	そこがいいんや
2:48	りょうちゃん	草
2:48	ひがしのそら	草
2:48	ぎるがめっしゅ	総会費＆可愛かった代	￥1,000
2:49	伊豆半島	草
2:49	ソーセン	草
2:49	なつ	草
2:49	kiri	草
2:49	ぽたもげ	アイドル目指すの？
2:49	a iu	言わなきゃバレないのにw
2:49	湯気	草
2:50	TNTマン	愛想悪いから……
2:50	桃野パピコ	そこがいいんですよ
2:50	ひこわさ	草
2:50	まぐれが	草
2:51	Kohei Miyachi	草
2:51	凝固	まぁギャップになって良いのでは？
2:52	eico	そんなことないで
2:52	オクラトラ	感情は夜見も無いから大丈夫
2:52	ちゃぽた	草
2:53	アッシマー	草
2:53	くろうさぎ	しぃさんのうたスキ
2:54	神楽	それも持ち味
2:54	Rei_ S2	しぃしぃの歌声すきよ
2:54	もにぎり	草
2:54	丸侠	そこにお気づきになられましたか（伯爵声
2:55	うさみ	夜見より感情ないのは草
2:56	ふくざわゆきち	そうか？
2:56	斉藤健介	それは草です。こんばんは
2:56	アムアム	それがよいのでは？
2:56	ぎるばーとぐれいぷ	しぃしぃかわいい
2:56	tete ya-ya	クールぶってる歌い方
2:56	空亡	ダウナーでいいじゃん
2:57	雪国	サイコパスがよ
2:58	すぎもと	可愛かったよ
2:58	ターニングポイント	かわいさは溢れてたぞ
2:58	ユーリンチー	霊能力者やめてアイドルになるって本当ですか
2:58	青亀	おは会費	￥2,440
2:59	TZ K	カスカス歌提出！？
3:00	ふぉるす	でも可愛かったよ
3:00	ゴリシスタン	総会費	￥500
3:01	もにぎり	草
3:01	篝火カガリビ	カスカスやし
3:02	もこもこありえす	間違いなく天使やったぞ
3:02	sayyoh	感情を無くした大福
3:02	青いザリガニ	しぃしぃはクールな女の子なんだ
3:02	太刀だよ	もしかして本人ですか！
3:02	リョコウバト	ダウナー系で好きだよ
3:02	zale	クール系アイドルなんでしょ
3:02	kiri	ふわっふわで良かったよ
3:04	LilithSecond	それはいつもよ
3:04	ミニドラ	うん
3:05	うみうみ	しぃしぃかわいい
3:05	手取なさ	いつもよりカッスカスではなかった
3:06	まっちゃん	腹から声出せ
3:06	川原太一	アイドル初めて10年、業界の闇にも慣れてきた頃の椎名さん
3:08	taketo RONA	リオン様とあまみゃがうますぎるだけや
3:08	ちもちもちもてぃー	グループにそういう子一人はいるから大丈夫
3:08	ほくりん	そんなアイドルがいてもいい！！
3:09	ぺーちゃん	新ジャンル「無感情アイドル」
3:09	ぜろぱか	愛想悪いからしゃーない
3:09	ずんずん	みんなぶりっ子で歌ってた？
3:09	Siori	しぃしぃ感情ない？
3:10	めんとす	しぃしぃライブでも歌になると感情死ぬもんな
3:10	スーパーなきゅうり	総会費	￥1,220
3:11	はくさん	みんなふにゃふにゃしてた
3:12	きちぇない丸	総会費	￥1,220
3:12	空腹のまろん	愛想ないアイドルってことで
3:13	cana bob	ふんわりした感じよね
3:13	たくみん	ふにゃふにゃ
3:14	kou	草
3:14	ぃゅぅ	みんな可愛かった
3:16	うにあ	あまみゃの歌声初めて聞いた！！
3:16	シュンぱーふぇくと美少女	サラッとした...？
3:18	ターニングポイント	草
3:18	がらなちゃん	わりとダウナー系だよね
3:18	ひまみずお	全員ふにゃふにゃ
3:19	ワタル	大声出す系の人いなかったなあｗ
3:19	K9 M	透き通った声って感じやねー
3:20	Iceman	草
3:20	かおう_____ta	草
3:20	a iu	草
3:20	108_of	言葉選べてえらい
3:21	しゃけねこ	草
3:21	WRyou_Italy	でもあまみゃの滑舌ハキハキだった
3:21	かんぱち	草
3:22	Yuuki	草
3:22	松井、	草
3:22	zale	今もしてないは草
3:22	エーピー	草
3:22	うさみ	もちもちした声だから…
3:23	プリッツトッポ	草
3:24	n m	草
3:24	toy2	草
3:24	tj k	こんばんは、また
3:24	Metallic	草
3:25	みやぴ	草
3:25	simasima oni	覇気覇気？
3:25	じひつ	草
3:25	タコスミス	ウィスパー系よね
3:25	カービィ	草
3:25	ねびゅらねびねび・	リオンさん以外ふわふわの声しとるからな
3:25	りょうちゃん	草
3:26	星野空	草
3:26	chan k11	リオンさんは聞き分けられた
3:27	もんぬサマー	リオン様もしっとりした感じの歌い方だった
3:27	チョボマ	ふわっふわだったね
3:27	ぐだのすけ	そうねｗ
3:27	シュンぱーふぇくと美少女	ふにゃふにゃ
3:28	ケンフー	アイドルじゃないんじゃね・・・？
3:28	クロヤマ	やわらかい感じ？
3:29	アキパン	それぞれ味がでててええんや
3:30	パズー犬	全体的にゆるかったね
3:30	うにあ	ふんわりだな
3:30	ベル	今もしてない
3:31	博多の塩	でも相性最高やったで
3:31	KS 2918	ライブでも作文読んでるみたいっすw
3:31	獅子芝	合ってたけどね
3:32	常識じゃない常識	ふわふわ系
3:32	士伸	アイドル大福おいしかった
3:33	リンタイラン	草
3:33	Rei_ S2	たしかにね
3:34	うめぼしの謎	デバフ声
3:34	NoelApr _	しぃしぃ声高くなった？
3:35	ざんまいTF	清楚なハイだった
3:35	ぴーわいおー	あみゃみゃがはっきりでびっくりした
3:36	ASAKA	ダウナー系
3:37	ミケ猫(Hz)	他にいないアイドルだから良き
3:37	ミカグラ	力一に入ってもらうか
3:37	大福船長	チャイカさん欲しかったな
3:37	ぐりあお。	声ふわふわ
3:39	ヘィヴンダックス	全体的に柔らかい感じで終わった
3:40	ソーセン	きゃぴきゃぴ感はあんまない
3:40	あいくら	たしかに
3:40	のむ	かすかす携帯電話？？
3:41	ぐだのすけ	ふんわりだった
3:41	黛ヒロユキ	音圧は足りなかったw
3:42	かそく	清楚な声だ
3:42	さちくろ	キャピキャピ系ではないな
3:44	うにあ	あまみゃ歌うまくなかった？？
3:44	ねむ	お歌アイドルだった～	￥2,434
3:45	斉藤健介	夜見さんとかも椎名さんもそんな感じでしたな
3:45	桃花	椎名さんは低音が魅力だと思うが
3:46	sayyoh	ギャルズの歌みたは？
3:47	丸侠	しぃしぃはキャスパー系ですもんね
3:47	みなみ	リオン様くらいやね
3:48	かわ3	こんなアイドル他にいないからな
3:49	きちぇない丸	しぃしぃの歌声好きよ
3:49	直樹カナン	あまみゃやばい良き
3:49	豚男	ハキハキ代です	￥10,000
3:51	黎明卿新しきボンドルド	bilibiliのメランコリックのハイハイは草生えた
3:51	私は大砲よ	唾の音たすかる
3:52	玖似	あまみゃ滑舌良かった
3:53	薄荷	そんな歌声がとてもすき	￥500
3:54	しゃけねこ	草
3:54	ちなまる	草
3:55	レッサーカモノパンダ	草
3:55	ずんずん	歌い方がさらにふにゃふにゃだったね
3:55	ケンフー	いらねえよｗ
3:56	アキパン	草
3:56	Ketaけた	草
3:57	心刃	草
3:58	Rei_ S2	椎名さんの歌声好き
3:58	じひつ	草
3:59	ぐだのすけ	低音で支えるか
3:59	桃野パピコ	リーダー、、
3:59	Metallic	草
4:00	エーピー	チャイカ草
4:00	ソーセン	草
4:00	ふくざわゆきち	草
4:00	ざんまいTF	なんでだよぉぉぉぉ
4:00	とらくしい	草
4:00	もこもこありえす	異物混入
4:00	あらた。	草
4:00	ちもちもちもてぃー	それは低温が強すぎる
4:00	ガラム		￥610
4:00	zale	低音が足りなくないか？
4:00	ろろ	草
4:01	こまち	草
4:01	たべっちかにっち	りりくら最高！&総会費	￥1,220
4:01	チョボマ	私も入れてよ
4:02	鼻セレブ	草
4:02	taketo RONA	草
4:02	クラウン	チャイチャイ草
4:03	松井、	りりくらにチャイちゃん加入は草
4:03	上やんっ!	アイドル助かる
4:03	ヨツカ	草
4:03	わっちゃん	逆に見てみたい
4:03	みやぴ	草
4:04	シュンぱーふぇくと美少女	異物過ぎる
4:05	たべっちかにっち	草
4:05	ろととと	かわいい枠なのに
4:05	eico	私もいれてよ
4:06	ぐだのすけ	草
4:06	常識じゃない常識	私も入れてよは草
4:07	かおう_____ta	チャイカかわいいーーーー！！
4:07	黎明卿新しきボンドルド	草
4:07	ぷりっつPretz	草
4:07	伊吹疾風	草
4:07	サワリハス	私も推してよ
4:08	やみい/朝日奈樒	草
4:08	しゃけねこ	草
4:08	まと	リオン様はりりしく歌ってる曲もあるから・・・
4:08	ぽりめらーぜ!	チャイカだってアイドルですよ!?
4:09	おまもり	それはそれで
4:09	ぽみぷむ	草
4:09	Metallic	草
4:09	Rei_ S2	異物混入
4:09	Yuuki	草
4:09	カービィ	チャイカさん入ってきたら事故たよｗ
4:10	かわ3	急にいい声
4:10	えふ式	リスナーの野太い声で釣り合い取れる
4:10	うにあ	さすがにいらんｗｗ
4:10	めんとす	耳長ゴリラがよ
4:11	上やんっ!	草
4:11	ちべギツネ	草
4:11	楪*	草
4:11	アッシマー	草
4:11	ととろろろ	エアギターしてもらおう
4:12	アカうぃん	草
4:12	かそく	草
4:12	ねびゅらねびねび・	私も入れてよ
4:13	アキパン	ギター！
4:13	ぽたもげ	草
4:13	kiri	草
4:15	ねこわん	草
4:15	ぷりっつPretz	ロックになりそう
4:16	コーバァー	総会費！お歌よかった～！	￥1,000
4:17	ボウガン	低音安定しちゃうわ
4:17	もんぬサマー	ギター担当やろなあ
4:17	斉藤健介	異物混入やん笑
4:17	直樹カナン	リーダーはベース担当
4:18	cana bob	急に圧が増してします…
4:18	吉岡亜咲美	草
4:18	鼻セレブ	私も入れてよ
4:18	フングス	草
4:19	大福船長	私もアイドルに入れてよ
4:19	神楽	急な低音は痺れる
4:20	豚男	俺たちりりくらだぜ
4:20	a iu	それはそれで面白いけどw
4:21	ちわ	草
4:21	ざんまいTF	合いの手リーダー欲しい
4:21	枢木まいと	チャイカもアイドルやから…
4:21	tete ya-ya	化け物が入り込むのはｗｗ
4:22	「」	ギター チャイカ
4:23	プッチンプリン	顔でか
4:23	リンタイラン	プロデューサー
4:23	桃purée	チャイカがギターやればいい
4:23	もこもこありえす	野太いギターソロ想像したら草
4:24	たくとく	私も推してよ
4:24	Bell	私も入れてよ
4:26	おさかな.	私も入れてよ
4:26	ワタル	笑顔がやばかったマジで....
4:27	ぐだのすけ	あの笑顔めっちゃすき
4:27	ぐりあお。	にじさんじアイドル枠は伊達じゃないね	￥490
4:28	もんぬサマー	あざとい笑顔
4:29	ケンフー	は？
4:30	桃園あい	いちから公認の可愛い枠だぞ
4:30	いつき	この前９月の総会したばかりな気がする
4:32	ざんまいTF	ニコッ
4:33	ガリレオ	ハッ！
4:33	simasima oni	はってなる
4:33	蓬莱来訪	草
4:33	カービィ	あの笑顔演出すき
4:33	エーピー	百合冠チャイカ
4:33	うにあ	あのイラストで新衣装こない？？
4:34	ちゃぽた	笑顔可愛かった
4:34	黎明卿新しきボンドルド	ハッ！
4:34	ミカグラ	あの絵の転換よかったね
4:35	tj k	こんばんは、また
4:36	リンタイラン	リーダーはプロデューサー枠かな
4:37	月の石	you're my angel !!!
4:37	かおう_____ta	いやーかわいかったー
4:37	ドネルケバブ	ポケモンの
4:39	かなめ	初見でーす
4:40	丸侠	チャイチャイ参加するとゴリエみたいになるぞｗ
4:41	zale	チャイカはかわいいやろ！！！！！
4:42	ふくざわゆきち	りりくらってLilly Crownだったんだね
4:42	taxi	お歌よかった記念。いつもありがとう。	￥610
4:46	8あさ	流石しぃしぃだったd(￣ ￣)	￥610
4:47	みやぴ	ハッってなった
4:49	上やんっ!	あの笑顔してくれ
4:51	うーかー	まだ、見てないんやけど何の話？
4:52	ソーセン	チャイカさんそんなやりたいんだったらアラサーたちでやってほしい
4:53	たべっちかにっち	アイドル活動していくかー！
4:56	cana bob	笑顔が可愛すぎた…ありがとう	￥1,000
4:56	もんぬサマー	でもチーム原神なんだよね…
4:59	ヘィヴンダックス	総会も歌もある世界線に感謝	￥500
4:59	83ヘチマ	総会費と9月もえらかっただい	￥1,000
5:05	かおう_____ta	きかねば！
5:06	siki.	
5:07	蓬莱来訪	みました！
5:09	うにあ	アイドルしてたなーｗ
5:11	ぴーわいおー	結構収録時間かかったのかな？
5:14	かおう_____ta	がんばってた！！
5:15	はくさん	
5:16	アキパン	９月めっちゃ頑張った！！
5:16	ワタル	9月頑張ってたわマジで
5:16	Metallic	
5:17	ぐだのすけ	盛りだくさんやった！
5:17	ざんまいTF	がんばった
5:17	エーピー	頑張ったね
5:17	うにあ	だいぶ配信してたよ
5:18	凝固	すごい頑張った
5:18	桃野パピコ	せやね
5:18	シュンぱーふぇくと美少女	頑張ってたね
5:18	村田ネギ	最近めっちゃモチベすごいね
5:18	西アマネ	
5:18	かそく	9月すごかった
5:18	みやま	うん
5:18	放浪者	めっちゃがんばってた
5:19	うさみ	せやね
5:19	かわ3	めっちゃしてた
5:19	taketo RONA	9月めっちゃ頑張ってた
5:19	心刃	がんばったねぇ
5:19	ねこさん1号	めっちゃしてたね
5:19	かんぱち	えらすぎる
5:19	kiri	大分頑張ってた
5:19	まつまえ	めっちゃ頑張ったな
5:19	松井、	頑張ってたね
5:19	まあライオン	がんばってた
5:20	たくみん	めっちゃしてた！
5:20	B. D.	うむ
5:20	りょうちゃん	頑張ってた！！
5:21	Vすこすこ侍	がんばってた！
5:21	ギュス	9月隙がなかったね
5:22	とろんべー	かなーり頑張ってた
5:22	Yuri	がんばってた！
5:22	ライドウ	がんばった
5:23	zale	正直めっちゃやってたよ
5:23	もんぬサマー	コラボもソロもめっちゃあった
5:23	ミカグラ	9月多かった
5:23	ほくりん	
5:23	エマノン	してたねえ
5:24	アカうぃん	頑張ってた
5:24	神楽	チーム原神名前がもう強い
5:24	ああ言えばFOR YOU	頑張ってたね
5:24	Yuuki	9月めっちゃがんばったね
5:24	玖似	頑張ってた
5:24	WRyou_Italy	後半の追い上げが凄かった
5:25	かもてや	喧嘩凸は...
5:25	川原太一	9月やばかった。来月が怖い
5:25	ぜろぱか	えらい！！！
5:25	ガリレオ	後半頑張った
5:26	えいの	2
5:26	やまいこー	頑張った！後半
5:26	8あさ	配信してエラい！！
5:26	ASAKA	普通だね
5:26	Amuos	原神しながらゴリスナー総会に参加することを許してほしい
5:27	ナオチャン	お疲れ様やで
5:27	ないむん	9月も頑張ってた
5:27	パズー犬	がんばったね
5:28	まと	複数行動もあったし
5:28	楪*	えらすぎる
5:28	黛ヒロユキ	最近頑張ってる
5:28	Tacosi	幸せな月だった
5:28	あるま	
5:28	a iu	頑張ってる
5:29	アンメルツ	全部見たよー
5:29	ケンフー	反動でまた休むんやろなあ
5:30	冬葉	めちゃがんばってた！
5:32	黎明卿新しきボンドルド	後半殆ど毎日じゃなかった？
5:32	アッシマー	えらい！
5:32	うにあ	9月はしてたほうでしょう
5:32	じひつ	めっちゃ頑張っててなんか焦ったよね
5:32	ボウガン	がんばってた気する
5:32	イノウエシンイチ	頑張った。今月も頼みます
5:33	桃花	えらい
5:33	かわ3	反動来そう
5:33	もこもこありえす	9
5:33	カービィ	9月頑張ってた
5:34	アジの骨	配信多かったイメージ
5:35	ぷりっつPretz	キルリレーとかもすごがった
5:36	洛水佑馬	配信頑張って
5:36	けーきけいき keiki	10もがんばろう
5:37	枢木まいと	9月はほぼほぼ毎日やってた印象
5:37	taketo RONA	さくゆいもあったからね
5:38	うさみ	今月は忙しい感じ？
5:38	ヨツカ	めっちゃやってたね
5:38	ヘィヴンダックス	病んでたからな
5:39	EROC	感謝代	￥2,434
5:39	練炭	やる気に満ちあふれてた
5:39	けもー	両立してるから
5:40	太刀だよ	APEX
5:41	みなと	
5:41	豚男	9月は一日3本とかやってて多かった
5:41	Bell	めっちゃやる気あってどうしたかと思った
5:42	けんばく	がんばってたね
5:42	凝固	ゴリスナーとっても嬉しいで
5:42	放浪者	リバウンドしないでね
5:42	とろんべー	たまには遊ばないとね
5:42	はいどれ	えらすぎる
5:43	archer	東京行った
5:44	がらなちゃん	
5:44	kaiei[かいえい]	だいぶ配信したよ
5:44	ぴーわいおー	すごい配信多かったね
5:45	ターニングポイント	後半の勢い凄かったね
5:46	まっちゃん	ということは
5:47	Yuuki	ほぼ毎日配信してたね
5:47	上やんっ!	
5:47	ふくざわゆきち	会社員くらいは配信してた
5:48	nimu	お疲れ様だ！
5:49	無垢-muku-	
5:50	伊吹疾風	めちゃくちゃかわいかったです！	￥500
5:50	佐為21	甲子園で燃え尽きなかったのエラい！
5:51	心刃	遊びに行く予定は事前に言ってたしな
5:51	ユードリックの互除法の使い手	濃かったなぁ
5:52	暇人ではない	バイト少ないけどメンバーなっちゃった！歌良かったです！
5:52	ざんまいTF	適度にモチベーション維持できるくらいで大丈夫
5:53	あらた。	夜に駆けるの時もラストで笑顔になってたし、今回もめちゃくちゃ良かった
5:54	ゆっくり	つまり反動で今月は・・・？
5:54	リンタイラン	本当にえらすぎた
5:56	Tacosi	さくゆいの頻度がすごかった
5:56	ぐだのすけ	色々あったねぇ
5:56	ボウガン	コラボがんばってた
5:57	アキパン	さくゆい供給多かったからな！
5:57	WRyou_Italy	さくゆいが一番驚いたよね
5:57	丸侠	さくゆいよかった
5:57	直樹カナン	大満足な月だったぞ
5:57	兎角	喧嘩凸どこいった？
5:59	せらみっく	えらい
5:59	ガラム	今月さくゆい多めで助かった
6:00	Metallic	草
6:00	ななな	シスコーーーーー
6:00	cana bob	配信多くて助かったわ
6:00	ひまどり	頑張ってた！
6:01	ゴリシスタン	最近ずっと頑張ってるでしょ
6:01	S Murakami	は？
6:02	ぜろぱか	マジで楽しかった
6:02	スーパーなきゅうり	えらいわ
6:06	横山トーマス	策癒い楽しかった
6:07	たこやきたいやき	ホラーもやってたね
6:07	time13 inthattime	さくゆいあったねえ
6:07	ぺーちゃん	会社員
6:08	星野空	行動力あったねマイクラで突発コラボあったしね
6:08	みやぴ	えらい
6:09	めんとす	さくゆいは過剰摂取で体調悪くなる
6:09	kou	つまり今月は
6:09	エーピー	さくゆいはある
6:09	斉藤健介	色々と濃かった印象はある
6:10	bookun 11	補欠の方とダイヤ行ったしな
6:10	心刃	草
6:11	豚男	これから休みたいフラグなのか
6:11	りょうちゃん	草
6:12	うにあ	みすぎやろｗｗ
6:12	ぐだのすけ	草
6:13	ワタル	波があるから今月心配ですけどね
6:13	川原太一	そこ？
6:13	おもチー	綺麗に歌うこと意識しすぎて原曲よりよわよわしい感じはした
6:13	カービィ	草
6:14	みなと	草
6:14	しーく	草
6:14	裏腹さん	え？ｗ
6:14	simasima oni	琥珀糖？
6:14	松井、	草
6:15	アカうぃん	草
6:15	常識じゃない常識	スライム
6:15	エーピー	草
6:15	西アマネ	草
6:15	シュンぱーふぇくと美少女	草
6:16	ととろろろ	草
6:16	しゃけねこ	草
6:16	桃花	草
6:17	raraodk	かわいい
6:17	黎明卿新しきボンドルド	草
6:17	ちゃぽた	草
6:17	KeyKey	草
6:18	チョボマ	草
6:18	さちくろ	お
6:18	村田ネギ	草
6:18	ターニングポイント	草
6:18	うさみ	突然やなｗ
6:18	阿頼耶識	見るんじゃなくて聞け
6:18	アキパン	草
6:19	えふ式	さくゆい永遠
6:19	ソーセン	草
6:19	WRyou_Italy	こいついつもASMR聴いてるな
6:19	うにあ	たべようかｗｗ
6:19	zale	やったぜ
6:19	かわ3	ASMR
6:19	獅子芝	結構ホラーゲームもしてたね
6:19	玖似	滅多にない凸待ちに割と出てた
6:20	ヘィヴンダックス	見るだけで聞かない
6:20	ひがしのそら	草
6:20	楪*	草
6:20	ぷりっつPretz	いいね
6:20	はくさん	asmr
6:21	ふ	草
6:21	モモ	EROC!レディアントおめ
6:21	ネムイ	草
6:21	Metallic	草
6:21	ただのゲーム好き	こんばんしいな
6:21	ガリレオ	草
6:22	なつめ大尉	草
6:23	クリ	ASMRやって
6:23	たべっちかにっち	草
6:23	kou	ASMR配信はよ！！！
6:23	ざんまいTF	しぃしぃの石鹸ASMRまだ？
6:23	ないむん	頼んだんだｗ
6:23	わたらら	草
6:23	かつお騎士	また見てたのか…ｗ
6:24	REO	草
6:24	かおう_____ta	食べてがっかりしそうｗ
6:24	千明空	さくゆいが2回もあった
6:24	ワタル	ASMRで食欲がわく女
6:25	まー。	しぃらじもにゃんらじもあったしね
6:25	しろやま	いいやん
6:25	ケンフー	ただ食べたいだけ
6:26	はくさん	草
6:26	かそく	草
6:26	ろととと	草
6:26	フイム	そこ？ｗ
6:27	a iu	飲み物も頼めばいいのに
6:28	わっちゃん	草
6:29	はいどれ	影響されまくってて草
6:29	がらなちゃん	普通に食べそう
6:29	鳥取太郎	すぐ影響されるやんｗ
6:30	ねいる	ASMRやった！！！！
6:30	かわ3	石鹸も食べよう
6:30	アッシマー	草
6:30	ぎるがめっしゅ	草
6:31	青いザリガニ	草
6:31	まっぴー	おお！？
6:31	ぷりん#凛fam	草
6:32	kiri	草
6:33	川原太一	石鹸も食うんか？
6:33	まっちゃん	病んでるの？
6:33	ちなまる	草
6:33	John Smith	めっちゃハマってるじゃん
6:34	folma	ASMRきちゃ
6:35	S Murakami	ジュポ音聞かせろ
6:35	ふくたろ	石鹸咀嚼音ASMR配信しよう
6:35	人形町交差点	石鹸も咀嚼するの？
6:35	Tacosi	ええやん
6:35	りっぴ	石鹸咀嚼するんか
6:36	クリ	怪我しそう
6:36	おまもり	そんなはまったんか
6:36	ななな	草
6:36	ああ言えばFOR YOU	石鹸ないのかよ
6:36	薄情	すぐ影響される
6:37	ショウタム	わかる。欲しくなる
6:37	うにあ	せっけんもたべるか！！ｗ
6:37	エーピー	石鹸削りたい草
6:37	accelアクセル	草
6:37	たべっちかにっち	食べるだけで終わる可能性
6:37	ぐだのすけ	ASMRで食欲を刺激されるの草
6:37	ちわ	石鹸削れ
6:38	アキパン	ASMRにここにきて意欲的になるの草
6:38	エマノン	そこまで？w
6:38	SugarSyrup	石鹸
6:40	ソーセン	石鹸削りめっちゃ気に入ってるやん
6:40	べべベ	配信きたこれ
6:40	ゴリシスタン	指切るなよ！
6:40	はいどれ	石鹸削りもやってや！！
6:40	松井、	あれ削る方も気持ちよさそう
6:41	神楽	見る専の
6:41	YUKI 417	じゃがりこも持ってきて
6:42	洛水佑馬	ASMR来るー？
6:42	KeyKey	食べたいだけやん
6:42	ゆっくり	石鹸食べるんか
6:42	83ヘチマ	特殊なんだよなぁ
6:42	ふくざわゆきち	聞かんのかい
6:42	リンタイラン	ASMRたすかる〜
6:42	心刃	やるなら刃物気をつけてね
6:43	-Rui-琉唯	食べれる石鹸
6:43	直樹カナン	石鹸削りしぃしぃ
6:44	B hakahaka	納豆は？
6:44	もこもこありえす	配信のネタが一つできた
6:44	a iu	石鹸削り配信は視たい
6:44	Mizuna	石鹸好きすぎだろｗｗ
6:45	ルキルキ	ただ食べたいだけなの草
6:46	さちくろ	あれ削るとき手気をつけてね
6:48	ヘィヴンダックス	病んでるんだな
6:51	鼻セレブ	ちゃんと音ありでたのむでぇ
6:54	心刃	お？
6:54	うにあ	なんだー
6:56	丸侠	妖怪石鹸けずり
6:57	ケンフー	椎名んち音質悪いからなあ
6:57	如月にな	石鹸削るのに手切らないように気をつけてね
6:58	松井、	アペ！
6:58	川原太一	まじ？
6:59	うにあ	あしたイベント！！
6:59	しゃけねこ	お？
7:01	直樹カナン	明日アペ大会やん
7:02	ぐだのすけ	せやねぇ
7:02	黎明卿新しきボンドルド	でも前ASMR用の炭酸水飲んじゃったじゃんw
7:03	シュンぱーふぇくと美少女	せやね
7:03	ねこさん1号	大会ですねえ
7:03	Qoo	明日か
7:03	はくさん	だね
7:04	luka melo	明日やな
7:04	めんとす	喧嘩凸は？！
7:04	りょうちゃん	きたああああああああ
7:04	イカ	石鹸の動画の人みんな手を切りそうで怖いわ
7:04	心刃	明日だっけか
7:04	ぐりあお。	明日っすね
7:04	川原太一	明日
7:05	かわ3	2
7:05	かそく	そういや明日だ
7:05	桃花	大会あるね
7:05	たくとく	練習した？
7:05	まつまえ	明日やな
7:06	Tacosi	明日なのか
7:06	桃purée	そうです
7:06	ざんまいTF	これで石鹸買ってくれ	￥2,434
7:07	iroha ao	明日だ
7:07	もこもこありえす	そうそう
7:07	REO	遂にきたね
7:07	うさみ	でも練習しないんねｗ
7:07	えいの	明日だねー
7:08	83ヘチマ	明日やんけ！
7:08	弾当てられない	明日やね
7:08	うにあ	10月2だよ！！
7:08	たべっちかにっち	明日だね！
7:08	ちゃぽた	そうなんか
7:08	楪*	そうだね
7:09	リンタイラン	明日だね〜
7:09	おもち忍者	
7:09	みやぴ	そうだね！
7:09	カービィ	明日か！
7:10	鼻セレブ	明日やな
7:10	S Murakami	喧嘩凸！？
7:11	サイバラ	まじか
7:11	taketo RONA	明日がAPEXで明後日が喧嘩だっけ
7:11	nimu	明日か
7:11	zale	大会というか交流企画ね
7:11	シャムねこ	そうそう
7:12	もんぬサマー	vsUUUM！！
7:12	パズー犬	もう明日か
7:12	KeyKey	UUUM VS にじさんじ
7:12	うどんこねっと	明日だねえ
7:12	ととろろろ	エイム温まってる？
7:12	とおのマン	しぃしぃ練習いいんか
7:13	ふぉるす	明日だね
7:13	ねこさん1号	朝練する？
7:13	エーピー	明日かあ
7:14	スーパーなきゅうり	大会だよ
7:14	かおう_____ta	うおおおおおお！！
7:14	月の石	落選したわー
7:14	桃野パピコ	さすがに忘れてなかったか
7:16	ワタル	マジ！？急だなｗ
7:16	みなと	草
7:16	ゆり•	やった！！！！
7:17	青いザリガニ	APEXどんな感じでやるんだろ
7:17	ぎるがめっしゅ	明日だね
7:17	とらくしい	明日だ！
7:17	ぷりん#凛fam	忘れてなかったか
7:17	ぺーちゃん	明日だね〜
7:17	みなみ	今りりむ頑張ってるね
7:18	たくみん	なにすんのー？
7:18	ぴーわいおー	出場するの？
7:18	神楽	遂に
7:19	ぽぽぽぽぽぽ	UUUMとにじさんじの対抗戦だっけ
7:20	かそく	何すんだろう
7:20	ターニングポイント	何か詳細とか出てたっけ
7:20	toy2	原神やってる場合じゃねえ！
7:20	cana bob	そもそも最近してなくない？
7:21	ヘィヴンダックス	俺たち待ちに待ってたっけ？
7:21	えふ式	お料理ASMR助かる
7:22	よういち	明日のイベント抽選外れたわ～～
7:24	ずしりしかかたん	
7:24	斉藤健介	もう明日か
7:24	ろろ	草
7:24	松井、	チームとか決まってんの？
7:25	かわ3	uuum
7:26	まと	なんかいまいち情報出てないな
7:27	はいどれ	触っとかなくて大丈夫か？
7:27	ガリレオ	戦争だよ！
7:27	コーバァー	はえぇな、明日かぁ
7:27	クロエ	笹木と椎名のお悩み相談またやってほしい。
7:28	ざんまいTF	光陰矢の如し
7:28	心刃	どういうあれなのかイマイチわかってない
7:28	アキパン	ヒカキン倒すぞ！
7:28	丸侠	喧嘩凸ﾏﾀﾞｰ??
7:28	Tacosi	情報がなさすぎる
7:29	リンタイラン	にじVSUUUM
7:29	ミニドラ	しぃしぃ企画しないの？
7:29	ぷりっつPretz	そだね
7:29	常識じゃない常識	vs UUM
7:31	ちなまる	Apex
7:31	ケンフー	チームとかの話？
7:33	nep	情報がほぼゼロ
7:33	樹形図	もうぶつ切りした？
7:34	シュンぱーふぇくと美少女	落選した
7:34	村田ネギ	チーム分けどうなるのかわからん
7:34	MINA METAL	今日練習配信してくれ
7:34	桃園あい	チーム分けどうなってんの？
7:34	ひまどり	楽しみすぎる！
7:34	クリ	何すんの？
7:34	luka melo	何も情報わからん
7:35	WRyou_Italy	あれどういう内容なのかまだ分かってない
7:35	玖似	レギュレーション不明すぎる
7:36	キカイジマ	チームとか全然知らない
7:36	直樹カナン	お？
7:37	もち	りりむは頑張ってるのに
7:37	ユーリンチー	なんもわからんです
7:37	フロんぬ	もう明日か
7:37	たべっちかにっち	キルポと順位なのかな？
7:38	イノウエシンイチ	誰と組むの？
7:38	心刃	へー
7:39	松井、	ほう！
7:39	凝固	ヒカキン倒そうぜ！
7:40	ぷりっつPretz	
7:40	ないむん	おー
7:41	Qoo	落選したー
7:41	もんぬサマー	UUUM、にじさんじ、リスナーの三つ巴になるよね
7:42	けもー	概要がまったく分からん
7:42	ととろろろ	リスナーとやるらしいということしかわからん
7:42	うどんこねっと	チームはよ公開してくれ～
7:42	ねこさん1号	やめとこ
7:43	もこもこありえす	どんな組み合わせになるんやろ？
7:43	のむ	打倒
7:43	あらた。	なるほどね
7:44	zale	ずしり頼んだ
7:44	Jump Around	何も発表がない……
7:45	まあライオン	夜に原神やってていいの？ｗ
7:45	ヘィヴンダックス	じゃあ言わんでいいか
7:46	うにあ	明日になってから？？
7:46	うさみ	チーム分けとか発表されてないね
7:47	エーピー	わかんないよね
7:48	ぐりあお。	なんも聞いてないし、何もわかってない
7:48	てぃーるる	情報があんまなくてよくわからない
7:48	直樹カナン	ずしり？
7:48	ニコフ	何も知らん
7:49	ぐだのすけ	ほうほう
7:50	まーぼー	明日か！
7:50	John Smith	なんも情報聞いてない
7:50	アキパン	みんな言ってないからまだ言わない方がいいかもね
7:53	青いザリガニ	情報出てない気がするね
7:54	もこもこありえす	特に公表されて無いねぇ
7:56	ぷりん#凛fam	なるほど
7:56	cana bob	組むのバラバラなのかな
7:57	蓬莱来訪	楽しみ
7:57	斉藤健介	なんも情報がないから謎だらけ
7:58	館橋水奈都	そうなのか
7:59	ふくざわゆきち	あれどういう基準で選んだんだろ
7:59	ゴリシスタン	ヒカキンしばけるの？
7:59	薄情	へー
7:59	鼻セレブ	言うのは辞めとけ
8:00	かおう_____ta	おおー
8:00	はむ	ずしりだと思ってる勝手に
8:00	トラ	ずしりが見てえ…
8:00	うにあ	情報は明日かな
8:01	ニュンニュン	その大会があること知らない人多そう
8:02	ユニバァァァス	ずしり見たすぎる
8:02	京林	へー
8:03	玖似	エビオとぷてち司会
8:03	おさかな.	UUUM
8:05	luka melo	あーそんな感じなのか
8:05	Metallic	草
8:05	神楽	分からないね
8:06	ケンフー	椎名かよ
8:06	B K	りりむが頑張ってることしか知らん
8:07	ミニドラ	えーぺっくしやってる？
8:07	うーかー	それ、しぃしぃでんの？
8:08	iroha ao	いつ情報出るん
8:08	kou	昨日のFallguys熱かった
8:08	accelアクセル	総会費といろいろ代	￥1,000
8:08	83ヘチマ	草
8:10	心刃	草
8:10	もんぬサマー	これ勝ったらHIKAKINさんの猫ワンチャンあるで
8:10	ソーセン	謎だ
8:10	村田ネギ	ライバーとリスナーが組むわけじゃないのか
8:10	ふぉるす	大丈夫かな？ｗ
8:11	たべっちかにっち	それはそう
8:11	time13 inthattime	ずしりだと強すぎる気はする
8:11	はららん!!	おはしぃな～
8:12	博多の塩	当日発表か？
8:13	クーラー	ずしりみたい
8:14	もこもこありえす	当日発表なんかな？
8:14	ねこさん1号	サプライズということで楽しみにしてる
8:14	Kino Suzuki	あれ良く分からん
8:16	ろととと	ふんわりしてて草
8:16	アルカノイズ	ちーさん、リツイートしてた様な
8:16	ヘィヴンダックス	呼ばれた理由もよく分からんし
8:16	サキ	総会遅刻した！！
8:17	KeyKey	そういう感じなのか
8:17	桃園あい	練習配信とかあるん？
8:17	ガリレオ	誰もわからないやん
8:18	サワリハス	シークレットすぎる
8:18	ひがしのそら	そういう感じか
8:19	ふくたろ	誰も言っていいか知らなそう
8:20	taketo RONA	にじさんじで組むのか
8:22	ざんまいTF	がんばれー
8:22	玖似	ヒカキン狙いで行こう
8:23	MINA METAL	頑張れ
8:23	B. D.	リスナーチームやばそうだなぁ
8:23	もにぎり	ヒカキンの猫になるチャンスある？
8:24	黎明卿新しきボンドルド	割とふわふわしてんのなw
8:25	ケンフー	２１時からね
8:25	kaiei[かいえい]	りりむ練習してるね
8:27	放浪者	ヒカキン倒そう
8:27	John Smith	そもそもどこのチャンネルでやるんだ？
8:27	心刃	なんで司会えびぷてなんだろうか
8:27	ほしがみ	APEX やるんだ！ｗ
8:28	パンダ	えびおの司会うるさそう
8:28	WRyou_Italy	まあ当日のお楽しみって事で
8:29	かつお騎士	Youtubeの公式企画なのすごいよな
8:30	うにあ	大会いいよなー
8:30	御風mikaze	ぷてちは賑やかしって言ってたな
8:31	斉藤健介	それ大丈夫なのかな？笑
8:31	めんとす	ついにヒカキンにフォローされる時が来たか
8:31	あらた。	つよつよエイム見せてくれ
8:33	みやぴ	がんばれ！
8:33	あいう	楽しめな
8:35	もんぬサマー	チーム気になるね
8:35	かわ3	買ったら
8:35	ぴーわいおー	おお！頑張って!
8:36	うさみ	出るからにはちゃんぽん見たいな
8:37	やとーふ	チーム連とか無しで大丈夫なの？
8:37	たこやきたいやき	HIKAKIN
8:38	ユニバァァァス	司会の人選おもろいね
8:39	鼻セレブ	ずしりで轢き殺したれ
8:40	nep	まあダイヤいったしいけるでしょ
8:40	きちぇない丸	盛り沢山だったな
8:41	ろろ	がんばえ～
8:45	松井、	楽しみや
8:47	ぷりん#凛fam	だからチーム練習とかの配信ないのか
8:47	丸侠	リスナーチーム枠あるの？？
8:48	ひがしのそら	野生のプレデターいそう
8:48	simasima oni	草
8:48	ターニングポイント	草
8:48	とらくしい	草
8:48	ミドレー	草
8:48	かおう_____ta	なるほどー
8:49	心刃	なるほどね
8:49	アキパン	なるほどｗ
8:49	taketo RONA	あっぶなｗ
8:49	直樹カナン	あぶねー
8:50	桃野パピコ	こわw
8:50	ざんまいTF	エリートゲーマーリスナーチーム
8:50	うにあ	そうなんだ
8:51	83ヘチマ	ヒカキンぶちのめして猫もらおう
8:52	カービィ	なるほどｗ
8:52	ヘィヴンダックス	なるほど
8:52	篝火カガリビ	総会費	￥1,000
8:53	a iu	草
8:53	yuki 4205	大会のこと全然わかってないぴえん
8:54	ふぉるす	なるほど
8:54	ぺーちゃん	草
8:54	ふくざわゆきち	コメデターだから応援だけしとくわ！
8:54	かそく	なるほど
8:54	おさかな.	ヒカキンさんとつながり持ってこ
8:55	archer	正直よくわからない
8:56	エーピー	草
8:57	ぐだのすけ	なるほどｗ
8:57	ぜろぱか	なるほどｗ
8:57	Z H	どういうチームなん？
8:58	楪*	草
9:01	心刃	楽しみだな
9:02	うにあ	なんも情報でてないんじゃね？？
9:04	獅子芝	なるほろ
9:05	まと	情報伏せすぎてて宣伝足りてないよなあ
9:07	ケンフー	意外なチームなのかそれとも
9:08	ざんまいTF	今！？
9:08	村田ネギ	もう前日なのにｗ
9:08	Kazakura	なるほど？
9:09	カモン	裏では練習したの？
9:10	斉藤健介	リスナーチームは強そうだなぁ
9:11	松井、	いいね
9:13	Mizuna	りりむとは一緒かなって思う
9:14	ねこさん1号	
9:14	ふぉるす	確認
9:15	zale	マネージャー頼むぞ
9:17	もこもこありえす	確認大事ね
9:18	博多の塩	確認
9:19	taketo RONA	当日までの楽しみってやつもいいものよ
9:20	ライブアライブ	またシスコさんに教えてもらわないと
9:22	ぼたもっちん	えらい
9:22	焦げパン	あんま情報でてないよな
9:22	かおう_____ta	ずしりかなー？
9:22	うさみ	大会やる以外の情報ないねぇ
9:25	ミドレー	
9:26	はくさん	
9:26	アルカノイズ	公式で発表あったやろ？
9:27	ミニドラ	原神やってくの？
9:27	必殺新撰組	大会きっかけで、にじさんじとHIKAKINさんとのコラボできたらいいね
9:27	83ヘチマ	情報なさすぎて謎
9:28	a iu	いま聞くの草
9:28	放浪者	ということはずしりか！？
9:29	Lyme _	ずしり
9:29	まっちゃん	(
9:29	ケンフー	フォールガイズとかめっちゃ練習してたしね
9:29	うにあ	確認はだいじよ
9:31	丸侠	なお本日、大会前日（）
9:31	アジ	ずしり期待
9:31	ヘィヴンダックス	チーム「
9:32	スーパーなきゅうり	ずしり待機
9:33	ずんずん	見てないだけで色々変わってたりして
9:33	たこやきたいやき	予想ずしり
9:33	もこもこありえす	ここで聞くんですか！？
9:34	鬼頭亀次郎	👍	￥6,100
9:34	もにぎり	
9:34	Metallic	
9:34	めんとす	返って来なそう
9:35	松井、	
9:35	アキパン	確認できてえらい！
9:36	WRyou_Italy	聞けてえらい
9:37	ゆの	かなしぃえる！？
9:39	やとーふ	一般枠でシスコくる？
9:40	あるま	聞けてえらい
9:40	Yuri	ほなコーンフレークとちゃうかぁ
9:41	ソーセン	リアルタイムで聞いていくスタイル
9:41	かわ3	課金やな
9:42	time13 inthattime	りりむが第一報な時点でな
9:43	Kino Suzuki	情報が出てないよね
9:45	うーかー	野球でてんかいじボコボコにするの待ってます！！！
9:45	ぷりっつPretz	ナナね
9:46	ざんまいTF	やりたいこと多くて時間足りない
9:46	さちくろ	七七・・・高い女・・・
9:46	松井、	七七ほしいね
9:47	taketo RONA	しぃしぃね
9:47	ターニングポイント	ガチャるのか
9:47	もんぬサマー	ナナ、だよw
9:48	エーピー	なななな
9:48	Tacosi	コンプライアンスがしっかりしてる
9:48	まつまえ	なななな！？
9:48	mokuto	仕事早いねえらい
9:48	ユーリンチー	ジョイマン
9:48	アキパン	ななななかわいかったね
9:48	直樹カナン	原神大流行ね
9:48	りょうちゃん	七七
9:48	マングース	ハマってるねえ
9:49	かおう_____ta	しぃしぃに似てるのね！
9:49	はいどれ	またガチャですか！？
9:49	てぃーるる	七七かわいい
9:49	桃野パピコ	課金するんか
9:49	うにあ	今日は七七かきんですか！！
9:50	ワタル	一点狙いは闇すぎるぞ
9:50	Yuuki	ガチャ引く？
9:50	キカイジマ	前日だから
9:50	斉藤健介	配信のやる気凄いっすね
9:51	リンタイラン	ジョイマンかな
9:52	タイダー	えらい
9:53	サワリハス	いいよね
9:53	N R	シスコはもうにじさんじ
9:53	めんとす	Nananana
9:53	白の落書き	風邪気味？
9:54	ぐだのすけ	七七ほしがってたねぇ
9:54	こまち	七七（なな）
9:54	たべっちかにっち	かわいいよねぇ
9:54	ないむん	星5キャラか
9:54	ふくざわゆきち	あんま情報ないから実は大会がデマだったんじゃないかって思ってきた
9:54	奥歯フロート	みんな好きやね
9:54	がる	ナナねw
9:54	ろととと	七七！
9:54	ふぉるす	七七（なな）
9:54	つけ麺つけ麺僕つけ麺	七七ちゃんかわいいよね
9:55	りりり	原神助かる
9:55	WRyou_Italy	ミニしぃしぃ
9:55	あいう	まじで狙いに行くんや
9:55	Siori	なななな！？
9:56	ゴッツ	七七（なな）
9:56	パズー犬	なななな
9:58	うどんこねっと	なななな
9:58	青いザリガニ	ジョイマン！？
9:59	tooka saka	え
9:59	しゃけねこ	草
10:00	Metallic	草
10:00	天野岬	原神たのしいね
10:00	がらなちゃん	ナナナナーナナナナー
10:00	Ketaけた	なななな
10:00	みなみ	ずしりか～？
10:01	ユードリックの互除法の使い手	なななな
10:01	カービィ	なななな～
10:01	ウサギかカメ	ななななーななななー
10:01	松井、	ガチャしてくれるのいいね
10:02	ケンフー	何回言うんだよ
10:02	zale	最悪誰か居なかったらシスコ（補欠(にじさんじ)）要るし何とかなるな
10:02	ぐだのすけ	なななな～
10:02	luka melo	一点狙いは闇
10:03	かそく	ジョイマンかな？
10:03	yuki 4205	りりむが大会練みたいな配信してて妄想なのかなと思ったくらい無知
10:03	はばねろぉ	風邪気味？
10:03	よういち	原神のガチャ代の足しにして…	￥500
10:04	time13 inthattime	七七しぃしぃにそっくりなんだよな
10:04	トラ	かなかな
10:04	りょうちゃん	ジョイマンなるぞ
10:04	エーピー	四四は？
10:05	ぜろぱか	なななな～
10:05	dekarucha	なななな
10:06	楪*	なななな
10:06	がる	じょいまんww
10:06	ぺーちゃん	なななな
10:06	83ヘチマ	ロリしぃしぃ欲しい
10:06	ワタル	ピックアップされてない一転狙いはマジでやばい
10:07	心刃	あら
10:07	ヴィヴィ	小さいきょんしぃしぃ
10:07	かおう_____ta	草
10:07	im	ジョイマンじゃねーか
10:07	B 5	ななななでなな
10:08	丸侠	ジョイマンかな（すっとぼけ
10:08	スーパーなきゅうり	引こうと思うは強者
10:08	ねこさん1号	え
10:08	ケンフー	今じゃねえだろ
10:09	ミニドラ	今日は休むか
10:10	tsukihi ao	地獄の門が開いたな・・・
10:11	わたらら	狙いに行くのか！
10:11	田舎満喫奴	ジョイマン？
10:11	Yuuki	風邪か！？
10:11	タコスミス	大丈夫？
10:11	ゴリシスタン	なんだこいつ～～！
10:11	a iu	ななななでなななんだ？
10:12	kiri	ジョイマンきたね
10:12	心刃	飴なめてもろて
10:13	桃花	大丈夫かw
10:14	みなと	草
10:14	zale	まさかのリラルタイムだったのか・・・
10:14	ぐだのすけ	草
10:14	鼻セレブ	ミニしぃしぃ
10:15	ざんまいTF	タピオカ不足じゃね
10:15	うさみ	霊能者っぽい子
10:15	もんぬサマー	ステージで歌ってきたところだからな…！
10:15	Yuri	リアルタイムで歌ってた？笑
10:15	オクラトラ	生歌だったのか
10:15	川原太一	予想は1人だけV
10:15	FF. nanasi	今北今までの内容教えてクレメンス
10:16	カルピス	鼻もずびずびしてんね
10:16	かんぱち	歌ってみたはライブだった…？
10:16	豚男	鼻水出てるし普通に風邪やぞ
10:16	黛ヒロユキ	引く気満々じゃん
10:17	トレボー	腹だして寝てたんじゃないの？
10:17	村田ネギ	原神しすぎてAPEXの腕が衰えてそう
10:17	うにあ	ジョイマンｗｗ
10:17	桃purée	なんだこいつ〜
10:18	ふくざわゆきち	ロリ椎名
10:18	ちなまる	なななな
10:18	獅子芝	いま！？
10:19	もこもこありえす	最近めっきり冷えてきたしな
10:19	accelアクセル	ジョイマンは草
10:19	はくさん	ボブ・マーリーじゃん
10:19	Kazakura	歌ったのもっと前やろｗ
10:20	ヘィヴンダックス	一曲で死んでて草
10:20	かおう_____ta	アイドルの代償
10:21	中野	七七完凸耐久？
10:21	Suzuya	無理はせんでもろて
10:22	ふぉるす	時間差すごくね？ｗ
10:22	まめすきまめよし	加湿器つけてもろて
10:23	ラマ	ななななー
10:25	つま先鬼ごっこ	生だった説
10:25	オレオ	声かすかすやん！大丈夫？
10:26	あいう	ジョイマン草
10:27	ととろろろ	かすかすでUUUMと戦うことになるぞｗ
10:27	星野空	そういや喧嘩凸待ちはどうなってるん？
10:27	time13 inthattime	昨日の虹スパは笑った
10:27	luka melo	いや歌ったのは結構前じゃないのか
10:27	んだにゃ	なんだこいつ～
10:29	うどんこねっと	よるみがしぃしぃ使って、しぃしぃがよるみ使うの好き
10:29	神楽	生歌だったのか
10:31	もこもこありえす	キョンしぃしぃ！？
10:32	川原太一	散々貰ってたやろ
10:33	めんとす	沼るわ
10:36	ちなまる	アイドルやったからか
10:37	まあライオン	えらい
10:37	アキパン	ほどほどでいいよｗ
10:37	かおう_____ta	きてくれー！
10:39	たべっちかにっち	多分！
10:39	ソーセン	ピックアップされてないから地獄だ
10:41	凝固	スクラッチが痛かったな
10:41	ゆの	ピックアップじゃない最高レア引くのは闇
10:41	心刃	ほんと？
10:41	まつまえ	一点狙いは沼
10:41	トラ	もう遅くね？
10:41	かわ3	闇ガチャの一点狙い地獄やで
10:42	Mine	おはしいなー
10:42	もにぎり	
10:42	エマノン	等身バランスとかそっくり
10:42	WRyou_Italy	自制できてえらい
10:42	ぷりん#凛fam	アイドル喉大事にせなな
10:43	ヘィヴンダックス	10000
10:43	ふぉるす	ピックアップ待った方がよくね？
10:44	く〜じょ〜じょ〜たろ〜	ななななーななななーなななな軟骨～
10:45	ライブアライブ	夜見さんって課金したの？
10:45	ざんまいTF	10万円
10:46	みなみ	夜見いくら課金したの？
10:46	たいやきあんこ	出るまで回そうな
10:46	hxppy thxughts	hellow owo
10:46	たこやきたいやき	いーや、沼るね
10:46	うにあ	さすがに1万ぐらいにしとこ
10:46	ワタル	マジでピックアップされてないのはヤバイでｗ
10:47	shohei san	dmm・・・・
10:47	エーピー	えらい
10:47	taketo RONA	引くとガチャよくが出てくるんよな
10:48	ルーティルアルカード	15万じゃなくて？
10:48	うさみ	七七のピックアップとかない感じ？
10:48	ぽぽぽぽぽぽ	それでいい
10:48	kou	ジョイマン！？
10:50	がらなちゃん	無理のない課金を
10:50	ふくざわゆきち	ほんまござ？
10:50	83ヘチマ	かなかなは
10:50	toy2	ほんまござ？
10:50	ハコノクラゲ	一点狙いは闇
10:50	豚男	かなかな大爆死しとるし
10:50	もんぬサマー	いうほど「だけ」かな。
10:51	松井、	1
10:51	みやぴ	ほんとか？
10:51	Yuuki	1万だけだぞ…！
10:51	ぷりっつPretz	刻晴もかわいい
10:52	Ei NAGOMI	せやろか
10:52	sayyoh	原神個人情報ぶっこ抜かれるって聞いたけど大丈夫なん？
10:52	黎明卿新しきボンドルド	そう言ってる奴ほど入れ込む
10:52	B hakahaka	かなかな11万やで
10:53	さちくろ	それで引けたら割と神が宿ってる
10:53	_ chami	えらい
10:53	てぃーるる	まじで天井じゃないと星
10:54	はいどれ	一点狙いはマジで無理
10:54	eico	かなかなは10万
10:55	洛水佑馬	果たして自制できるのか
10:57	AMZON COM	偉いけど1万じゃ無理そう
10:57	Kazakura	11万円！？
10:57	もこもこありえす	冷静に考えて
10:58	佐為21	しぃしぃ「もう１万だけ…）
10:58	かそく	我慢できてえらい
10:58	はくさん	無理のない課金大事！
10:59	ぐだのすけ	PU外だしねぇ
11:01	うどんこねっと	1万でいけるかな～って
11:02	zale	あんなにスクラッチするのにガチャはちゃんとするの草
11:02	ゆの	ピックアップ時に天井まで引くのが良さそう
11:03	神楽	これは沼の前兆
11:03	うにあ	そもそも椎名さん豪遊しすぎてね？？
11:03	Clive Owen 123	hi mam
11:04	ろととと	スクラッチに
11:04	アズキ8	ピックアップじゃないのは無理くさい
11:04	楪*	ピックアップ待ちが安牌
11:05	ぴーわいおー	課金しすぎ注意だね
11:05	ベクトル	おは
11:05	じゅるり	ほんまござ？
11:06	エーピー	かなかなヤバくない？
11:06	a iu	一万円は大金です
11:06	ととろろろ	かなかなは12万なのに
11:06	たいが	スクラッチとどっちがあたりやすいんだろう
11:07	桃園あい	夜見いくら使ったんだ？ってぐらい☆5揃ってんね
11:08	Metallic	草
11:08	心刃	草
11:09	アキパン	草
11:10	とろんべー	叶より高い女とかおらんやろ
11:11	パズー犬	かなかなにはあんなに使ったのに
11:11	つけ麺つけ麺僕つけ麺	草
11:11	ケンフー	１５万だよ
11:11	Yuuki	1万で引きたいね～
11:11	TAMA	ツイステどうですか
11:12	星野空	課金するなら5000とか他のオマケついてるやつからかったほうがいいで
11:12	松井、	サイコパス草
11:13	りりり	かなかな見習ってもろて
11:13	みずつき	もっと回してこー！
11:13	ぷりん#凛fam	あと
11:13	動画太郎	サイコパスｗ
11:14	tsukihi ao	一瞬で消し飛ぶ１万円・・・
11:14	桃purée	一点狙いは闇ってかなかなに解らされた
11:14	こまち	かなかなまたコンビニ行ってたよｗ
11:15	けんばく	なんでもサイコパスやん
11:15	もんぬサマー	夜見さんいくら使ったんだろ…
11:15	ぷりっつPretz	1
11:15	まっぴー	スクラッチ分あれば余裕やったやろなぁ
11:16	中野	サイコパス課金しがち
11:16	kiri	DMMスクラッチにいくら使いましたか…？
11:17	フロんぬ	1
11:17	ざんまいTF	あ、これ10000で済まないヤツ…
11:17	えすと	七七でました、ありがとうございます。	￥500
11:17	ルーティルアルカード	くじと一緒だよ
11:18	sakutaro	スクラッチで10万使ったくせにｗ
11:18	A00	ピックアップしてないの狙うなら10万でも厳しそう
11:19	かおう_____ta	ついにきたな！
11:19	もち	今を生きている
11:19	まーぼー	止まるんじゃねぇぞ・・・
11:20	ガリレオ	きたあああ
11:20	めんとす	周りにサイコパスしかいない女
11:20	ユードリックの互除法の使い手	まぁ他も当たるかもだしね
11:20	Metallic	
11:21	凝固	喧嘩だあああああああああああああああぁぁぁ！！！！！！！！！
11:21	toy2	まあPUなんか待ってたら椎名さん飽きてる
11:21	うさみ	DMMで12万いってましたよね・・・？
11:22	ぷりっつPretz	やるんか
11:22	えふ式	やはりかなかなはサイコパス
11:22	松井、	喧嘩凸きちゃー！！！！
11:22	てけてけ	ケンカ凸きちゃぁぁぁぁ
11:23	エーピー	へー
11:23	村田ネギ	告知動画！？
11:23	かおう_____ta	おお！！！
11:23	みなと	おおー
11:23	サワリハス	おおおおお
11:23	かそく	おお！？
11:23	Ketaけた	！？
11:23	ろろ	おお！
11:24	く〜じょ〜じょ〜たろ〜	おおおおお
11:24	かんぱち	告知動画！？
11:24	すまんも	きちゃ！
11:24	ねこわん	ほう
11:24	うにあ	動画でるんか！！
11:24	アキパン	喧嘩凸きちゃあああ
11:24	さちくろ	来たか！
11:24	チョボマ	ほう
11:24	ナオチャン	きちゃーーー
11:25	もんぬサマー	おお
11:26	心刃	喧嘩凸だああああああああ
11:26	黎明卿新しきボンドルド	しぃしぃもスクラッチ10万溶かしたけどね
11:26	エコー	いいねー
11:26	ひがしのそら	きちゃあああああああ
11:26	ふぉるす	おお！！！
11:26	ないむん	ついに！
11:27	おし	遅刻総会費	￥1,220
11:27	ケンフー	わざわざ告知動画ｗ
11:27	たくみん	ついに
11:27	ななかな	！？
11:28	まつまえ	告知動画マジ！？
11:28	Yuuki	告知動画あるのかｗ
11:28	time13 inthattime	おおお！！
11:28	B 5	喧嘩凸きた！！！！！！！！！
11:28	脱走したゴリラ	凝ってて草
11:28	ターニングポイント	告知動画！？
11:29	リョコウバト	告知動画！？
11:29	アカうぃん	うおおおおおおおおおおおおおおおお
11:29	ひまみずお	動画！
11:30	おまもり	動画でんの！？
11:30	zale	告知まであるのか
11:30	すまんも	動画！？
11:30	タイダー	喧嘩凸きちゃー！
11:31	KeyKey	ついに！
11:31	とろんべー	なにっ
11:34	Cymbals21	告知動画とか珍しい
11:34	弾当てられない	告知動画！？
11:34	ネムイ	おお
11:35	モモ	まじか！！
11:35	わっちゃん	喧嘩凸待ちほんと楽しみ
11:35	村人exe	ござパンチャンス
11:36	京林	マジか
11:36	ゆの	喧嘩凸待ってた代	￥1,000
11:36	リンタイラン	告知動画！？
11:37	ケブカサイ	きちゃ
11:37	nimu	動画出るのか
11:37	心刃	動画あるんか！？！？！？！
11:37	ろととと	喧嘩凸の告知！？
11:38	Qoo	動画！？
11:38	フロんぬ	けんかだ
11:38	エーピー	告知助かる
11:38	ryu say	喧嘩凸きたああああああ
11:38	Mizuna	喧嘩凸待ちきちゃあああああああああ
11:39	ぽりめらーぜ!	ほー
11:39	まと	l告知動画まで出すとか本気やん
11:42	神楽	喧嘩凸！？
11:42	えそら	でろーんの指導動画か？
11:43	ちなまる	喧嘩凸きちゃあ！！
11:43	まっぴー	ザレンさんとの喧嘩凸楽しみ
11:44	桃花	告知するんかw
11:44	はははままま	告知動画？
11:45	83ヘチマ	なるほどね
11:46	りょうちゃん	おおおおお
11:46	コーバァー	お！
11:46	はいどれ	めっちゃ凝ってるじゃんｗｗ
11:47	chromin クロミン	草
11:47	Hana Tsukimi	動画で喧嘩だと...
11:47	ユキダルマ	なるほど
11:47	鬼頭亀次郎	何でもサイコパスサイコパスってサイコパスに失礼だと思わん？
11:48	みなと	動画で喧嘩ｗ
11:48	松井、	なるほど
11:48	かおう_____ta	草
11:49	SEITO COD	おお
11:49	うどんこねっと	なるほどね
11:50	ぐりあお。	すげぇな
11:50	クリ	告知動画ってなんだよｗ
11:51	こまち	おおおお
11:51	なつめ大尉	うおおおおお！！
11:51	うにあ	ぬるい喧嘩ｗｗ
11:51	ぐだのすけ	ぬるい喧嘩ｗ
11:51	ワタル	ヌルいは草
11:52	taketo RONA	ぬるい喧嘩とｈｓ
11:52	ミカグラ	草
11:52	Iceman	おお
11:53	青いザリガニ	ぬるいｗ
11:53	柊秋夜	ござぱんか
11:53	みやぴ	楽しみ！
11:53	ざんまいTF	爆撃動画
11:54	ハムストリングスはっはは	喧嘩きちゃ
11:54	さちくろ	スパーリングか
11:54	puro ＦＢ	告知動画だと
11:54	ととろろろ	前哨戦か
11:54	pankys	力入ってんなー
11:55	く〜じょ〜じょ〜たろ〜	ぼこぼこじゃああああああ
11:55	たべっちかにっち	楽しみ
11:56	てぃーるる	楽しみすぎてハゲそう
11:57	えだまめ	そんなでかい企画だったのか
11:57	もにぎり	ボコボコにされて泣きそう
11:57	とろんべー	喧嘩商売
11:58	ヴィヴィ	キャットファイト
11:58	Metallic	草
11:59	ぺさま	ごザパン案件きちゃー
11:59	もこもこありえす	ぬるいってなんだよ
12:00	松井、	いいねぇ！！
12:00	心刃	指導きた！
12:00	鼻セレブ	ぬるい喧嘩助かる
12:00	くんポー	こんばんは〜
12:00	アキパン	でろーんの指導ｗ
12:00	ひまどり	おぉ！
12:00	放浪者	おおお！！！
12:01	ひがしのそら	まじかｗ
12:01	ちなまる	草
12:01	はくさん	指導草
12:01	エーピー	喧嘩動画草
12:01	ゴリシスタン	来るのかｗｗ
12:01	うにあ	おおおお！ｗ
12:01	リョコウバト	草
12:02	けもー	本番はぬるくないと？
12:02	かおう_____ta	おおおおおおお！！
12:02	ぐだのすけ	指導ｗ
12:02	上やんっ!	なるほど
12:03	うさみ	喧嘩凸の配信時間ってもう決まってるん？
12:03	桃purée	ぬるいは草
12:03	ねこさん1号	
12:04	トレボー	こわぁ
12:05	iroha ao	喧嘩の告知
12:05	AMZON COM	おぉ！
12:05	ミカグラ	ぬるい喧嘩動画ってなんだ...？
12:05	中野	指導は草
12:05	ふぉるす	でろーん先生！
12:05	村田ネギ	こっわ
12:06	もんぬサマー	ガチ指導じゃん…
12:06	フォルモサゴリラー	勝ったな
12:07	人形町交差点	プロの監修
12:07	黎明卿新しきボンドルド	おお
12:07	アズキ8	負けじゃん
12:08	ぜろぱか	草
12:08	ねこわん	まじかｗ
12:08	桃園あい	クッソ楽しみなんだが？
12:09	サワリハス	力入ってるなw
12:09	BSR	おぉ！
12:09	しゃけねこ	楽しみ！
12:10	たべっちかにっち	でろーんくるのいいなぁ
12:10	川原太一	こわいわー
12:10	PON	喧嘩凸まじでやるの？
12:10	斉藤健介	マジでやれるとは思わなかった笑
12:10	りんぼく	うおおおおおお楽しみ！！
12:11	ざんまいTF	ボコボコ大福…
12:12	Tacosi	楽しみすぎる
12:12	佐為21	勝ち確やん
12:12	カモン	なんかでかい企画になってて草
12:13	丸侠	でろーん師範で草
12:13	Gale ria	語部にも凸するの？
12:13	すまんも	気の入った喧嘩凸だ
12:13	あいう	でろーん声だけやろ
12:13	B 5	古き良きニコ生の文化
12:14	もこもこありえす	でろーんコーチきちゃあああ
12:14	エーピー	草
12:15	ヘィヴンダックス	画面を飛び越えて拳が飛んできそう
12:15	ターニングポイント	草
12:15	ライブアライブ	ござござしてきた
12:15	ぼたもっちん	わくわく！！
12:15	わたらら	ひえぇ・・・怖いぃ
12:15	松井、	泣きそうになったら通話切ろうな
12:15	心刃	草
12:16	うにあ	本番はマジ？？
12:16	おたた	強すぎる
12:17	ぐだのすけ	草
12:17	Yuuki	草
12:17	れお	草
12:18	青いザリガニ	草
12:18	ふくざわゆきち	草
12:18	神楽	ぬるい
12:18	アキパン	草
12:19	めんとす	草
12:19	かおう_____ta	いざとなったらでろーんと変われば負けないな！
12:20	ASAKA	総会費。喧嘩凸楽しみすぎる	￥10,000
12:20	かんぱち	後ろで睨み効かせられたら
12:21	心刃	恥ずかしくなったかｗ
12:21	ひがしのそら	草
12:22	taxi	ほんまにやるんか！
12:22	タイダー	喧嘩プレデターでろーん
12:22	ないむん	草
12:22	マングース	ぬる喧嘩草
12:22	Jumpei	草
12:22	文京区	本番はガチ
12:22	こまち	草
12:23	taketo RONA	だめそうｗ
12:23	心刃	草
12:24	ヴィヴィ	草
12:24	kaiei[かいえい]	でろーんさんくるんか・・・ｗ
12:24	ラックさん	総会費です	￥2,434
12:24	悠斗	でろーん後ろにいるの怖すぎ
12:24	さちくろ	？
12:24	ちなまる	草
12:24	かんぱち	は？
12:24	かわ3	は？
12:25	星野空	え？
12:25	四季丸#凛fam	たのしみだ
12:25	B. D.	ん？
12:25	zale	は？
12:25	勉強中雀ゴロ	ひまちゃんくるかな？
12:25	ぷりん#凛fam	でろーんには勝てねぇわ
12:25	アジの骨	唯華凸
12:25	ガリレオ	は？
12:25	ぐりあお。	ん？
12:25	フナムシ	は？
12:26	上田信太朗	は？
12:26	たくみん	？
12:26	りんぼく	え？
12:26	トラ	？
12:26	Hana Tsukimi	は？
12:26	ヘィヴンダックス	は？
12:27	エーピー	は？
12:27	ぷりっつPretz	ガチヤンキーきたな
12:27	シャムねこ	は？
12:27	みなみ	は？
12:29	中野	流血案件だな
12:29	ろととと	は？
12:30	RO RO	ん？
12:31	Yuuki	清楚…？
12:31	RRYO	え？
12:31	Ei NAGOMI	は？
12:31	放浪者	裏で清楚？
12:32	pankys	は？
12:32	Iceman	は？
12:32	ろろ	ほんと？
12:33	ユードリックの互除法の使い手	草
12:33	とろんべー	セイソ
12:33	けんばく	草
12:33	みやぴ	ん？
12:34	ぺーちゃん	ん？
12:34	しゃけねこ	え？
12:35	Nerima@笹キッズ	は？
12:35	ふ	ん？
12:35	リョコウバト	せ、せやな
12:36	黛ヒロユキ	は？
12:36	_ chami	なんて？
12:36	Rabbit _539	え？
12:36	蓮華	
12:37	桃野パピコ	なんて？
12:37	KeyKey	🤔🤔🤔
12:37	とらくしい	え？
12:38	川原太一	なぜか、デカい企画になってて草
12:38	ないむん	？
12:38	なつめ大尉	ほーん
12:39	はくさん	
12:39	ひらまる	は？
12:39	わっちゃん	裏で吐くほど泣いてるもんな
12:39	搾りかす	え？
12:39	パズー犬	その発言がもう恥ずかしい
12:39	givun01	ゲロ吐くほど泣いてそう
12:39	うさみ	？？？
12:39	ケブカサイ	？
12:40	ぜろぱか	でろの威を借りる三下になりそう
12:40	宵咲 氷璃/yoizaki kori	清楚ってなんだ
12:40	acacaca ca	品の良さが出ちゃったか
12:40	斉藤健介	ん？
12:40	桃花	ソウダネｗセイソダネｗ
12:40	rosugi	お、おう
12:41	ナオチャン	は？
12:41	笑顏	は？
12:42	ゔぃーた	清楚という言葉が辞書にあるんか
12:43	現よみ	うそつくな
12:43	サダ	裏でライバー救ってるしな
12:43	サイバラ	おっそうだな
12:44	8 RISK	知らなかったなぁ
12:44	Qoo	裏では清楚ﾀﾞｶﾗﾅｰ
12:44	ふぉるす	そっかー
12:44	ラザフォードアーネスト	ほんまかいの
12:44	puro ＦＢ	クレアさんの前で言ってくれ
12:44	神楽	え？？
12:44	豚男	
12:44	レンコン	フツー言わんよ
12:45	taketo RONA	裏のがひどいまである
12:45	脱走したゴリラ	また暴露されるぞ
12:45	kiri	え？
12:46	無垢-muku-	ん？
12:46	白の落書き	清楚ですか？	￥500
12:47	ハムストリングスはっはは	はい？？
12:47	Y N	葛葉に聞いてくるわ
12:47	枢木まいと	裏にいるでろーんの圧だけで勝てるまであり得る
12:47	ねこさん1号	清楚....?
12:48	こたそま	確かにな
12:48	toy2	裏表がないライバーとして有名やんん
12:49	もんぬサマー	「清楚」（せいそ）とは、清らかですっきりとしたさまを指す。 外見上は控えめで清潔感がある容貌に、謙虚なふるまいをし、慎ましい美しい身のこなしの保守的な女性を表すことが多い。
12:49	zale	裏ではヤンキーなんだよなぁ
12:49	PON	笑ってるやん
12:49	83ヘチマ	？？？「裏のがひどいまである」
12:49	ケンフー	何が違うんだよ
12:50	kaiei[かいえい]	裏でも何も変わらないと評判の椎名さんでは…？
12:50	全画面大福	しずりん路線は諦めな
12:51	ぴーわいおー	は？
12:52	佐藤佐藤	裏でもクズと定評あるでしょ
12:55	ぷりん#凛fam	せいそってなーにー？
12:55	ケンフー	興味ないしな
12:56	桃園あい	切り抜きの笹木じゃん
12:56	川原太一	でしょうね
12:56	厨弐	それ内弁慶なのでは?
12:57	心刃	そうなん？
12:58	かわ3	ひまわりは真面目すぎるんだよ！！
12:59	マングース	清楚の意味辞書で調べてもろて
12:59	星野空	そうね
13:00	式一	？？？
13:01	めんとす	文句言われる側だからな
13:01	マネキン	よみ
13:01	ユーリンチー	言われる側だもんな
13:02	ゴリシスタン	
13:02	はいどれ	相手から言ってもらう？
13:02	B 5	じゃあ喧嘩凸待ちは？
13:02	うさみ	付けられる側っぽいしね
13:03	よういち	表裏無さそうなライバー１位さん？
13:04	うどんこねっと	できれば相手に物申してもらいたいなあ
13:06	とろんべー	ハァ〜清楚清楚！！
13:06	ボウガン	言われる側だもんな...
13:06	もさ	喧嘩でちょっと泣きそうになりそう
13:07	アキパン	物申される側だからなｗ
13:07	えふ式	よみちゃんw
13:07	zale	清楚wikiたすかる
13:07	黎明卿新しきボンドルド	いつもつけられる側だからな
13:07	鼻セレブ	よみにお気持ちされてて草
13:07	いちごっちゃ	もう総会の季節か
13:08	ふくざわゆきち	じゃあ殴られる企画じゃん
13:09	ふぉるす	企画倒れｗ
13:10	じひつ	そもそもあんまり凸行かないイメージ
13:11	ソーセン	なんか言われたらカウンターパンチで
13:12	心刃	まぁ確かにケチつけられる方だもんな
13:12	うにあ	まあ椎名さんが人に喧嘩ってね
13:13	83ヘチマ	清楚助かる
13:13	桃花	好き放題いつも言ってるからねｗ
13:14	文京区	他人にも甘々なことで有名
13:15	斉藤健介	まぁ無さそう
13:15	SEITO COD	そらそうやろ
13:15	パンダ	え？
13:15	WRyou_Italy	他人に興味がない
13:16	ぺーちゃん	言われる側だしな
13:16	たこやきたいやき	言われる側だもんな
13:18	ざんまいTF	心広い
13:18	心刃	ほう
13:20	a iu	物申される方だし
13:26	Unlucky Strike	本当にやるのか
13:26	しろやま	いいね！
13:27	とおのマン	喧嘩じゃない凸もやるってことか
13:28	John Smith	おお
13:28	心刃	物申し待ち
13:28	ヴィヴィ	文句言われるほうだしね
13:29	mosh	世祖？
13:30	アズキ8	遅めやな
13:30	ぐだのすけ	ほうほう
13:30	ねこわん	しぃしぃに物申したいライバー集まれー！
13:30	エーピー	いいね
13:30	まと	ボロカスにされそう
13:30	脱走したゴリラ	殺到しそう
13:31	アキパン	おお
13:32	松井、	ほう！！
13:32	うさみ	物申されるの待つと？ｗ
13:32	まつまえ	いいねぇ
13:33	川原太一	怖
13:34	sho ma	いいね！！
13:35	ひまみずお	ガチなの来るか、、？
13:35	かおう_____ta	こいや！！！
13:35	直樹カナン	ほう
13:35	ととろろろ	自由喧嘩枠
13:35	もにぎり	ギル様来るんかな
13:36	リンタイラン	なるほど〜
13:36	おし	楽しみすぎる
13:36	青いザリガニ	かかってこいと
13:36	たべっちかにっち	それ椎名さんに物申す凸になりそう
13:37	Yuuki	なるほど
13:37	time13 inthattime	逆凸＆凸待ち
13:37	ヘィヴンダックス	自由枠めちゃくちゃ勇気いるんじゃね
13:37	ぴーわいおー	一般枠ありですか？
13:37	もりくま	普通に凸でええやん
13:37	ぷりん#凛fam	楽しみや
13:38	弾当てられない	いいねえ
13:38	丸侠	夜中に喧嘩凸は草
13:38	ふぉるす	なるほどね
13:38	こまち	いいね
13:38	鬼頭亀次郎	葛葉あたりならいくらでもイチャモンつけれる
13:38	りょうちゃん	いいねぇ
13:39	ケンフー	凸凸待ち
13:40	常識じゃない常識	サンドバッグ大福
13:40	遥かカナダ	かかってこいよと
13:40	のむ	うおおおおおおおおおおおおお
13:40	luka melo	自由枠めちゃくちゃ文句くるやん
13:41	シュンぱーふぇくと美少女	プロレス祭り
13:42	ないむん	待つの草
13:42	うにあ	喧嘩凸をまつ
13:42	エコー	ガチ凸面白そうやん
13:42	ひがしのそら	いいねえ
13:42	ざんまいTF	お、了解ー、ちょうど空いてるヤッター
13:42	tete ya-ya	椎名被害者の会
13:42	放浪者	草
13:43	かんぱち	サンドバッグ草
13:43	凝固	ミッドナイト喧嘩タイム
13:43	しゃけねこ	おお
13:44	蓮華	サンドバックになっちゃう；；
13:44	りーりー	行列できる
13:45	豚男	Ｍなんですか？
13:45	みやぴ	いいね
13:45	もこもこありえす	2
13:45	マネキン	おわらんくね？
13:45	武田信玄	殴られ屋かよ
13:45	直樹カナン	来てくれるかな？
13:45	ぐりあお。	ないたあかんで？
13:46	枢木まいと	そらそうよ
13:47	アキパン	多そうだなｗ
13:47	taketo RONA	それはそう
13:47	サキ	今のうちに傷薬代置いておきます。	￥500
13:47	ASAKA	4時間は覚悟しような
13:47	心刃	かかってこい
13:47	83ヘチマ	めっちゃいいじゃん
13:47	わたらら	めっちゃ面白そう
13:48	toy2	さくゆいお悩み相談くらいガチのやつ来たらどうするよ
13:48	ミカグラ	サンドバッグになりそう
13:48	エーピー	凛さんきたらどうすんの？
13:48	もんぬサマー	新しくて草
13:48	ハコノクラゲ	せやな
13:49	桃野パピコ	多いやろなぁ
13:49	うどんこねっと	椎名唯華は物申されるほうが面白い
13:49	ミランダ・力一【りきいち】		￥100
13:50	SugarSyrup	確かにそれはそう
13:50	ろととと	クッソ楽しみ
13:50	しろやま	自由枠めたたのしみ
13:51	とおのマン	なるほどね
13:51	桃purée	自覚あったんだ
13:52	REO	草
13:52	うにあ	夜中に喧嘩するぞ！！
13:52	はくさん	喧嘩凸→喧嘩凸待ちみたいな感じ？
13:53	黎明卿新しきボンドルド	めっちゃきそう
13:53	Amuos	割との意味わかってる？？？？？？
13:53	楪*	いいね
13:53	てぃーるる	後半が本番か
13:54	はとよめ	語部チャンスやな
13:54	spade	喧嘩凸とかワンチャン０の可能性あるでｗｗ
13:54	あるま	それはそう
13:54	a iu	やる気が凄い
13:54	空亡	それはそう
13:54	タイダー	しぃしぃは喧嘩凸来ても静かに切りそう
13:55	ぐだのすけ	草
13:55	みだりん	割とっていうか
13:55	白の落書き	サンドバッグいっぞ！！！
13:55	式一	サンドバッグ
13:55	。村田	良かった
13:55	かおう_____ta	田角社長くるか！？
13:55	puro ＦＢ	ゲーマーズはいろいろありそう
13:56	kou	そこから本番か
13:56	ヴィヴィ	それはそう
13:56	Vすこすこ侍	自衛隊スタイル
13:57	パズー犬	物申し系Vがきたら笑う
13:58	キカイジマ	椎名唯華にもの申す！
13:58	水木あやせ	総会費 今月も色々頑張れ	￥2,000
13:59	桃園あい	結構時間かかりそう
13:59	トレボー	ござパンは見れますか？
13:59	タコスミス	鋼のメンタル期待
13:59	PON	弱点多すぎ問題
13:59	はんぺん	しぃしぃなら外部から多そう
13:59	もにぎり	めちゃくちゃ暴露されそう
14:00	鼻セレブ	かかってこいやぁ〜
14:01	あいう	気がするじゃなくてそうなんだよ
14:01	高撫ばたこ	砂袋になるぞ
14:01	テラかすてら	朝までコースか…
14:01	放浪者	おれらも喧嘩しにいきてぇ
14:02	Gale ria	お前いっつも物申されてんな
14:02	ボウガン	朝までかかる？大丈夫？
14:02	洛水佑馬	草
14:02	陽介	0人は無さそうやな
14:03	久四郎	しすこさん来たら笑う
14:04	松井、	力ちゃんめでたいね
14:05	マングース	切り方考えとかな
14:06	川原太一	ミセス・サンドバッグ
14:06	ざんまいTF	めでてぇ
14:06	ぐだのすけ	めでたい！
14:07	うにあ	めでたいねえ！！
14:07	たべっちかにっち	ボッコボコになりそう
14:07	folma	凸待ちのほうが本編で草
14:07	B 5	一歩も引くな！絶対に勝つ！！
14:07	直樹カナン	めでてえ
14:08	アムアム	あの頃の椎名唯華を憑依させよう
14:08	もりくま	最近はクズムーブないやん
14:08	_ chami	ぼこぼこにされそう
14:08	ぷりん#凛fam	来てもビクってなりそうだけど来なくても寂しくなりそう
14:09	こまち	めでてぇ
14:10	うどんこねっと	毎日が誕生日
14:10	sho ma	皆のストレスの捌け口にされちゃうw
14:11	サワリハス	アンコ出ちまう
14:11	Bal Tan	喧嘩凸懐かしい響きですねw
14:11	Metallic	草
14:11	かおう_____ta	草
14:12	クーラー	涙ふくにはバスタオルがいいらしいよ
14:12	スーパーなきゅうり	力一も凸待ちだよ
14:12	ヘィヴンダックス	ミランダから思い出すな
14:12	さちくろ	やわらか戦車を戦場に送り出す気分
14:12	心刃	草
14:12	とろんべー	おめ力
14:13	マコリーヌ	喧嘩凸待ちとは一体
14:14	ぺーちゃん	草
14:14	ケンフー	リゼママ
14:14	Akira Ozawa	割と…？
14:15	くろうさぎ	かたりべ？
14:16	まめすきまめよし	あれおもろかった
14:16	うにあ	あれはミスったなｗｗ
14:17	ちなまる	かぶったね
14:17	かわ3	リゼ母説
14:17	AMZON COM	椎名リゼのママ説
14:18	わっちゃん	草
14:18	みやぴ	ミスってたね
14:18	もこもこありえす	被っちゃったな
14:18	りょうちゃん	入るタイミング笑った
14:18	めんとす	ヘルエスタ女王がよ
14:19	アキパン	しぃしぃヘルエスタ女王説でてて笑った
14:19	iroha ao	草
14:19	ふくざわゆきち	リゼママと被ってたな
14:19	黛ヒロユキ	リゼの母説
14:19	かんぱち	女王陛下と化した
14:19	たべっちかにっち	うぃーす！
14:20	リョコウバト	被って草だった
14:20	コーバァー	めでてぇ
14:20	ととろろろ	リゼのお母さんですよね？
14:21	ぐだのすけ	草
14:21	WRyou_Italy	草
14:21	pelle	しぃしぃママ
14:21	エーピー	草
14:21	しゃけねこ	草
14:21	もにぎり	めでてえ
14:22	かそく	草
14:22	松井、	リゼ様のお母様なんですか！？
14:22	凝固	さくゆいリゼアンで力一の所に行ったの懐かしいな〜！
14:22	raraodk	わちゃわちゃだったな
14:23	ぴーわいおー	毎日誕生日ある
14:23	TZ K	リゼ母しぃしぃ！？
14:23	楪*	リゼママと被ってたね
14:23	ざんまいTF	女王陛下がね
14:23	Kris	またクズエピソードが聴ける嬉しい
14:23	もんぬサマー	椎名唯華、リゼのお母さん説出てた
14:24	BSR	草
14:24	あい	リゼママに被ってたね
14:25	かおう_____ta	しぃしぃママ
14:25	B. D.	あーｗ
14:25	luka melo	しぃしぃがリゼママ説草
14:25	やまやま	最近凸する人多いね
14:25	鼻セレブ	ヘルエスタ女王陛下助かる
14:26	ユキダルマ	草
14:26	桃花	約３日に１回はにじさんじの誕生日
14:26	kou	リゼ母=しぃしぃ
14:26	うにあ	リゼママの音声でちゃったからなｗ
14:27	nobu	草
14:27	Yuuki	リゼママと被ってたねｗ
14:27	カンロ	リゼ母と被る椎名
14:28	kakashi kojima	草
14:28	サキ	女王陛下いるとは思わんやん不通ｗ
14:29	カービィ	草
14:29	ざんまいTF	はい不遜
14:29	上やんっ!	リゼ母流してたね
14:30	とらくしい	草
14:30	直樹カナン	リゼママはほんとサプライズ
14:30	クルス	草
14:30	ryu say	リゼママ説出てたな
14:30	シュンぱーふぇくと美少女	女王陛下と被ってて草だった
14:31	うどんこねっと	リゼママと被ったのはやらかし
14:31	ふくざわゆきち	リゼママ＝椎名
14:32	蓮華	リゼママはしぃしぃだった・・？
14:32	ヨツカ	にじさんじ100人超えてるしそのうち毎日誰かの誕生日になりそう
14:32	イノウエシンイチ	ヘルエスタ女王疑惑
14:32	Hana Tsukimi	女王陛下とかぶったな
14:33	陽介	草
14:33	きしろう	女王陛下でしたか
14:33	桃purée	リゼのお母さん説出てる
14:33	神楽	チーム原神凸
14:33	Rinka	あれ草
14:34	ぜろぱか	あれほんと草
14:35	もんもんワールド	にじさんじ100人超えたから4日に一回は誕生日あるのよね
14:36	リンタイラン	椎名唯華ヘルエスタ女王説
14:36	archer	ヘルエスタ女王？
14:36	たこやきたいやき	女王様と被った女
14:36	青いザリガニ	椎名がリゼのママ説でてる
14:36	ふくたろ	不敬罪だぞ
14:36	うさみ	空気読み失敗やったね
14:37	kiri	リゼママしぃしぃ説
14:38	よういち	リゼのお母さんですか？
14:40	はくさん	椎名さんリゼママ説
14:40	神楽	草
14:40	ユーリンチー	椎名さんリゼの母親説
14:40	式一	リゼママしぃしぃ説
14:41	エーピー	しぃママ助かる
14:41	_ chami	女王陛下説
14:42	わたらら	あれ笑ったｗ
14:42	心刃	草
14:42	108_of	はい不敬
14:43	弾当てられない	リーダーとリゼの母親説は草だった
14:43	もこもこありえす	ママエスタの声三石琴乃さんぽくて好き
14:45	ぎるがめっしゅ	女王陛下になったね
14:45	クラウン	しぃしぃリゼママ説
14:46	エメラルド板	女王陛下だから城下町整備してたんですね
14:47	Anya Mira / アニャミライ	面白かったよー
14:47	ケンフー	誰も聞いてなかったんかｗ
14:48	遥かカナダ	リゼママ「うぃーす。」
14:50	ぐりあお。	リゼのお母さんってほんと？
14:50	ふぉるす	草
14:50	もさ	リーダーのママにもなるんだよなぁ
14:50	ぐだのすけ	まさかの女王陛下登場
14:50	心刃	女王説
14:51	Metallic	草
14:53	おさかな.	かぶってたね
14:57	星野空	ね
14:58	心刃	若かったね
14:58	nobu	ちゃんとやりとり見てないから
14:59	松井、	声かわいかった
14:59	うにあ	若そうだよねー
14:59	黎明卿新しきボンドルド	ママしぃしぃだったか
15:00	taketo RONA	暴君かな？
15:00	はいどれ	リゼママ声が若い
15:00	アキパン	声かわいかったね
15:03	みやぴ	声若かったね
15:04	リンタイラン	若かったね
15:04	まつまえ	声めっちゃ若いよね
15:05	ねこさん1号	それだとチャイカが子供になるぞｗ
15:05	鬼頭亀次郎	不敬だぞ！！
15:06	パズー犬	腰の低い女王だなー
15:06	ぐだのすけ	声綺麗やったよねぇ
15:06	神楽	つまりはしぃしぃが
15:07	ざんまいTF	しぃしぃママかお姉ちゃんが喧嘩凸来たりしないの？
15:08	シュンぱーふぇくと美少女	喋り方も似てた
15:08	もこもこありえす	ね
15:09	ふくざわゆきち	リゼママ、ミサトさんの声に似てた
15:09	time13 inthattime	母娘で声が良い
15:09	zale	にじレジでヘルエスタ王権とっとるやん
15:10	もんぬサマー	アンジュが「しぃしぃと結婚したらリゼのお父さんになれるの？」ってウキウキしてた
15:10	もち	しぃしぃはゴリラ女王
15:10	まめすきまめよし	声綺麗だった
15:10	式一	いい声してた
15:10	きむたけ	声若かったねー
15:11	kaniko	今北産業
15:13	TZ K	静岡国王
15:14	もりくま	ポンママ
15:15	もにぎり	マリーアントワネットよりワガママそう
15:16	med sk	事故だから仕方ないね
15:17	SEITO COD	あまりにも声がかわいい
15:19	上やんっ!	女王
15:22	あいう	v
15:22	B 5	麒麟が来た
15:25	テルユウ	火畜のしぃままはまだですか
15:26	Metallic	草
15:26	かおう_____ta	草
15:26	エーピー	草
15:27	ふくざわゆきち	草
15:27	うにあ	きっもｗｗ
15:27	アキパン	草
15:27	かんぱち	草
15:28	ざんまいTF	ｷﾓｯ
15:28	ぐだのすけ	草
15:28	裏腹さん	草
15:29	かわ3	発送がおじさん
15:29	青いザリガニ	草
15:30	うにあ	なにそれｗｗ
15:30	カービィ	アンジュ…
15:30	ワタル	キモすぎて草
15:30	しゃけねこ	草
15:30	ちゃんみあ	草
15:31	ろろ	草
15:31	ひがしのそら	草
15:31	a iu	草
15:31	心刃	結婚できないから無理だぞ
15:31	トラ	草
15:31	シャムねこ	草
15:31	Iceman	草
15:31	りょうちゃん	草
15:31	たべっちかにっち	草
15:32	ヘィヴンダックス	シンプルにこわいよね
15:32	トレボー	キリンが来るだけ宣伝して帰った人
15:32	こまち	草
15:33	直樹カナン	ほんとキモい
15:33	楪*	草
15:33	ぷりん#凛fam	言ってたな
15:34	B. D.	無茶苦茶だｗ
15:34	taketo RONA	草
15:35	うどんこねっと	よくばりセットじゃん
15:35	とろんべー	怖いこと言うな！
15:35	パズー犬	シンプルにキモい
15:35	ターニングポイント	マジで気持ち悪いの草
15:35	nimu	草
15:36	もこもこありえす	シンプルにキモくて草
15:36	John Smith	うーん
15:36	星野空	草
15:36	もにぎり	言ってたなｗ
15:36	KeyKey	草
15:37	桃花	きめぇｗ
15:37	桃野パピコ	何なんだろw
15:37	みなと	わからん
15:37	WRyou_Italy	どういう事だってばよ
15:38	ヴィヴィ	草
15:38	ケブカサイ	草
15:39	Yuuki	きっつｗ
15:39	ぜろぱか	草
15:40	はくさん	ゲボじゃん
15:40	うさみ	アンジュはどこ目指してるのｗ
15:41	ねこわん	草
15:41	accelアクセル	草
15:41	ミニドラ	アンジュより若い
15:41	斉藤健介	あの人は何を言ってるんだよ
15:42	アカうぃん	草
15:43	kaniko	草
15:43	kiri	草
15:43	ソーセン	家系図やばいことになってたやつ
15:43	常識じゃない常識	こわ
15:44	みやぴ	草
15:44	げろー	お母さんガチ恋勢
15:44	zale	ほんとにどゆことだよ
15:45	あらや	おはしいなー
15:45	めんとす	下着一緒に洗わないで！
15:46	ケンフー	好きなものだらけで幸せじゃん
15:46	ざんまいTF	パパ活
15:46	現代音・楽雄	なれるものならなりたい
15:46	ふぉるす	しぃしぃと結婚したいんやろうなぁ
15:47	エーピー	発想が凄い
15:49	枢木まいと	しぃしぃと結婚するのはもはや前提にしてたからな
15:49	ろととと	いつもの
15:49	Akira Ozawa	ガチやん
15:49	神楽	草
15:49	リョコウバト	アンジュはリゼと家族になりたい
15:50	RRYO	てぇてぇじゃん
15:50	まつまえ	一石二鳥
15:51	洛水佑馬	死ぬほどキモい
15:52	ギュス	すべてがなぞの文章
15:53	iroha ao	パパって呼ばれたいのかもしれん
15:53	まめすきまめよし	大ゲボ
15:53	BSR	草
15:54	鼻セレブ	ちゃんとキモくて草
15:54	Hana Tsukimi	一生楽して暮らせるぞ
15:54	ふくざわゆきち	アンジュめっちゃキモ絡みしてきてて草
15:54	うにあ	なにを言ってるんだｗｗ
15:55	ちなまる	草
15:56	アキパン	一石二鳥の一手だぞ
15:56	桃purée	チャイカのお父さんになれるぞ
15:56	桃園あい	もしかしてもう喧嘩凸始まってる？
15:57	凝固	家族になろうよ
15:57	サボイアS-21	どこ目指してんねん
15:58	篝火カガリビ	リゼにパパって呼ばれたいのはわかる
16:00	リンタイラン	わからない...
16:01	白の落書き	ガチやん・・・
16:02	もりくま	アンジュ厄介すぎﾜﾛﾀ
16:02	ざんまいTF	本人と結婚すりゃええやん
16:03	eKa	国王
16:03	神楽	シンプルに狂気
16:03	たこやきたいやき	二兎追ってんねぇ！
16:03	わたらら	誕生日で浮かれすぎたんよ・・・ｗ
16:04	raraodk	家族かあ
16:04	folma	身内になろうとしてる草
16:06	上やんっ!	何がどうした
16:06	ちゃんみあ	しぃママは？
16:08	かおう_____ta	天才的なキモさ
16:08	ねこさん1号	あくあ並みだｗ
16:11	もこもこありえす	リゼのパパ、椎名さんの夫という一挙両得
16:12	直樹カナン	第三王子と結婚したら殺される言ってたな
16:14	zale	家族になろうよ（迫真）
16:14	心刃	チャイカのおとうさんは草
16:15	白の落書き	キモい…
16:15	s i	オリコウよりもキモさある
16:16	オクラトラ	アンジュはリゼと結婚してもろて
16:17	わっちゃん	草
16:18	桃野パピコ	それが分からない
16:18	Metallic	草
16:18	きしろう	第三皇子のパパにもなれるってこと？
16:18	ケンフー	パパになってもアンジュだぞ
16:19	アキパン	仮にもｗ
16:19	必殺新撰組	にじさんじって、ライバー同士の結婚ありそう
16:19	動画太郎	あまみゃにブロックされたからここきたぞーーーー！
16:20	nep	仮にも
16:21	つま先鬼ごっこ	仮にな
16:21	エマノン	アンジュはやべーやつ
16:21	ぐだのすけ	仮にもｗ
16:22	エコー	仮にもね
16:22	たくみん	いかがわしー
16:22	シュンぱーふぇくと美少女	性癖がゆがみ過ぎてるんよ
16:23	ざんまいTF	仮にもw
16:23	a iu	仮にもw
16:23	もんぬサマー	「透明人間になってしぃしぃに座ってもらって、驚いて欲しい」とも言ってました
16:23	108_of	おとうさま～じゃあかんのか
16:24	えふ式	すり替えマジック
16:24	ヘィヴンダックス	やっぱり男なんじゃね？
16:25	ライブアライブ	かりにもは草
16:25	もこもこありえす	い、いかがわしい
16:25	ちなまる	かりにも
16:25	ああ	仮にもね
16:26	折紙.	椎名さんって家事できるの？
16:26	放浪者	仮にも笑
16:26	ryu say	仮にもｗ
16:27	i u	チャイカにもパパって呼ばれるの草
16:27	獅子枝夕帆 -ししえだ ゆうほ-	仮にもｗ
16:27	うにあ	発想が怖いよ
16:27	直樹カナン	アンジュ女ちゃうかもしれんな
16:28	わらしん	仮？
16:29	うさみ	アンジュの感性はわかんない…
16:29	ぷりん#凛fam	仮にもって
16:29	エーピー	ど正論
16:30	楪*	仮にもw
16:30	ミカグラ	仮にもって言うなやw
16:30	山浦環	アンジュは童貞だからな
16:31	taketo RONA	アンジュならそれもありと言いそう
