-1:13	アムオス	ついえら
-1:13	kiri	草
-1:12	茄雪	
-1:10	うにあ	ついえらー
-1:09	Sekitoセキト	
-1:09	ギュス	さしたら悲鳴あげそう
-1:09	ふくざわゆきち	草
-1:08	テルユウ	ツイート
-1:07	ぐだのすけ	ぴまだったか～
-1:06	機壱タクミ	ついえら
-1:06	Rabbit _539	草
-1:05	伊豆半島	ツイート
-1:04	おふほわ	ついえら～
-1:03	ながねぎ	フライングしぃしぃ？
-1:00	ぎるがめっしゅ	ツイート
-1:00	みきてぃ。	
-0:58	かそく	ツイート
-0:58	Lain	しぃしぃが雑談？！
-0:57	えんざいむ	サムネかわいい
-0:57	うにあ	たまにあるよねこれｗ
-0:57	kent fukushima	10分前にツイートするなんて・・・
-0:56	みきてぃ。	
-0:56	黎明卿新しきボンドルド	ツイえら
-0:54	ぴーわいおー	ツイート
-0:54	川原太一	
-0:53	よういち	
-0:52	kiri	
-0:52	Cusinart	フライングするのもまたしぃしぃ！？って感じがする
-0:51	チナヤマです。	ついえら
-0:50	のむ	
-0:50	あるは/ Alfa uhi	始まったかとひびった
-0:48	ぺぺろんちーの	ついえら
-0:47	MiA	通知来てビビった
-0:47	ねこさん1号	はやw
-0:47	Keys	
-0:46	モモ	
-0:45	夢たんぽ	ツイート
-0:28	Sekitoセキト	珍しい雑談
-0:27	83ヘチマ	10
-0:26	Luore / ルオレ	待機
-0:23	みゅ〜と	ついえら
-0:21	WRyou_Italy	ツイート早くて草
-0:19	アジの骨	しぃしぃ！？雑談！？やったー
-0:18	宇喜多直家	
-0:12	わっとぅー	
-0:11	しょう	
-0:08	Metallic	
-0:06	ぺぺろんちーの	雑談単枠久々！？
-0:03	ねこわん	
-0:02	Aris	
0:06	にくきん	ツイート
0:08	zale	急に始まって草
0:08	しゃけねこ	
0:10	なや	
0:11	かわ3	
0:12	Nbvghg yyy.CHUNBEN	こんばんは
0:12	ラクタムβ	
0:12	ターニングポイント	
0:12	KENTa	おはしいな～～
0:15	あらいひと	
0:16	Sekitoセキト	
0:16	B 5	
0:17	リンタイラン	
0:18	yasu fuji	
0:18	ちなまる	
0:20	pankys	
0:20	†オア†	おはくず
0:20	桃purée	
0:21	Taku.	
0:21	Yuuki	
0:22	高梨忍	
0:22	83ヘチマ	
0:23	村田ネギ	音ちっさ！
0:23	松井、	おはしいな
0:23	博多の塩	
0:23	michi _	声ちいさ！
0:23	ろろ	
0:23	とんとん	
0:24	smith john	おはやい
0:24	ねこさん1号	はやw
0:25	うにあ	
0:25	しゃけねこ	遠
0:25	まぐれが	
0:25	Luore / ルオレ	
0:25	ないむん	
0:26	ぷりっつPretz	
0:26	ひこわさ	
0:26	おふほわ	おはしぃな～
0:27	かそく	
0:27	青亀	
0:27	ちゃぽた	左耳からすごく小さい声が聞こえる
0:28	がらなちゃん	
0:28	博麗麗博	
0:28	もこもこありえす	
0:28	Ayaneあやね	
0:28	高梨忍	100年ぶりの雑談だ
0:29	ニシナ	おはしいな～
0:29	ぐだのすけ	
0:29	Suzuya	
0:29	伊豆半島	
0:29	なや	遠くない？
0:29	木目	
0:30	ぺねみ	
0:30	ぴぴ	
0:30	わっとぅー	
0:30	かわ3	だれ？
0:30	ワタル	左耳しかせんがｗ
0:31	えいの	
0:32	坂本卓也	？？？
0:32	錆色キョウ	
0:32	あるは/ Alfa uhi	草
0:33	Sekitoセキト	は？
0:33	suke tome	モノラル？
0:33	ねこわん	
0:33	ぽたもげ	
0:34	Metallic	
0:34	B 5	音片方からしかでてない気がする
0:34	Kinney Lau	Hello~~~
0:34	桃purée	
0:35	ksAIM_ NUR【ぬる】1 hour	よ
0:36	にくきん	
0:36	あらや	
0:37	高梨忍	
0:37	ジーク	おはすぃーなー
0:38	WRyou_Italy	左耳からしかしぃしぃ聞こえない
0:38	リンタイラン	左からしか聞こえんw
0:38	博多の塩	
0:39	なぎいちご	
0:39	ななかな	
0:39	MONO太郎	
0:39	Keys	なんだその音質
0:39	月の石	
0:40	ぎるがめっしゅ	
0:40	ライズ。	
0:40	けもー	
0:40	無垢-muku-	
0:40	えすこんじ	ASMRか？
0:40	維管束と優しさの和え物	
0:41	G3R	
0:41	陽介	
0:42	hi_ORS	ASMR
0:42	cana bob	左だけだね
0:43	フウ	
0:43	ながねぎ	ASMR？
0:43	after uni	左しか聞こえん
0:43	ロロ	左からしか聞こえないよ
0:43	エアコンのリモコン	左だけだね
0:43	やた	モノラルで草
0:44	Vの抜きどころ	ASMR?
0:45	チョモランマ	
0:45	ゆの	片側のみ
0:45	黎明卿新しきボンドルド	右聞こえないね
0:45	kiri	左しぃしぃ
0:45	83ヘチマ	なんか変だぞ
0:45	toy2	草
0:45	あばれウミガラス	しぃしぃ左に立たないで
0:46	みきてぃ。	
0:46	がらなちゃん	バイノーラル雑談
0:46	kai 。	左しか聞こえん
0:46	あくと	
0:46	あらや	左にしぃしぃがいる
0:46	ディード	声が左しか
0:47	伊豆半島	左だぁ
0:47	テルユウ	左だけだｗ
0:48	かわ3	左耳からいくよ
0:48	ふくざわゆきち	ボイス取ったからか
0:49	ペコネン	←しぃしぃ
0:49	のりおくん	おは左から～
0:50	コッペのパン	左側しか聞こえない笑
0:50	もか	
0:50	ワタル	ASMRですか助かる
0:50	かそく	ASMR
0:50	ふま	
0:51	suke tome	えらいやん
0:52	O Tomat	
0:53	黎明卿新しきボンドルド	草
0:53	ぴーわいおー	早くて
0:54	S朱	
0:54	zale	OK
0:54	えすこんじ	治ったわ
0:54	no maki	ほんまかいの
0:54	suke tome	おｋ
0:55	うにあ	バイノールか
0:55	cana bob	お、なおった
0:55	UMA #mb	バイノーラルしぃしぃ！？
0:56	ゆの	OK
0:56	リンタイラン	ばいのぉらる！？
0:57	フウ	きちゃ！
0:58	ないむん	なおった
0:58	大福船長	タップダンスして
0:58	おふほわ	おｋ おｋ
0:58	りりり	遅刻する人間がやりがちなのもフライング
0:58	ぐだのすけ	いい感じ～
0:59	碓氷ドラグライド	
0:59	てんちょ。	
1:01	えいの	やったーボイス楽しみ
1:01	yasu fuji	ボイスとれてえらい
1:02	星月夜月	( *・ω・)ノ
1:02	ラックさん	はじまったw
1:03	nimu	おはしいな〜
1:03	Aris	
1:04	kent fukushima	
1:04	うべ	
1:04	かわ3	まじか！
1:04	KENTa	しぃしぃの
1:05	ぐだのすけ	お！？
1:05	ながねぎ	やっちゃ～
1:05	伊豆半島	おお！
1:05	ドレミファソラシド	
1:07	t	ぬるっと始まったな
1:08	リンタイラン	ボイスえらい！
1:08	ねこさん1号	やっちゃ！
1:08	ジーク	バイノーラル配信か？
1:08	えすこんじ	マジ？
1:09	ツナゆう	
1:09	うにあ	ほー
1:09	Sekitoセキト	やっったあああ
1:10	テルユウ	なんでしぃしぃ顔よく動くようになったの？
1:10	ビサウ	ま！？助かる
1:11	モヤシーズキングダム	
1:12	ゆぴてる	やったぜ
1:12	ののしろ	なおっちゃ
1:13	リンタイラン	ASMRうおおおおおおお
1:13	かめむし	おは大福〜
1:13	なや	やった
1:15	博麗麗博	草
1:15	えんざいむ	左耳からいくよお〜
1:15	桃purée	じゃがりこ食べて
1:15	しゃけねこ	草
1:16	ぷりっつPretz	やっちゃ〜
1:16	TOTO〔とと〕	しぃしぃのチャンネルの通知出来たらいいのになぁ
1:17	黎明卿新しきボンドルド	出たw
1:17	脱走したゴリラ	またタップダンスしてくれ
1:18	うにあ	クローゼットだもんなｗ
1:18	おさるのジョージ	草
1:18	kent fukushima	え？
1:18	ワタル	前も言ってたなそれｗ
1:19	Rabbit _539	おはしいな～
1:19	spade	爆笑ASMRくる？
1:20	かふ	暑そう
1:20	S朱	やっちゃああああああああ
1:20	のむ	じゃがりこ食べるんか？！？！
1:21	Sekitoセキト	クローゼット
1:21	yasu fuji	秘密基地やな
1:21	村田ネギ	防音室買おう！
1:22	こねこ倫理観	宅録あるあるｗ
1:22	陽介	右ぶっ壊れてるから助かる
1:25	eland19	自分がクローゼットに？！
1:25	smith john	草
1:25	キルナ_Kiruna	しぃしぃ外周期オワタ？
1:26	ないむん	クローゼット改造してたもんね
1:26	ぴーわいおー	クローゼットは草
1:26	ビサウ	救急車通るもんな
1:27	Lain	防音対策で？
1:27	ぎるがめっしゅ	言うてたねw
1:29	Yuuki	クローゼットほんと草
1:30	るかち	そんなドラえもんみたいな
1:30	WRyou_Italy	前も言ってましたねぇ
1:32	鶴部織羽	まだそれなのかｗ
1:36	ちなまる	特設スタジオクローゼット
1:36	ミカン緋色	なるほど
1:36	なや	まだクローゼットなんだ
1:38	えすこんじ	草
1:38	べリ	音に配慮してクローゼット？
1:38	エーピー	草
1:38	ぐだのすけ	草
1:38	Sekitoセキト	タップダンスしぃしぃあるか！？
1:39	ペコネン	ファンアート求
1:39	にくきん	どらえもんみたい
1:40	ぷりもにしょん	おはしぃな〜
1:40	ぷりっつPretz	草
1:41	もけけぴろぴろ	どうもぉ！初見詐欺です！
1:41	かわ3	軽くホラー
1:41	S朱	でたオシャレスタジオ
1:42	かそく	秘密基地みたい
1:42	ターニングポイント	草
1:43	うにあ	秘密基地いいよなーｗｗ
1:45	しゃけねこ	草
1:45	めんとす	暑そう
1:45	しろしろ	
1:45	ふくざわゆきち	ドラえもんじゃん
1:45	テルユウ	ドラえもんかよ
1:45	cana bob	そこには吸音材が！
1:46	あるは/ Alfa uhi	わかる
1:46	Metallic	草
1:46	kbf kbf	ドラえもん
1:46	青亀	草
1:47	ねこさん1号	草
1:48	白河レオナ	今来た！
1:48	脱走したゴリラ	ハリーポッターかな？
1:49	nimu	クローゼット入りたがるのわかる
1:49	リンタイラン	秘密基地やん！
1:49	まつまえ	ホラゲーじゃん
1:50	黎明卿新しきボンドルド	あるあるw
1:50	スケルトン	ドラえもんみたいで草
1:52	せいちゃん	
1:53	よういち	クローゼット住むの憧れるわ
1:54	t	しいしい、小学校の頃とかあるの？
1:54	のむ	クローゼットの匂い大丈夫になったん？
1:54	UMA #mb	俺も一人暮らしだけどよくクローゼットに入ってるよ
1:54	chromin クロミン	
1:55	ワタル	秘密基地は夢がある
1:56	takumi t.	サムネかわよ
1:56	やっつー	昔あげてた動画めちゃよかったし期待
1:56	ぴーわいおー	ドラえもんやん
1:57	1221 Miityyy	半分じゃがりこ食う
1:58	かざ	
1:58	ジーク	秘密基地で配信とかいいな
1:58	Lain	めちゃ暑そう
1:59	つま先鬼ごっこ	あれ？もう始まってる
2:02	あえら	しいえってぃ！？
2:03	みなと	
2:04	あきとん	しぃしぃかわよ
2:05	soraz	しいしいーーー
2:06	えいの	救急車多いもんな
2:08	えすこんじ	西成な
2:08	かわ3	西成ね
2:08	ビサウ	西成
2:09	フウ	草
2:09	ねこさん1号	草
2:10	めんとす	西成な
2:10	ちなまる	草
2:11	ながねぎ	？
2:12	ろろ	草
2:12	村田ネギ	住所は知らんｗ
2:12	ワタル	治安悪いからね
2:13	しゃけねこ	草
2:13	kbf kbf	西成区
2:13	ぐだのすけ	ゴッサム定期
2:13	茄雪	草
2:13	かそく	草
2:13	うにあ	西成ね
2:13	てらま	西成
2:14	がらなちゃん	草
2:14	ライズ。	小学生の頃嫌なことあったらクローゼットで寝てた
2:14	YUKI 417	知らんわw
2:15	なや	草
2:15	ののしろ	西成
2:15	伊豆半島	西成か
2:16	青亀	ゴッサムシティ定期
2:16	G3R	草
2:16	ないむん	ゴッサムシティ西成
2:16	まつまえ	草
2:16	Metallic	草
2:16	WRyou_Italy	草
2:16	喜屋武いえろう	ニューヨークじゃん
2:16	ちゃぽた	ゴッサム西成
2:17	ふぉるす	治安悪いからなぁ
2:17	るたろー	草
2:17	松井、	草
2:18	だし濃厚きつねうどん	草
2:18	はらちゃん	草
2:18	Fred	ゴッサムだったの
2:18	碓氷ドラグライド	草
2:19	zale	バーチャル西成じゃないのか・・・
2:20	ななかな	草
2:20	みなと	草
2:20	kiri	ゴッサム西成
2:20	脱走したゴリラ	住所バレ草
2:20	水木あやせ	西成定期
2:21	よういち	西成か
2:21	サイバラ	あそこ治安悪いよな
2:21	川原太一	力一みたいなのおりそう
2:21	たべっちかにっち	
2:21	鈴木山田	西成じゃないんか
2:22	にくきん	草
2:22	黎明卿新しきボンドルド	ゴッサムシティだったのかw
2:23	83ヘチマ	ゴッサム定期
2:23	リンタイラン	住所バレじゃん
2:23	ざんまいTF	いまきた
2:23	うにあ	ゴッサムシティがよ
2:24	Sekitoセキト	適当言ってて草
2:24	taketo RONA	それ言っていいんか！？！？！？
2:25	Rothermere	草
2:25	JunShiki Z	草
2:25	cana bob	パトカーがよく聞こえる街…
2:25	坂本卓也	ついに自分で言うた笑
2:25	じゃ	ゴッサムシティ
2:26	UMA #mb	4-1-7じゃないのか
2:27	アムオス	草
2:27	t r	西成は草
2:27	鼻セレブ	ゴッサムシティ西成区ほんま草
2:27	ディード	ゴッサムシティほんま草
2:27	鶴部織羽	大変だなｗ
2:27	松山ケンイチ	ピーポーピーポー
2:27	karttikeya	草
2:28	とろろ	バーチャル西成
2:28	テルユウ	住所バレじゃん
2:29	ぼろ	草
2:29	ぺぺろんちーの	救急車定期
2:30	もにぎり	17時からちゃうんかいw
2:30	tete ya-ya	椎名さん、ヴィランだもんな
2:30	ジーク	サイレンが日常
2:30	ぎるがめっしゅ	草
2:30	ペコネン	救急車の音も基本
2:31	ワタル	それきっついなぁｗ
2:31	ぷりっつPretz	4
2:31	かわ3	西成ボイスだして
2:32	こねこ倫理観	イキリバイク
2:32	エーピー	ゴッサムシティ
2:33	ぐだのすけ	大変やねぇ
2:33	ライズ。	ジョーカーに会ったことありますか
2:34	ざんまいTF	ゴッサム
2:35	83ヘチマ	大変やな
2:36	ラックさん	失われし古の総会費です	￥2,434
2:36	夜明け猫cat’sdawn	救急車
2:36	ちゅぱかぶら	バッドマン始まったな
2:36	のむ	住所公開助かる
2:36	篝火カガリビ	ピーポーピーポー
2:37	A00	サイレン多いもんね
2:38	八重桜	バーチャル西成じゃないんですか！？
2:39	。ヨウ	ピーポーピーポー
2:41	こまち	草
2:42	Vの抜きどころ	それは大変
2:42	たべっちかにっち	草
2:42	ぐだのすけ	ずっとうるさくて草
2:42	しゃけねこ	草
2:43	うにあ	いつでもうるさくね？？W
2:43	なや	治安が悪すぎる
2:43	りりここ	バーチャル西成草
2:43	あくと	草
2:44	かそく	頼む
2:44	ずんずん	歌にサイレン入ってるって話笑った
2:45	せいちゃん	ゴッサムシティボイスになっとる
2:45	t	バーチャルゴッサム
2:45	ちなまる	救急車絶対聞こえるしな
2:45	めんとす	もう無理じゃん
2:45	テルユウ	VTLに救急車の音入ってたって言ってたわ
2:46	kbf kbf	ゴッサム西成ボイス発売する？
2:46	yasu fuji	ほんと不安になるレベルで警報なるわな
2:47	りりり	24
2:47	taketo RONA	
2:48	低音すきぞぅ	西成か…笑
2:48	はがねもち.	初見ですーー！こんにちは！！
2:48	どぅらどら	暴走族ボイスだそう
2:49	ラザフォードアーネスト	せやかてvirtual to liveに救急車いれるんはアカンやろ
2:49	?!	寧ろそういう設定で録ればええんじゃない？
2:49	佐藤天馬	
2:49	えすこんじ	治安悪すぎで笑う
2:49	わっとぅー	よく寝れるな
2:49	takumi t.	西成
2:50	ぴーわいおー	やばい浮浪者とかいるの？
2:50	木目	いっそどっかの個室カラオケ借りた方がマシなのではｗ
2:51	アジの骨	歌にピーポー入ってたって言ってたね
2:52	ソーセン	
2:52	脱走したゴリラ	総会？知らない子ですね？
2:54	ろま。	朝活ですら救急車来るからね
2:54	ののしろ	サイレンならない配信のが珍しい
2:55	サイバラ	やべーよ
2:56	cana bob	どういうことｗ
2:56	ニシナ	草
2:56	ろろ	草
2:57	なや	草
2:57	ねこさん1号	草
2:58	ビサウ	草
2:58	B 5	音源使えなくなったりしてしまうもんな～ｗ
2:58	もにぎり	西成か修羅の国かな
2:58	しゃけねこ	草
3:01	kiri	ゲストに暴走族呼ぶしかねえ
3:01	黎明卿新しきボンドルド	古のソウカイヒ
3:03	松井、	総会
3:04	咲久-さく-		￥500
3:05	ウェルチ	
3:05	ぐだのすけ	ソウカイヒ出てくるんか～
3:05	水木あやせ	総会ないな最近
3:05	めこみ	草
3:06	青亀	適当で草
3:06	たつなみ	世紀末かよ、北斗しぃしぃ拳アタタ
3:06	めんとす	総会を返せ
3:06	ゆの	総会費参戦！
3:06	ちゃぽた	失われし総会
3:06	篝火カガリビ	秘薬じゃねぇんだからｗ
3:07	つま先鬼ごっこ	だってAPEXやってる時毎日サイレンなってたしな
3:07	西アマネ	？？？
3:07	Sekitoセキト	今日すごい嘘つくな
3:08	ミランダ・力一【りきいち】		￥120
3:09	伊豆半島	やｔってくれ
3:11	kbf kbf	じゃあやれや
3:13	83ヘチマ	やってくれるんですか！？
3:13	エーピー	モンハンコラボってマ？
3:14	みなと	探索で採取すると出るんかな
3:14	ちわ	
3:14	川原太一	唯一のガチャ要素な
3:14	ないむん	ほんまござ？
3:15	ソーセン	８月”は”
3:17	ざんまいTF	少ないけどお小遣い	￥1,000
3:17	桃花	おはしいな～
3:19	ワタル	もう会議せんでも好きなことやればよくね？感
3:20	ありんこ	17時からと思ってたら始まってた笑
3:20	gutti	
3:24	φanne	今北、ら、始まったばっかだった・・中途半端な時間に始まりましたね
3:25	ポティトゥ	しぃらじ？神岡家
3:31	ちなまる	そうなん？
3:31	suke tome	そんなのあるか？
3:32	テルユウ	そうなの？ｗ
3:33	ふくざわゆきち	総会ってなんだ…？	￥2,000
3:33	メルメとメル	あぁしぃしぃの雑談すこぉ
3:34	ぴーわいおー	総会もしぃらじも復活して
3:35	ソーセン	別に読まなくてよくない？
3:35	かそく	そう
3:35	ワタル	まぁ義務じゃないから
3:35	yasu fuji	別に読まんでええやろ
3:36	疎音	草
3:36	めんとす	そうか？
3:37	求-矢澤	みんな律儀だねえ
3:37	ラン	読むのめんどいな
3:38	サイバラ	最近出来てきたね
3:38	かわ3		￥2,440
3:38	川原太一	いや、読まなくてええやろ。しぃしぃは
3:40	たべっちかにっち	風習あるんか？
3:40	kiri	別にそんなん無くていいぞ
3:40	zale	今まで通りでええねん
3:40	Sekitoセキト	別に読まなくても気にしないけどね
3:40	spade	そんな風習ある？
3:41	えすこんじ	それは諸説
3:41	ケンフー	なんでもう始まってんの
3:41	アジの骨	そこは人によると思うけど
3:41	みなと	別に読まなくていいよ
3:42	ライズ。	ゴッサムの悪役ってやっぱりジョー・力一なんですか！？
3:42	Keys	まぁ別にいいっしょ
3:42	のりおくん	おめぇのやりてぇようにやってくれよ
3:43	篝火カガリビ	人によってはみたいなところ
3:43	A00	読みたい人だけじゃない？
3:44	うにあ	あるの？？
3:44	ぐだのすけ	そういうスタイルの人がいるってくらいじゃない？
3:45	エーピー	どっちでもよくない？
3:45	黎明卿新しきボンドルド	そんな皆読んでるっけ？
3:45	Aris		$100.00
3:46	B 5	別にええけどな
3:46	YUKI 417	スパチャきたら読んでるしいいんじゃない？
3:46	rosugi	別にしなくていいよ
3:46	kbf kbf	さぁ
3:46	ガリレオ	
3:47	ジーク	やってる人増えたね
3:47	kawaii 23	そうでもない
3:48	サイコクザクリッチ	そうなの?
3:50	tete ya-ya	好きにすればええんちゃう？
3:50	村田ネギ	まあ読む人もいる
3:50	西アマネ	ひまちゃんとかはやってるな
3:52	メガミュウツーY	無い気がする
3:52	karttikeya	人それぞれじゃない？
3:53	大熊猫🐼	今北
3:53	pipo popo	スパチャ読みね
3:53	ゆの	する人はする、しない人はしない
3:54	MiA	スパチャ読みは定番になってきたね
3:56	Virra	やってる人いるけどやらないのもしぃしぃらしぃ
3:56	むずは	ハァァァァア。
3:57	伊豆半島	人によるね
3:58	たつなみ	NASS
3:58	けもー	私が見てる範疇では無い
4:00	はんぺん	見返り求めてスパチャしてへんやろ
4:00	うにあ	理由のない会費	￥1,000
4:00	no maki	終わる時スパッと終わるよね
4:01	博多の塩	そうよね
4:03	きのこの山	無言スパチャ定期
4:04	ながねぎ	人それぞれやで
4:05	川原太一	しぃしぃが読み出したら運営から怒られたんかなって思う
4:05	あるは/ Alfa uhi	そらそうよ
4:05	うにあ	よまなくてよくね？？
4:06	kiri	そんな時間あるなら雑談してくれ
4:06	かわ3	ドーラ様！？
4:07	あくと	別に読まんくてもいいと思うけど
4:07	エーピー	ドーラ？
4:07	nimu	人によるのかな読むの
4:07	φanne	１００ドーラ？
4:08	テルユウ	100ドーラ！？
4:08	桃花	別に他の人に合わせんでもええで
4:09	taketo RONA	100ドーラ
4:09	もんぬサマー	無言投下スパチャ	￥1,000
4:09	83ヘチマ	ドーラ
4:09	?!	100
4:09	チョモランマ	ダラーw
4:09	脱走したゴリラ	ダラーって言え
4:10	木目	それはあるな
4:10	ぐだのすけ	🚪！？
4:10	ちゃぽた		￥500
4:10	ゆの	ドラァ…
4:10	とらやま	どるｧ
4:12	Sekitoセキト	100ドーラ！？
4:12	水木あやせ	100ドーラ
4:12	zale	ドルルァ！
4:13	えいの	雑談出来てえらい	￥610
4:13	ゆぴてる	しぃしぃがスパチャ読みしてたらビビる
4:14	佐藤太郎	
4:15	篝火カガリビ	おんなじ名前飛ばしてるって人もいるね
4:15	つま先鬼ごっこ	ドーラ！？
4:15	HAMU	名前を呼ばれるのが好きと聞く
4:15	Shiraha		￥500
4:16	ざんまいTF	しぃしぃ読んでる途中で寝ちゃいそう
4:16	ビサウ	リーダー方式
4:17	ワタル	しぃしぃ割と来た瞬間に読んでくれる
4:17	Ketaけた	
4:18	うにあ	ｗｗ
4:19	ソーセン	１００ドーラ！？
4:20	。ヨウ	100
4:20	Cony Rex	スパチャ読み別にしなくてもいいよ
4:20	リンタイラン	総会費アンドファンアートRTありがとう代	￥500
4:20	ライズ。	エペ最近どうっすか！
4:21	Fred	きた瞬間いいね
4:22	にくきん	会費です！	￥1,000
4:23	よっしぃ	
4:23	ラクタムβ	草
4:24	うにあ	１００ドーラｗｗ
4:25	ふくざわゆきち	自己満足だからええんやで
4:27	黎明卿新しきボンドルド	しぃしぃは来た瞬間に読んでるしいいんじゃないかな？
4:27	ちなまる	草
4:28	しゃけねこ	草
4:28	ターニングポイント	草
4:28	ケンフー	いつの間に通貨に？
4:29	yasu fuji	つよそう
4:29	めんとす	こえぇは草
4:29	青亀	お金です	￥1,000
4:29	S朱	100ドーラ！？
4:30	Metallic	草
4:31	もにぎり	別に読む人が多いだけで別にやらなくてもええで
4:31	テルユウ	どどどどどどどどどどくずほんしゃじゃん
4:32	eland19	詩子さんのスパチャ読みは面白い
4:32	gutti	怖いは草
4:32	脱走したゴリラ	ボスラッシュやん
4:33	みなと		￥1,000
4:33	t	明るそう
4:34	ぴーわいおー	来た瞬間によんでもらうのが一番嬉しいよね
4:35	大福船長	それはこわい
4:35	川原太一	50ドーラぐらい怒られてそう
4:37	がんりょう!	
4:39	?!	草
4:39	ぐだのすけ	「「「よーう人間ども！！！」」」
4:39	エーピー	草
4:39	えすこんじ	見たｗｗ
4:40	ながねぎ	でたｗ
4:40	村田ネギ	暴露されてたねｗ
4:40	茄雪	草
4:40	脱走したゴリラ	あれ草
4:41	UMA #mb	あっ…
4:41	dekarucha	草
4:41	スケルトン	えぇ！？お前もスパチャするんかぁ！？ワシもしよう！
4:42	karttikeya	草
4:42	西アマネ	みたみた
4:42	Metallic	草
4:43	ねこわん	あれ笑った
4:43	りりり	仲悪かったんやね
4:43	ろろ	見たｗ
4:43	松井、	ああ
4:43	suke tome	言われてたね
4:43	ソーセン	聞いた聞いたｗｗ
4:43	あくと	草
4:43	taketo RONA	草
4:43	ワタル	不仲時代ｗｗ
4:43	大熊猫🐼	草
4:43	Charlotte Scarlet		A$2.00
4:43	NEROymネロやん	草
4:44	トリゴリア	1ドーラでも怖いのに
4:44	ゆぴてる	あったな
4:44	きのみ	草
4:44	桃purée	わしじゃよ
4:44	かわ3	ござパンは本当だったんだ
4:44	もんぬサマー	草
4:45	no maki	でた
4:45	Z H	草
4:46	しゃけねこ	草
4:46	にくきん	あの配信めっちゃ面白かった
4:46	Rich F	言われてたな
4:46	えいの	言われたねー
4:46	Kリュウ		￥120
4:46	ちゃぽた	聞いたわｗ
4:46	ないむん	ござパン食らってた頃
4:47	83ヘチマ	あったなぁ
4:47	めんとす	不仲期
4:47	すっとろいぺんぎん	草
4:47	うにあ	切り抜きみた？？ｗｗ
4:48	Yuuki	言ってたねｗ
4:48	まつまえ	草
4:49	ぎるがめっしゅ	総会費かもしれない	￥1,000
4:49	Y- ODE-N	その切り抜き見たわ
4:49	佐栁	見たよ
4:49	Sekitoセキト	見た見たww
4:50	Lain	嫌われてるって本当ですか？！
4:50	suke tome	草
4:50	卵かけ三成	草
4:50	。ヨウ	めっちゃ切り抜かれてたね
4:50	きむたけ	会費的なもの	￥1,000
4:50	ばぶべる	不仲だったって
4:50	青亀	あったあったｗ
4:50	機壱タクミ	草
4:51	あおたけ	草
4:51	佐藤太郎	あったｗ
4:51	がらなちゃん	草
4:51	Virra	草
4:51	/ライ/	草
4:54	つま先鬼ごっこ	あれクッソ笑ったわw
4:54	うにあ	笑ったぞアレww
4:54	たんすいぎょじんR	草
4:54	ずんずん	草
4:54	したじき	草
4:55	koori01	びびってんのかぁ？
4:55	pelle	100
4:55	もにぎり	見たよｗ
4:55	ふくざわゆきち	ござパン草
4:56	かそく	総会費	￥1,220
4:56	たつなみ	ガチ不仲だったんやな！
4:56	zale	ござぱんはあった…っ！？
4:56	疎音	草
4:57	メトメット	草
4:57	水木あやせ	今でもびびってそう
4:58	yasu fuji	あっ・・ってなったｗ
4:58	toy2	草
4:58	smith john	草
4:59	Luore / ルオレ	草
4:59	E 1	草
4:59	ぜろこーら	ほんとで草
4:59	のりおくん	え？
4:59	B 5	ほんま草
5:00	もにぎり	草
5:00	なや	草
5:01	luka melo	草
5:01	えすこんじ	草
5:01	がらなちゃん	
5:01	とらやま	暴露されまくってて草だった
5:01	フウ	草
5:02	玉露ハンバーグ	笑った
5:02	Aris	草
5:02	kiri	総会費払わねば	￥1,000
5:03	karttikeya	営業妨害ｗ
5:03	こまち	草
5:03	Rich F	草
5:03	ライズ。	あの切り抜き見たところ
5:03	ぴょんぴょん	草
5:03	2%ティモティモ	見たw
5:03	ねこわん	草
5:03	脱走したゴリラ	言うほどそんなキャラか？
5:03	かわ3	草
5:03	ろろ	草
5:03	タコクラゲ	草
5:03	かふ	草
5:04	篝火カガリビ	草
5:04	うにあ	いまでもなｗｗ
5:04	ウェルチ	草
5:04	ざんまいTF	ビビりキャラやんけ
5:04	suke tome	今でもｗｗ
5:05	伊豆半島	見た見たｗ
5:05	ふりっつ	草
5:05	茄雪	いや草
5:06	YUKI 417	いつもお化けにびびっとるやん
5:06	マラドーナに愛された男	草
5:06	ビサウ	いまも、、、！？
5:06	やねうら	草
5:06	ないむん	ひまちゃんにびびってるの草
5:06	Golden banana	草
5:06	kamigataneguse	草
5:07	べリ	いつもビビってる
5:07	水木あやせ	草
5:08	kbf kbf	草
5:08	てょばん	今もかいw
5:08	stage Hello	草
5:08	ネムー	草
5:09	ゆの	どっちやねん
5:09	まつまえ	ござパンは本当だったんだ
5:09	Suzuya	草
5:09	かめむし	草
5:09	toy2	やっぱり今でもビビってるよなw
5:10	こます	草
5:10	えいの	まだ怖いんかい
5:10	ぽたもげ	草
5:10	UMA #mb	草
5:11	ああ	ござ
5:11	ずんずん	今でもビビってるは草
5:12	kai 。	今でもなのか
5:12	taketo RONA	まだビビってんのかよw
5:13	朝寝坊なニワトリ	今でもかw
5:14	Tina #	今でもなの笑
5:14	ぴーわいおー	今でもかいw
5:14	らせら	草
5:14	gutti	めちゃ面白かった
5:15	ぺろろんちーの	裏じゃビビりちらしてんのね
5:15	MiA	あのコラボおしぃりぃに流れ弾来すぎて草だった
5:15	黎明卿新しきボンドルド	ホラゲに臆しまくってる
5:16	- kyazu	今でもビビってるのか…
5:17	あんこ	ゲマズの闇笑
5:17	サイバラ	いっつもビビってるだろ！！
5:17	ふくざわゆきち	ビビってるからひまちゃんへの返事早いんやな
5:18	きのみ	び、びびってねーし！
5:18	へっぽこなつ。		￥1,220
5:18	ソーセン	やはりござパン
5:18	大熊猫🐼	草
5:19	ぬい	ござパンはやはり実在した…！？
5:19	ニシナ	草
5:20	ティタノマキア	ござパンされる
5:20	Rian Syah	草
5:20	Rich F	ビビりなのは知ってるよ
5:20	放浪者	
5:22	もにぎり	ござパンを恐れるな
5:22	あえら	もうびびんなｗ
5:22	はんぺん	しぃしぃずっと前から合わない言うてたよな
5:22	篝火カガリビ	けんけんしてた
5:23	佐栁	ひまちゃんのこと恐れてんねぇ！
5:23	Fred	チャイカには？
5:24	松井、	めちゃくちゃ笑ってしまった
5:24	ぽたもげ	かわいいやん
5:25	cana bob	もともとビビりやないかいｗ
5:25	川原太一	【不仲時代】！！！
5:25	K K	ござパンは事実だった
5:26	テルユウ	誰にでもビビってるは草
5:26	陽介	ビビってるやんw
5:26	ターニングポイント	草
5:26	キース	笑っちゃったわ
5:27	野球大好き	笹
5:28	つま先鬼ごっこ	ござパンは史実！
5:28	桃花	椎名さんはひまちゃんに言うことはないんか？ｗ
5:29	φanne	いちからからも怒られてたの？ｗ
5:30	もにぎり	草
5:30	ざんまいTF	ひまちゃんいろいろ眩しいしな
5:31	えすこんじ	やっぱござパンされてんの？
5:31	リンタイラン	びびりぃ！？
5:32	ろろ	草
5:32	t	それ聞いてから、ひまちゃんとの昔のコラボ見返してた
5:33	kent fukushima	幽霊にもビビるくらいだし	￥1,000
5:33	わっとぅー	ひまちゃんみてるー？
5:34	ぴゃみゃにゃぴょっちぇ	ホラゲー配信見てたらわかるよな～
5:34	SlowQuery	ペルソナを得たか
5:34	ひまひまじ	超えてて草
5:35	テルユウ	めっちゃビビってるじゃん
5:35	鶴部織羽	草
5:35	no body	200は草
5:35	ぼろ	草
5:35	Metallic	草
5:35	B 5	結構びびってて草
5:36	黎明卿新しきボンドルド	限界超えてて草
5:36	ゆうれん	草
5:36	しょう	草
5:36	伊豆半島	草
5:36	うにあ	少なくなったなｗｗ
5:36	ワタル	ちょいビビり草
5:38	taketo RONA	だいぶ舐めてるw
5:38	佐藤太郎	草
5:39	ざんまいTF	ござパン期待
5:39	ぐだのすけ	なるほどｗ
5:40	やねうら	リアルな数字で草
5:40	疎音	結構減ってて草
5:40	脱走したゴリラ	だいぶ舐めてて草
5:40	きむたけ	倍ビビってて草w
5:40	cana bob	容易に200％しないで
5:41	G3R	草
5:41	ケンフー	どんだけ怒られたんだよ
5:41	るたろー	草
5:41	kiri	まだ30あるの草
5:41	kawaii 23	ほんまか？
5:41	ねこわん	限界突破してビビってるやんｗ
5:41	c bd	思ったより怖かったのね
5:42	五十円	それなりにあるじゃん
5:42	しゃけねこ	草
5:42	あくと	昔クソビビってて草
5:42	エーピー	まあまあビビってて草
5:43	ゆうたろう	こんにちは
5:43	嶺上開花	ござパン食らってそう
5:43	ガリレオ	限界突破
5:44	めんとす	適度な距離やな、
5:44	あらや	オーバーしてて草
5:45	superego	草
5:45	yasu fuji	それなりにビビってるじゃねーか！
5:45	JunShiki Z	草
5:45	うにあ	ちょいビビりがよｗｗ
5:46	Z H	ござパンされたんか
5:46	リンタイラン	割と減った
5:47	メトメット	教育が必要だな…
5:47	ぼろ	結構びびってるやんけ
5:48	にくきん	倍以上じゃんｗ
5:48	WRyou_Italy	草
5:48	かそく	草
5:48	?!	草
5:48	zale	そろそろ身内枠にいれてあげて・・・
5:48	青亀	ホラゲ以上で草
5:48	ぐだのすけ	あれの半分くらいｗ
5:49	ソーセン	草
5:50	83ヘチマ	どうゆうことだよ
5:50	たつなみ	一回ひまちゃんと遊ぶ約束してごめねむしてみて！
5:50	ライズ。	怖がらない
5:50	ワタル	割とホラゲー並みのビビりで草
5:51	́しょーゆー	
5:52	きのみ	まだ結構ビビってて草
5:53	もにぎり	クッソビビってて草
5:53	S朱	草
5:53	西アマネ	だいぶビビってて草
5:53	archer	こっわ
5:53	Keys	200やばすぎて草
5:53	のむ	めっちゃビビってて草
5:54	マラドーナに愛された男	いつでも三下
5:54	求-矢澤	香港は250だろがい
5:54	ふくざわゆきち	草
5:54	かふ	ほぼ三倍じゃん
5:54	ざんまいTF	まあまあビビってるやんけ
5:54	あばれウミガラス	3倍怖かったんかｗ
5:55	テルユウ	めっちゃビビってるじゃん
5:55	Cusinart	じゃあ30でも相当びびってんな
5:55	いぜな	めちゃくちゃビビってて草
5:55	洋風わらび餅	笹木に対するビビリ度は？
5:56	kbf kbf	ビビるかナメるかのどっちかやめろ
5:56	茄雪	めっちゃビビってて草
5:57	nimu	Paranomal
5:57	ハコノクラゲ	ホラゲより怖いの草
5:58	ぎるがめっしゅ	どんだけ怖いんw
5:58	リンタイラン	ホラゲの半分こわいw
5:59	モモ	
5:59	のりおくん	ストレスで病気なるレベルじゃん
6:00	UMA #mb	あれの半分近くビビってんのか
6:00	ろま。	あれの半分弱はなかなかやん
6:00	野球大好き	笹木は？
6:00	もくず	あれはまだ余裕あったね
6:01	たべっちかにっち	やーいビビりだいふくー！	￥1,220
6:01	kent fukushima	え？！
6:01	まつまえ	怖すぎだろ
6:01	アンメルツ	めっちゃビビってたじゃん笑
6:01	うにあ	にじさんじにビビってんやね
6:02	大熊猫🐼	魔剤？
6:02	そとぅそとぅ	笹木さんはどれくらい？
6:03	kiri	くそビビってるｗ
6:07	ながねぎ	人間不信だ
6:07	すまんも	パラノーマル以上！？
6:07	黎明卿新しきボンドルド	そんなに面識無い人に怒られたらそりゃビビるわな
6:08	チョモランマ	草
6:08	Virra	個人勢だったころ
6:08	博多の塩	たっかww
6:08	REO	草
6:08	ねこさん1号	ひまちゃんはホラゲだったのか
6:09	伊豆半島	めっちゃビビるやん
6:09	陽介	しぃしぃ隠れ陰キャか？
6:09	よういち	初期はパラノーマル香港の3倍！？
6:09	かわ3	いちから以上で草
6:10	しょう	にじさんじ個人勢時代懐かしい
6:10	ディード	笹木以外みんな怖い時代
6:10	しゃけねこ	草
6:10	sayyoh	ござパンされろ
6:11	ガリレオ	ペルソナ時代
6:11	Metallic	草
6:11	YUKI 417	にじさんじ個人勢時代
6:11	ソーセン	りりむと笹木くらいかな
6:12	えすこんじ	だいぶビビってて草
6:13	アマニティ・w・	草
6:13	ぬい	レジってるのにビビってるの草
6:13	かめむし	ほんひまの常識破壊してたな
6:13	鈴木山田	いちからよりひまちゃん怖くて草
6:13	Yuuki	いちから怖すぎで草
6:13	もにぎり	ひいぃって常に言ってそうｗ
6:13	φanne	でも遅刻はやめられない
6:14	kl as	ホラゲーより怖いんかｗ
6:14	ミカン緋色	草
6:14	ぺろろんちーの	怖いのに遅刻するのか
6:14	りりり	怖がってんのに態度は舐めてるの笑う
6:15	ライズ。	隠きゃの極み
6:15	WRyou_Italy	いちからたっけえw
6:15	ゴッツ	ホラゲよりビビってたのか…
6:15	テルユウ	逆に誰が怖くなかったんだ
6:16	ステラ	いちからより怖かったのか
6:16	ざんまいTF	ホラゲよりこわい！！
6:17	求-矢澤	始めたての頃はみんなにヘコヘコしてたしなあ
6:17	脱走したゴリラ	ホラゲー
6:17	坂本卓也	今は誰がこわい？？
6:17	めんとす	チャイチャイ
6:17	no maki	香港の倍以上で草
6:18	Fred	それでも
6:18	うにあ	まあそれはねｗｗ
6:19	ひまひまじ	ペルソナマーケティングの話するぞ
6:19	松井、	それはそう
6:19	ふくざわゆきち	キレたナイフだった頃
6:19	桃花	まぁ怒られてたからねｗ
6:21	つま先鬼ごっこ	いちからより怖いのかｗ
6:21	あーさ	自業自得やんけ
6:21	kent fukushima	あやまれてえらい
6:21	ぽりめらーぜ!	香港の2ば倍
6:21	ひつまぶし	草
6:21	tete ya-ya	残当やぞ
6:21	べリ	いちからよりビビられてたひまちゃん
6:21	ケンフー	じゃあ治せよ
6:21	firi	自分が悪いと嫌だよね
6:22	ぼろ	ガチレジ
6:22	KENTa	いちからより本ひまのが怖いのか
6:22	疎音	多分いちからもビビってたぞ
6:23	Lain	ごそごそいってるのがクローゼット感すごい
6:23	ざんまいTF	やっぱりヴィラン
6:24	ねこわん	いちからよりひまちゃんの方が怖いのかｗ
6:24	ぺぺろんちーの	ひま＞いちから
6:24	リンタイラン	ペルソナって...なんだ？
6:24	taketo RONA	いちから＜ほんひま
6:24	あおむし	いちからより怖かったのか…
6:24	レオンハート	草
6:24	。ヨウ	レジってたからな
6:25	黎明卿新しきボンドルド	いちからよりひまわりの方がビビられてて草
6:25	たつなみ	反抗期しぃしぃ
6:26	村田ネギ	消えたダクソ…ドラクエ…
6:27	ソーセン	まじで毎日のように怒られてたらしいね
6:28	k k	自覚あったのかw
6:29	wa kame	笹木もビビってたし
6:29	ビサウ	ペルソナ考えて
6:30	きのみ	怒られるのが怖かったのか
6:30	もにぎり	それはそうｗ
6:31	UMA #mb	ビビリなのに悪いことやめらんねぇんだよなぁ
6:31	ワタル	ペルソナマーケティング定期
6:31	鶴部織羽	自業自得だわなｗ
6:31	なぎのこ	草
6:32	ぐだのすけ	草
6:32	spade	警察に怯えてたみたいな感じかｗ
6:34	うにあ	まあ残党よｗｗ
6:34	なや	草
6:35	しゃけねこ	草
6:35	́しょーゆー	ないやってんすか
6:36	けもー	昔はワルだったぜぇ
6:36	K K	さすがレジスタンス
6:37	有機物	君の方が怖いよｗ
6:38	貴方野おかげ	怒られるようなことした後だとみんな怖いよね
6:39	水木あやせ	悪いって感覚あるだけマシ
6:39	kent fukushima	リーダー！！
6:39	テルユウ	初配信めちゃくちゃ荒れてんのめっちゃおもろいｗ
6:39	篝火カガリビ	リーダー；；
6:40	kbf kbf	被害妄想
6:42	suke tome	リーダーありがとう
6:43	佐藤太郎	リーダー…！
6:43	みなと	なるほどねｗ
6:44	ライズ。	でろーんさんの初対面やばそう
6:45	松井、	チャイちゃんいて良かったね
6:45	アジの骨	リーダー！
6:46	ワタル	レジスタンス結成秘話
6:46	ぷにゃぽよ	てぇてぇ
6:46	五十円	怒られコンビだ
6:47	ラザフォードアーネスト	レジスタンスええなあ
6:48	あばれウミガラス	サンキューリーダー
6:48	Yoshihi	；；
6:48	えすこんじ	レジスタンス勢力
6:48	えいの	草
6:49	́しょーゆー	同族だな
6:49	もつ	りぃだぁ、あったけえ
6:49	ないむん	広がったなぁ
6:49	うにあ	リーダーのおかげや
6:49	鈴木山田	それはペルソナマーケティングだわ
6:50	リンタイラン	エモじゃん
6:50	pelle	リーダー素敵
6:50	Fred	よかった
6:50	すっとろいぺんぎん	ちゃいちゃい
6:51	ちなまる	リーダー！
6:51	めんとす	リーダーありがとう
6:51	superego	レジスタンスだ
6:51	西アマネ	出会えてよかったね
6:52	kiri	リーダー助かったぜ…！！！
6:52	solitude light	リーダーさすが
6:52	りりり	りぃだぁ
6:53	φanne	やべーやつDUO
6:53	?!	奇跡
6:53	のむ	クズの輪
6:53	だし濃厚きつねうどん	てぇてぇ
6:53	伊豆半島	さすがにじレジ
6:53	ざんまいTF	リーダーマジ感謝
6:54	機壱タクミ	さすリーダー
6:54	甘露煮	リーダー！
6:54	t	悪友の輪
6:54	がらなちゃん	よかった
6:54	川原太一	あの時はおもろかったけどな、怒られすぎてて
6:55	kbf kbf	まあ椎名さんの方が格段にやばいけどね
6:55	ガリレオ	さすがリーダー
6:56	リンタイラン	リーダー；；
6:56	yasu fuji	唐突にエモい話になりそう
6:57	あえら	レジスタンスやからなア
6:57	ラックさん	にじレジてぇてぇ
6:57	83ヘチマ	リーダーありがとう
6:57	るたろー	リーダーありがとう；；
6:58	gutti	ほんとリーダーやな
6:58	匿名	ヤバさのベクトルが違くねｗ
6:59	陽介	あくあにとってのしぃしぃやな
6:59	ひつまぶし	ありがてぇてぇ
6:59	はんぺん	おかげでにじレジが生まれたんやな
6:59	たべっちかにっち	やべぇやつの集団
6:59	すまんも	いい話だ
7:01	八重桜	ここでするんですか！？
7:01	もんぬサマー	オカマに救われたんだよな…！
7:02	きのみ	ちゃんとレジスタンスしてた時代
7:02	archer	レジスタンスありがてぇ
7:02	桃purée	
7:02	うにあ	リーダーいなかったらどうなってたか
7:03	ニシナ	サンキューリーダー
7:04	cana bob	リーダーに感謝…
7:05	もにぎり	サンキューリーダー
7:05	taketo RONA	みんなビビってんの草
7:05	ざんまいTF	リーダーの好きなとこ出来たやん
7:06	Cusinart	でろーんの1.5倍以上びびってて草
7:07	脱走したゴリラ	サンキューリーダー
7:07	ゆの	ホラゲより怖いやんけ
7:08	ぐだのすけ	あ～ｗ
7:08	kbf kbf	でろーん義理と人情定期
7:10	ふりっつ	草
7:11	すまんも	限界突破してる
7:12	うにあ	切り抜きはなｗｗ
7:13	黎明卿新しきボンドルド	初コラボめっちゃ敬語だったよねw
7:13	UMA #mb	リーダーは悪いくせにビビリじゃないからな
7:13	ねこさん1号	りぃだぁ
7:13	ワタル	こわいとこ切り抜かれるからなｗ
7:13	Metallic	草
7:14	もこもこありえす	いちからに匹敵してて草
7:15	桃花	レジスタンスは今まで続いてるからすごいわ
7:15	マラドーナに愛された男	でろーんはしゃーない
7:15	kent fukushima	そりゃ切り抜きだし・・・・
7:15	松井、	初見の人はビビる
7:16	ステラ	リーダーが真面目だったら今のしぃしぃおらんかったかも
7:16	ちなまる	草
7:16	́しょーゆー	確かにな
7:18	極太眉毛	それはそう
7:18	nimu	差がね
7:18	テルユウ	でろーんで130とかひまちゃんは魔王かなにか？
7:19	ないむん	でろーんのソロ配信やばい
7:19	あんこ	りりむ
7:20	ながねぎ	それはそう
7:21	かわ3	義理と人情はあるから
7:21	tete ya-ya	完全にヤンキーやからな
7:22	ぼろ	それはそう
7:22	もにぎり	草
7:23	メガミュウツーY	でろーんは実際めちゃくちゃ優しそう
7:24	白熊	こんちにわ〜
7:25	なや	それはまぁ
7:25	カイ	真面目よね
7:25	ライズ。	笹木のソロ配信は別人格出てるからな
7:26	eland19	真面目よな
7:27	_名無し	そりゃ切り抜きは怖い部分凝縮してるしｗ
7:28	リンタイラン	切り抜きだと極端な部分がね
7:29	Ankuアンク	初見です
7:29	クリ	切り抜きデローンいつもきれてるよな
7:30	kanini	言わされてるんか？
7:30	ぴゃみゃにゃぴょっちぇ	ギバラとかはどうだろ？
7:30	ラクタムβ	草
7:30	WRyou_Italy	切り抜きでろーんいつも舌打ちしてるから・・・
7:31	HAMU	ほうほう
7:31	うにあ	切り抜きイメージだけだとねえｗ
7:32	川原太一	ヤンキー理論
7:32	ぴょんぴょん	草
7:33	YUKI 417	でろーんは会ったら怖いって言う人おおいけどね
7:33	superego	草
7:33	Fred	草
7:33	ろろ	草
7:33	松井、	草
7:33	トリゴリア	身内に優しいヤクザだからな
7:33	しょう	草
7:33	えすこんじ	草
7:34	Metallic	草
7:34	勉強中雀ゴロ	剣持はこわかった？
7:34	やねうら	舐めてて草
7:34	ソーセン	草
7:34	もにぎり	そりゃ面白いとこ切り抜くからね
7:35	佐藤太郎	笹
7:35	ざんまいTF	マイナスw
7:35	ぽりめらーぜ!	なめてんね
7:35	Aris	草
7:35	taketo RONA	草
7:35	ぐだのすけ	マイナス草
7:35	いつまで	草
7:36	山津一海	-50ｗ
7:36	Yoshihi	なめてるｗ
7:36	伊豆半島	草
7:36	ターニングポイント	舐めてて草
7:36	脱走したゴリラ	舐め腐ってて草
7:36	博多の塩	舐めてんなww
7:36	cana bob	草
7:37	チョモランマ	舐めてて草
7:37	リンタイラン	草
7:37	たべっちかにっち	なめくさってる
7:37	ジーク	なめられてんねぇ！
7:37	kent fukushima	にヘラ顔
7:37	うにあ	ｗｗ
7:38	あーさ	ヤンキー部分の切り抜きしか見とらんな
7:38	アズキ8	草
7:38	桃園あい	マイナス草
7:38	ふくざわゆきち	下に見てて草
7:38	求-矢澤	マイナス50
7:39	。あとね	舐め腐ってる
7:39	なや	草
7:39	モヤシーズキングダム	草
7:40	おヴぇろん	草
7:40	テルユウ	それはそれでどうなんだｗ
7:40	なぎのこ	草
7:40	Qoo	なめてんじゃん
7:40	きのみ	舐めすぎ
7:40	鶴部織羽	草
7:42	ko ko	草
7:43	アジの骨	ええやん
7:43	Rabbit _539	もう舐めてるｗ
7:44	ぬい	舐め腐ってて草
7:44	もんぬサマー	葛葉とかあくあは？
7:45	陽介	にじれじてぇてぇ
7:45	A00	夜見は？
7:47	無垢-muku-	なめてるw
7:47	t	なんか今日元気やんな
7:47	ぷりっつPretz	草
7:47	cana bob	葛葉は？
7:49	まっちゃん	ひまちゃんは切り抜きでは怖くないのに
7:49	るたろー	草
7:49	ざんまいTF	よるみはー？
7:50	ふわふわ	葛葉と剣持のことも舐めてるだろ
7:50	まりえ	りりむ、どこでもおもちゃにされてて草
7:52	Cusinart	顔が？
7:52	zu su	草
7:53	ぐだのすけ	草
7:53	Azusa	元からや
7:53	taketo RONA	顔が丸い
7:54	みなと	先に言うな
7:54	ゆうれん	草
7:55	zale	いつも丸いだろ
7:55	チョモランマ	ほんとかぁ？
7:55	Cony Rex	もともと丸いだろ
7:55	かわ3	顔もまるいよ
7:55	ビサウ	顔が定期
7:55	松井、	丸くなったね
7:55	しょう	元から丸い
7:56	こねこ倫理観	誰も言ってませんよ
7:56	オレンジ	顔がね
7:56	よういち	顔は最初からや
7:56	しゃけねこ	草
7:56	くり。	顔？
7:56	ぼろ	最初から
7:56	kbf kbf	元々丸いよ♡
7:56	うにあ	だいぶマルクなったと思うわ
7:57	だし濃厚きつねうどん	予防線草
7:57	えすこんじ	顔は前から丸い定期
7:57	Tina #	舐めるかビビるかしかなくて草
7:58	B 5	先回りすんなｗ
7:58	博多の塩	まだまだ丸くなれるね
7:58	ミカン緋色	草
7:58	アズキ8	元からやろ
7:58	ゴッツ	ナメてんの草
7:59	ざんまいTF	顔がね！！！
7:59	機壱タクミ	元々丸い
8:00	kiri	先に止めやがった
8:00	佐藤天馬	もとから丸いだろ
8:00	ないむん	草
8:01	炒り豆	先読みするな
8:01	ながねぎ	顔は元からだもんね
8:01	めんとす	巻かれちまったなぁ！
8:01	たべっちかにっち	自分で言ってるやん
8:01	S朱	草
8:01	うにあ	ｗｗ
8:02	ふくざわゆきち	置きツッコミ草
8:02	ケンフー	変あったか？
8:03	ぴーわいおー	郡道先生は？
8:03	ガリレオ	顔先読み
8:03	スロスタ	先手打たれた
8:03	ぜろこーら	顔丸いね
8:03	あんこ	舐めてて草
8:03	彩玉	先回りすんな
8:03	陽介	顔は元から
8:03	リンタイラン	絶好調やな今日w
8:03	イマガセ	顔はもうこれ以上丸くならんやろ
8:03	ぐだのすけ	草
8:04	あずP	草
8:04	弾当てられない	総会費	￥2,000
8:04	もんぬサマー	草
8:04	碓氷ドラグライド	草
8:04	superego	草
8:05	博多の塩	草
8:05	spade	先手うつやん
8:05	Hana Tsukimi	舐めすぎだろｗ
8:06	佐藤太郎	もちさんｗ
8:06	kbf kbf	葛葉あくあが同レベルで草
8:06	あくと	先に言うの草
8:07	あきな。	わかる、顔がな
8:07	いつまで	元から定期
8:07	和琴	元から丸いよ
8:08	HAMU	もっと舐めてて草
8:08	ちなまる	だいぶ舐め腐ってんなぁ
8:08	ターニングポイント	草
8:08	こっぱむ	先回り草
8:09	おさるのジョージ	インフレが
8:09	山津一海	さらに舐められてて草
8:09	シスイ	舐められまくってて草
8:10	Keys	そこが同列なの草
8:10	アマニティ・w・	草
8:10	E 1	草
8:12	こますけ	別になんも言ってないのに
8:12	のりおくん	なめてるレベル
8:12	マーニー	草
8:12	tete ya-ya	剣持一番舐められてて草
8:12	川原太一	剣持が葛葉より上はやばい
8:12	ちゃぽた	舐めまくってて草
8:13	ぷりっつPretz	剣持
8:13	ざんまいTF	それは良いことだ
8:14	ねこわん	草
8:14	ドンタコス	叶くんは？
8:15	cana bob	顔ネタに先手を打つ余裕ができてるな
8:16	黎明卿新しきボンドルド	更に舐められてるやついるの草
8:16	sayyoh	初期デビリオンは？
8:17	もにぎり	元からまん丸定期
8:18	やっち	舐め腐ってて草
8:19	ぼろ	てんかいじは？
8:20	WRyou_Italy	椎名唯華ナメてる度ランキングください
8:20	ろま。	顔が丸いのは最近ではない
8:20	アーリィ	めっちゃ剣持舐められてて草
8:24	常識じゃない常識	剣持は一期生だからなぁ
8:31	もつ	アンジュもマイナスやろな
8:32	ミカグラ	総会費...どこ...ここ...？	￥2,000
8:34	ワタル	そうかまた最初からかｗ
8:35	うにあ	オフコラやると思わんかったよ
8:37	つま先鬼ごっこ	ツッコミを潰すんじゃねぇ！顔丸っ！
8:38	kbf kbf	早いな
8:40	心刃	へー
8:41	Lain	りりむはー１００ぐらいいいってそう
8:41	taketo RONA	最初のとこ3回やったのねw
8:44	ぐだのすけ	あ～
8:45	シズク	なめられすぎてる剣持草
8:46	ふくざわゆきち	かえってオフコラボのがクリアしやすかったんかな？
8:47	ケンフー	毎回全員一からやってんの草
8:47	Cusinart	じゃあパラノーマルと剣持合わせてちょうどいい具合のビビり具合だったんだな
8:51	Hana Tsukimi	ほう
8:52	こねこ倫理観	草
8:52	心刃	草
8:52	テルユウ	リークするな
8:52	Metallic	草
8:53	Yuuki	草
8:53	ぐだのすけ	草
8:54	ビサウ	まじ！？
8:54	しゃけねこ	草
8:54	ちなまる	草
8:54	superego	草
8:54	うにあ	剣持遅刻マ？？Ww
8:55	ターニングポイント	あそこまでしぃしぃが進めたん？
8:55	カイ	草
8:55	こまち	草
8:55	みなと	剣持やったなぁ
8:56	なや	草
8:56	ないむん	草
8:56	do ra	遅刻アピ
8:56	松井、	マジ！？
8:56	Yoshihi	草
8:56	あえら	草
8:56	ふくざわゆきち	草
8:56	かわ3	まじ！？最低だな！
8:56	ざんまいTF	遅刻マウント
8:56	ワタル	剣持を許すな
8:56	すっとろいぺんぎん	草
8:56	Cony Rex	しぃしぃ舐めてる度ランキング需要ある
8:57	椎名VII	草
8:58	ねこさん1号	草
8:59	nimu	草
8:59	脱走したゴリラ	許せねぇよ！
8:59	ななかな	草
8:59	archer	草
8:59	松明calat	草
8:59	がらなちゃん	草
9:00	G3R	草
9:00	勉強中雀ゴロ	くさ
9:00	黎明卿新しきボンドルド	それはよくないなぁ…
9:01	kbf kbf	あいつ毎回遅刻してんんあ
9:01	WRyou_Italy	解釈一致
9:01	Rain	草
9:02	zale	暴露大会してて草
9:02	洛水佑馬	
9:03	smith john	草
9:03	う将	草
9:03	ぷりっつPretz	草
9:03	Fred	マウント材料じゃん
9:04	るたろー	なに！？
9:04	アサ	草
9:04	リンタイラン	これは炎上
9:05	キキキキ	ん？ww
9:05	tete ya-ya	剣持にやり返しててて草
9:05	野球大好き	急に強気で草
9:05	うにあ	マジかーｗｗ
9:05	鈴木山田	コラボするときは遅刻しちゃいけないもんな
9:06	坂本卓也	急な強気くさ
9:06	gutti	草
9:07	めんとす	一期生ツラしてんな
9:07	ラックさん	草w
9:07	ソーセン	いつもの
9:07	佐藤太郎	草
9:07	鶴部織羽	ばらされるの草
9:08	常識じゃない常識	配信いつも遅刻してるからな
9:08	あばれウミガラス	あーあやっちまったな
9:09	ぼろ	他人の遅刻にはきびしぃしぃ
9:09	taketo RONA	ほんまござ？w
9:09	水木あやせ	めずらしいな
9:09	NoName	草
9:09	うにあ	進めといてｗｗ
9:10	はんぺん	剣持許さん。
9:10	B 5	ホラゲクリアできてえらい	￥500
9:10	わっとぅー	顎がよ
9:11	Virra	やったなあ
9:12	NEROymネロやん	おいおいもちさん
9:12	鼻セレブ	カスがよぉ！
9:13	yasu fuji	ｯﾊｰあの一期生ほんま・・・
9:13	もにぎり	草
9:13	chromin クロミン	草
9:13	kent fukushima	それわざとちゃう？
9:13	spring hil	草
9:14	うりす	剣ちゃんｗ
9:14	すまんも	ここぞと言う
9:14	ジーク	剣持遅刻していた
9:15	ニワシキ	遅刻連絡はえらい
9:15	ふくざわゆきち	剣持謝れ
9:15	ライズ。	剣持「謝らないです」
9:15	彩玉	遅刻は万死だわ
9:16	AMZON COM	弱み握っちゃったねぇ…
9:16	兎角	
9:16	Yuuki	許せねぇなぁ！
9:16	リンタイラン	えらい
9:16	五十円	待つ側なの珍しいな
9:17	へーど	剣持からも舐められてるんやぞ
9:17	お腹痛い	自分が上がるわけじゃないんだぞ
9:17	ソーセン	重役出勤じゃん
9:17	イマガセ	配信も遅刻常習犯だし
9:18	たべっちかにっち	ほんまござ？
9:18	えすこんじ	草
9:18	すぷーん	まじ？
9:18	桃園あい	他人の遅刻も巻き込んでけぇ
9:19	Cusinart	ドッキリありそう
9:19	Metallic	草
9:20	脱走したゴリラ	にじさんじ風紀委員会に訴えよう
9:20	求-矢澤	これはビビり度-100ですわ
9:20	新井良太	けんもちこくしちゃったか
9:21	佐藤天馬	しぃしぃのほうが早かっただと！？
9:21	Bear White	一期生の遅刻
9:22	カルシウム溶田	アゴなげぇのにな
9:22	ワタル	オフコラボ来ないドッキリ凶悪すぎん？ｗ
9:24	kbf kbf	一期生は忙しいねん
9:24	ロ一ツェ	ドッキリは草
9:25	佐栁	マジかよサイテーだな
9:25	じひつ	剣持は配信にも遅刻しがちだしね
9:25	洛水佑馬	草
9:26	黎明卿新しきボンドルド	しぃしぃに1人でホラゲ進めさせるとか鬼畜かな？
9:26	かざ	
9:27	あるは/ Alfa uhi	よく一人でできたね
9:27	うにあ	ホラゲクリアよくできたよ
9:28	ざんまいTF	ドッキリだったら面白い
9:28	あくと	剣持もどうせ椎名が遅れると思ったんやろなぁ
9:28	ぴーわいおー	なんだかんだで遅刻しないしぃしぃ
9:29	kl as	許せんな、ひまちゃんに怒ってもらわんとな剣持
9:30	高撫ばたこ	剣持を許すな
9:30	真琴眞鍋	遅刻は許されないよな！
9:30	のりおくん	あーあー一期生なのになぁ
9:32	archer	一期生面してるな？
9:32	ラックさん	
9:33	ユキナベ	ミガカミカガミ
9:37	みなと	草
9:37	B 5	草
9:37	かわ3	1
9:38	superego	草
9:38	kbf kbf	いや草
9:39	ぐだのすけ	ええやんｗ
9:39	青いザリガニ	草
9:39	木目	マジかｗ
9:39	うにあ	二人でｗｗ
9:39	しゃけねこ	草
9:39	キキキキ	次はVRホラー
9:39	ハコノクラゲ	仲いいなｗ
9:39	JunShiki Z	草
9:40	ひつまぶし	草
9:40	陽介	草
9:41	ガリレオ	草
9:41	ワタル	楽しそうじゃんｗ
9:41	ミカン緋色	草
9:41	きのみ	仲良しかｗ
9:42	ふくざわゆきち	草
9:42	すっとろいぺんぎん	草
9:42	Metallic	草
9:42	ラクタムβ	二人でw
9:42	ケンフー	ミラティブしろ
9:43	ビサウ	なかよしがよぉ、、、
9:43	ターニングポイント	草
9:43	がらなちゃん	草
9:43	ターニングポイント	草
9:43	83ヘチマ	草
9:43	空木圭	仲良しじゃん
9:43	リンタイラン	草
9:43	まつまえ	草
9:44	ちなまる	草
9:44	いぜな	それも配信しろ
9:44	ふわふわ	仲良しじゃん
9:45	ライズ。	後半別ゲーなって草だった
9:45	うにあ	それ楽しいか？？ｗｗ
9:45	西アマネ	仲良しじゃん
9:45	アジの骨	仲良しじゃん
9:46	脱走したゴリラ	仲良しやん
9:46	桃purée	かわいい
9:46	ばぶべる	なかよし
9:46	もんぬサマー	草
9:46	tomi- tomo	可愛いじゃんｗ
9:46	?!	草
9:46	るたろー	草
9:47	たべっちかにっち	草
9:47	こま	草
9:47	bi bibi	草
9:48	ソーセン	めっちゃ暇で草
9:48	pipo popo	仲いいなｗ
9:49	うりす	草
9:49	リンタイラン	なかよしやん
9:49	よういち	草
9:49	S朱	草
9:49	脱走したゴリラ	勝った？
9:49	B 5	それもまた人生ってか
9:50	ななかな	楽しそう
9:50	故郷たけのこの	悲し過ぎん
9:50	ぐだのすけ	人生ゲームは草
9:50	博多の塩	2人でやるもんじゃねぇww
9:50	ぺぺろんちーの	ほんと草
9:50	アズキ8	草
9:50	nimu	2
9:50	pelle	仲良し
9:51	すまんも	二人でw
9:51	みなと	二人人生ゲームはやべぇｗ
9:52	アッシマー	草
9:52	村田ネギ	それを配信しろ
9:53	もにぎり	かわいいなｗ
9:53	いつまで	オフコラボ遅刻やびすぎる
9:53	cana bob	よりによって人生ゲームかよｗ
9:53	ざんまいTF	ヒマノキワミ
9:53	Yoshihi	仲いいやんｗ
9:53	yasu fuji	二人は草
9:54	したじき	人生ゲームは草
9:54	ねこわん	仲良しやんｗ
9:54	ロ一ツェ	それ見たかったわ
9:54	水木あやせ	仲ええやん
9:55	求-矢澤	いちからにボドゲおいてあるの草
9:55	chromin クロミン	草
9:55	かわ3	楽しそう
9:56	ぽたもげ	草
9:56	スケルトン	2人で人生ゲーム楽しい？
9:57	しゃけねこ	草
9:57	佐栁	仲良しだなぁ
9:59	アサ	草
9:59	鶴部織羽	草
10:00	マラドーナに愛された男	草
10:00	うにあ	なかよしがよｗｗ
10:01	猫丸	元気？
10:01	あおむし	草
10:01	kbf kbf	しかも最新のやつやん
10:01	みしん	可愛すぎだろ剣持
10:02	zale	暇の極み乙女じゃん
10:02	ないむん	草
10:02	ぎるがめっしゅ	草
10:03	サイバラ	ルドーじゃん
10:03	ぼろ	そこも配信してくれ
10:03	もにぎり	草
10:05	SUNSHINE ESCANOR	てえてえ
10:05	洛水佑馬	仲良いね
10:06	オクタン	ボドゲは暇の最上級w
10:06	大福船長	ツイキャスで流せ
10:06	ぐだのすけ	最近の人生ゲームそんなんあるんかｗ
10:07	がらなちゃん	そんなのあるんだ
10:07	φanne	なんだその人生ゲーム
10:08	イッヌ	令和版じゃん
10:08	ラクタムβ	それ配信でもみたいわw
10:08	ふくざわゆきち	その時ボイス撮れ定期
10:09	アルマアルマ	最近の人生ゲームｗ
10:09	クリ	草
10:09	脱走したゴリラ	やるやん！
10:10	すまんも	なにその人生ゲーム
10:10	k k	なかいいｗｗ
10:10	もんぬサマー	えらい現代的な人生ゲームですね
10:11	つま先鬼ごっこ	遅刻はだめだよなー（棒
10:11	西アマネ	かててえらい
10:11	川原太一	YouTuberが、インスタ映え狙うな
10:12	真神野	そんな人生ゲームあるんや
10:12	嶺上開花	それ見たかったなぁ
10:14	博多の塩	さすが運ゲーマーズ
10:14	アズキ8	特別なやつか
10:14	陽介	そんな人生ゲームあるんか
10:14	リンタイラン	そこを配信してw
10:14	すぷーん	草
10:15	taketo RONA	勝ってて草
10:15	黎明卿新しきボンドルド	何が楽しいのか分からんが楽しそうで草
10:16	えすこんじ	さす運ゲマズ
10:16	ワタル	最近の人生ゲームそんなんなのｗ
10:16	ざんまいTF	もちもち可愛い
10:18	ちなまる	草
10:19	うにあ	ｗｗ
10:20	まっちゃん	それを配信しろ
10:21	しゃけねこ	草
10:21	kbf kbf	勝つんだぁ･･･
10:22	ろろ	草
10:23	ソーセン	まぁ２人だと…
10:23	ぐだのすけ	草
10:25	ねむ	
10:26	木目	そりゃあサシでやるゲームじゃねぇからなｗ
10:26	脱走したゴリラ	剣持クッソ萎えてそう
10:26	ないむん	草
10:26	もにぎり	四角い人生ゲームのやつ？
10:27	ガリレオ	二人は絶対クソゲーだろw
10:28	うにあ	作業になるよなｗｗ
10:28	へーど	もっと他にやるゲームあったろｗｗ
10:28	superego	草
10:30	ライズ。	そこまで仲良くないけどリアルであったら盛り上がるクラスメイトみたい
10:31	kiri	草
10:31	ケンフー	消化試合
10:32	Metallic	草
10:33	かわ3	大分で草
10:35	neji279ful	つぎのホラゲコラボ待ってます	￥200
10:35	83ヘチマ	差ありすぎだろ
10:36	ソーセン	大分差があって草
10:37	オクタン	2人で面白いのかw
10:37	川原太一	そりゃえぐいわ
10:39	ないむん	そんなにｗ
10:41	Sekitoセキト	運ゲマズ定期
10:42	川原太一	ケンカになるわ
10:43	猫丸	ゴリラ
10:43	ちゃぽた	草
10:43	黎明卿新しきボンドルド	HIKAKINより強くて草
10:44	いろはに	おはしいなぁ
10:45	べリ	2000
10:45	テルユウ	そんな差ついたらおもんないやろｗ
10:45	ざんまいTF	勝利の女神見えてんな
10:45	アマニティ・w・	めっちゃ差あるやんw,
10:45	すまんも	圧倒的すぎる
10:48	ぐだのすけ	おお～
10:49	chromin クロミン	うおおおおおおおおおお
10:49	シャムねこ	おお
10:51	木目	いいねぇそれ
10:51	こぼちー	こんばんは〜
10:51	WRyou_Italy	おお
10:53	ソーセン	じゃあ次はコーリングかな
10:54	うにあ	３ｄ機材壊さない？？
10:54	ぴーわいおー	3D
10:54	こねこ倫理観	calling
10:55	もにぎり	おお！
10:55	疎音	草
10:56	よういち	ホラゲはコラボ向いてるな
10:56	ワタル	３Dなら吹っ飛ぶとこ見られるぞ
10:56	松井、	いいね
10:56	博多の塩	あっ
10:57	ぬい	顔がね
10:57	yasu fuji	あっ
10:57	的場	ホラゲ以外も見たいぞ！
10:57	がらなちゃん	草
10:58	かわ3	整形しとこ
10:58	西アマネ	あっ
10:58	ちゃぽた	いいねぇ
10:58	七夜	草
10:59	ふぉるす	機材壊しそうｗ
10:59	えすこんじ	自分で言うな
10:59	ひつまぶし	いいっすねぇ
10:59	AMZON COM	３Dいいやん！
11:00	ジュラルミン	そこ
11:00	superego	3D
11:00	ななかな	見たい！
11:00	ふくざわゆきち	草
11:00	Aris	草
11:00	Cusinart	顔の角度が
11:01	ジーク	大きさが・・・ね
11:01	しゃけねこ	草
11:01	ぷりっつPretz	3d
11:01	いつまで	草
11:01	もんぬサマー	気にしてるんですか？
11:01	フランク	こんしいな～
11:02	anmlfk f.k	草
11:02	ろろ	草
11:03	テルユウ	3dあんまでかくないしセーフ
11:03	真神野	あっ
11:03	アジの骨	顔がね・・・
11:03	ぴゃみゃにゃぴょっちぇ	VRとかヤバそう
11:03	わっとぅー	大福と顎
11:03	firi	おもちで誤魔化そ
11:03	ねむ		￥2,434
11:03	ちなまる	草
11:04	きのみ	丸と鋭角
11:04	zale	３Dホラゲコラボは機材破壊しそう
11:04	椎名VII	草
11:05	アサ	草
11:05	トリゴリア	めっちゃ後ろに立とう
11:07	陽介	でかくてもかわいいぞ
11:07	佐藤太郎	顎と大福
11:07	めんとす	後ろに立て
11:07	たくみん	気にしてんの草
11:07	nimu	あっ
11:07	しょう	三角と丸
11:08	イカ	3D
11:08	あーさ	人種が違うからええやろ
11:09	伊豆半島	剣持はシャープだからな
11:09	ろま。	もう
11:09	なぎのこ	肩幅がね肩幅が
11:09	ねこさん1号	おもちぃなで行けばいいさ
11:09	シスイ	絶対面白いじゃん
11:10	ターニングポイント	遠近法を使っていけ
11:10	すまんも	3D見たいなー
11:11	たべっちかにっち	今更気にすることか
11:11	ぴーわいおー	3Dは楽しみ！
11:11	みなと	向こうは鋭利だしな
11:12	ガリレオ	顔のでかさ自覚しないで
11:12	ぐだのすけ	せやなｗ
11:12	黎明卿新しきボンドルド	3Dはいつもより小顔だから大丈夫
11:12	やっつー	▽◯
11:13	桃園あい	剣郡舞しぃで焼き肉or桃鉄待ってます
11:13	chromin クロミン	3D
11:13	kbf kbf	どこ見てんねん
11:13	のりおくん	剣持の鋭さが目立つな
11:13	ケンフー	すぐ後ろむく
11:13	Metallic	草
11:13	ショッパー	出るに決まってるぞ
11:14	心刃	バレるねぇ
11:14	ざんまいTF	レバガチャダイパン復活したら呼ばれないかなー
11:15	よういち	今でもバレてる
11:15	taketo RONA	椅子くるーはほんま草
11:16	ましゅ.	2D
11:16	こます	なるほど
11:16	ene	おもちぃなで行こう
11:17	WRyou_Italy	すでにバレてたゾ
11:17	シズク	おもちぃなで行けばバレない
11:17	サイバラ	吹き飛ぶし
11:18	ミカン緋色	顎の角度もそうだね
11:19	YUKI 417	今でもバレてるし
11:19	LEON	言ってて草
11:19	まっちゃん	おもちぃなでいこう
11:20	もんぬサマー	2Dでもバレたのに。
11:20	ないむん	2Dでもバレてたよｗ
11:21	ぼろ	3d
11:22	鶴部織羽	バレバレだな
11:22	B 5	遠近法で草
11:22	うにあ	３ｄじゃなくてもバレるわｗ
11:22	ふくたろ	２Dでもバレてますよ
11:23	sayyoh	遠近法使っていけ
11:23	archer	それがみたい
11:23	もにぎり	3DVRホラーお願いします！
11:23	tete ya-ya	▽と○
11:24	ねこわん	いまでもバレてるぞｗ
11:24	ふーふぐ	遠近法でいきましょう
11:25	村田ネギ	遠近法だあ
11:26	うりす	３Dホラゲ楽しみだな！	￥2,000
11:28	t	でかい方が可愛いよ
11:28	?!	おもちぃなでやればバレない
11:28	くり。	常にスウェーしとこ
11:29	リンタイラン	おもちいなならバレない
11:31	83ヘチマ	3D
11:32	灰神楽	遠近法をフル活用するんだ
11:32	かざ	普通にばれてた
11:32	tomi- tomo	おもちでやって
11:32	まつまえ	おもちぃなでやろう
11:34	へーど	VRバイオ？
11:34	kent fukushima	VRゴーグルつければにげられない
11:38	アジの骨	３D椎名さんも見たいね
11:39	spring hil	ずしりのコラボでゲームクリアして欲しいな
11:39	黎明卿新しきボンドルド	巨大化おもちぃなを横に置いとけ
11:40	いろはに		￥610
11:41	ざんまいTF	個性よ、個性
11:46	kbf kbf	NASS今年1面白かった
11:46	シャムねこ	草
11:46	うにあ	そうだな
11:47	ぐだのすけ	NASSも楽しかったね
11:48	gunkan _com	俺は気にしてないよ、、、
11:48	superego	草
11:50	いなむ	おもちぃなならバレない
11:51	みなと	草
11:51	つま先鬼ごっこ	NASSも面白かったねー
11:51	ぐだのすけ	草
11:51	らい	レバガチャダイパン期待してるよ！！
11:52	ひつまぶし	草
11:52	Metallic	草
11:52	zale	いうて笹木もデカイ
11:52	えすこんじ	草
11:52	しょう	草
11:53	B 5	笹
11:53	みなみ	草
11:53	no Mo	3D
11:54	ちなまる	草
11:54	りりり	笹木もじつはでかい
11:54	博多の塩	草
11:54	しゃけねこ	草
11:54	ねこさん1号	草
11:55	佐藤天馬	しぃしぃ基本カメラ見ないよね
11:55	テルユウ	それいっつも言うじゃんｗ
11:56	日本酒美味しい	やめてｗ
11:56	ワタル	笹木もでかいんだよな言うてｗ
11:56	よういち	あくあちっちゃいのにな
11:56	のむ	草
11:57	ガリレオ	笹木はフード混みだろ
11:57	カモン	笹木もでかいよな
11:57	るたろー	草
11:57	LEON	草
11:57	kiri	草
11:58	ねこわん	草
11:58	るみねん	草
11:59	なだきょう	草
12:00	八重桜	あなたが一番でかいぞ
12:00	黎明卿新しきボンドルド	スタイルいい…？
12:00	がる	草
12:00	́しょーゆー	笹
12:00	Yuuki	草
12:01	ないむん	笹木はちんちくりんだから･･･
12:01	ざんまいTF	フードで目立たない説な
12:02	えすこんじ	パーカーでごまかしてるからな
12:03	テルユウ	笹木はでかくないよ
12:03	WRyou_Italy	NASSのトーク面白すぎた
12:04	ふわふわ	椎名と比べられるせいで小さく見えるけどね
12:04	鶴部織羽	顔でかいやよ～
12:04	ティタノマキア	道連れ
12:05	砂糖症??	フードじゃなくて？
12:05	ふぉるす	ぶっちゃけ笹木の方がデカかったなｗ
12:05	のりおくん	笹木ちんちくりんだから；；
12:06	tete ya-ya	それはそう
12:07	kbf kbf	フード定期
12:07	sayyoh	笹木はフードがデカいだけ
12:07	みなみ	フードのせいじゃ
12:07	桃園あい	フード込みや
12:07	ワタル	サムネとかで見るとわかるデカい笹木ｗ
12:07	yasu fuji	気が付いてはいけないことを・・・
12:08	Rabbit _539	確かにそうなんだよね
12:08	わっとぅー	フードあるからな
12:08	べリ	笹木ひまちゃんと並ぶとデカかった
12:08	帆楼	それはそう
12:08	よこち	笹木はフードだろ
12:08	ライズ。	笹木のパーカーでかくなる特殊効果ついてる
12:08	アズキ8	まあまあね
12:09	九十九	フードがあるからやろ
12:10	もつ	おもちでやればいいよ
12:11	ケンフー	また運動しないのにプロテイン飲んでる
12:11	遠野/とおの	ライブの時も言ってたよね
12:11	黎明卿新しきボンドルド	それフードやで
12:11	kiri	パーカーでごまかしてるから
12:12	もんぬサマー	笹木はフードで盛ってない？
12:12	kent fukushima	態度がでかい
12:13	もにぎり	草
12:13	あるは/ Alfa uhi	笹木の方がフード分でかい
12:13	空木圭	笹木は体ごとちっさいからな
12:13	2001 TAKAHIRO	じゃあSNSでやろうｗ
12:14	Fred	そう？
12:15	archer	そうやな
12:15	キキキキ	プロテイン、NICE！
12:16	B 5	それ本人に言った？
12:17	φanne	ライバー飲み物こぼしがち
12:18	83ヘチマ	ささきかくれたでかさ
12:18	桃purée	フードがなぁ
12:19	ぎるがめっしゅ	草
12:19	テルユウ	諦めろ！
12:19	マーニー	澄ました顔して意外とね
12:20	カプリコーン	3Dで剣持の顎 長さ計って
12:20	- kyazu	でもあるまるフードでごまかせてないが
12:23	つま先鬼ごっこ	胸は小さいけどな
12:23	Virra	しぃしぃもフードつける？
12:24	みなと	次の衣装フードかぶるかぁ
12:25	あんこ	めっちゃクズなのバラされてたな
12:26	サイバラ	笹木はちっさいから
12:26	KENTa	アルスはフードあるけどでかいぞ
12:26	うにあ	フードのせいなんかな
12:26	Cusinart	そのパーカーも外されるんだよなぁ
12:26	猫丸	椎名と良い勝負
12:26	ぼろ	しぃしぃがでかすぎるからどうにもならない
12:27	大福船長	顔面サイズ虚偽罪
12:27	いつまで	笹木はロリバランスだから…
12:27	Kumu	Good afternoon
12:28	りりり	ずっとおもちぃなでもいい
12:29	リューコー	たこ焼き美味かった？
12:31	うりす	おもちぃなまさかの３Dやったなぁ
12:31	大塚.	ミルクプロテイン...？
12:32	ぴゃみゃにゃぴょっちぇ	笹木はあく虐してたな…
12:32	ちゃぽた	おもちぃなすごくかわいかった
12:33	れれ	はよパーカー脱がんかｗ
12:34	あるは/ Alfa uhi	おもちいなで配信してほしい
12:34	椎名VII	おもちいなかわいい
12:34	ざんまいTF	おもちぃな虐は本当に助かった
12:34	ぴーわいおー	しぃしぃは肩幅で損してる感じがする
12:34	シズク	
12:35	Zaki	こんどフードとるから確認だな
12:36	t	プロテインダイエット
12:36	もにぎり	おもちぃなかわいい
12:37	ヘルエスタ王国宮廷魔導師	笹木は胸がちっさいからな…
12:37	けんしん	おもちぃなかわいかったなあ
12:37	五十円	今日はおもちぃなにはならないんですか？
12:38	ぐだのすけ	お～
12:38	Sekitoセキト	おもちぃなでリゼ凸の切り抜きみた！
12:38	ライズ。	パーカー洗え！
12:38	まっしー先輩	おもちぃなは！そんなこと！言わなァァァァァい
12:39	たべっちかにっち	でもしぃしぃフード被るともっとデカくなるぞ
12:40	アズキ8	顔の幅と肩幅の比率が大事
12:40	kbf kbf	やるじゃん
12:41	taketo RONA	おもちぃなのにじ3Dあるんかな
12:41	すまんも	いろいろコラボあって楽しかった	￥2,000
12:42	カルシウム溶田	チャイカ３ｄどうだった？
12:42	きき#髪の毛パスタ巻いてる	そういえばリゼの凸待ちにおもちぃなの音源送ってたね
12:42	リンタイラン	おお
12:43	天ぷりゃ	諦めないでえらい
12:43	ケンフー	ホロライブの事務所だってね
12:44	なぎのこ	えらいじゃん
12:45	Rabbit _539	NASSほんと面白かった
12:45	zale	椎名さんしか送れる人いないでしょ
12:45	デヴィデヴィデヴィ夫人	しいしぃ
12:46	求-矢澤	NASS常に笑った
12:46	博多の塩	それに比べて剣持は...
12:47	ニワシキ	おもちぃなも偶に出て欲しい
12:47	ミカン緋色	優秀
12:48	臼尾志奧	言い逃れ見苦しいぞおもち
12:49	川原太一	みんな楽しみだったんやろうな
